#
# SQL Export
# Created by Querious (996)
# Created: November 18, 2015 at 1:42:30 PM EAT
# Encoding: Unicode (UTF-8)
#


DROP DATABASE IF EXISTS `votingsystem`;
CREATE DATABASE `votingsystem` DEFAULT CHARACTER SET latin1 DEFAULT COLLATE latin1_swedish_ci;




DROP TABLE IF EXISTS `wards`;
DROP TABLE IF EXISTS `votes`;
DROP TABLE IF EXISTS `voters`;
DROP TABLE IF EXISTS `smslogger_loggedmessage`;
DROP TABLE IF EXISTS `posts`;
DROP TABLE IF EXISTS `scopes`;
DROP TABLE IF EXISTS `polling_stations`;
DROP TABLE IF EXISTS `parties`;
DROP TABLE IF EXISTS `delegates`;
DROP TABLE IF EXISTS `elections`;
DROP TABLE IF EXISTS `constituencies`;
DROP TABLE IF EXISTS `counties`;
DROP TABLE IF EXISTS `ab_view_menu`;
DROP TABLE IF EXISTS `ab_user_role`;
DROP TABLE IF EXISTS `ab_user`;
DROP TABLE IF EXISTS `ab_role`;
DROP TABLE IF EXISTS `ab_register_user`;
DROP TABLE IF EXISTS `ab_permission_view_role`;
DROP TABLE IF EXISTS `ab_permission_view`;
DROP TABLE IF EXISTS `ab_permission`;


CREATE TABLE `ab_permission` (
  `id` int(11) NOT NULL AUTO_INCREMENT,
  `name` varchar(100) NOT NULL,
  PRIMARY KEY (`id`),
  UNIQUE KEY `name` (`name`)
) ENGINE=InnoDB AUTO_INCREMENT=22 DEFAULT CHARSET=latin1;


CREATE TABLE `ab_permission_view` (
  `id` int(11) NOT NULL AUTO_INCREMENT,
  `permission_id` int(11) DEFAULT NULL,
  `view_menu_id` int(11) DEFAULT NULL,
  PRIMARY KEY (`id`),
  KEY `permission_id` (`permission_id`),
  KEY `view_menu_id` (`view_menu_id`),
  CONSTRAINT `ab_permission_view_ibfk_1` FOREIGN KEY (`permission_id`) REFERENCES `ab_permission` (`id`),
  CONSTRAINT `ab_permission_view_ibfk_2` FOREIGN KEY (`view_menu_id`) REFERENCES `ab_view_menu` (`id`)
) ENGINE=InnoDB AUTO_INCREMENT=116 DEFAULT CHARSET=latin1;


CREATE TABLE `ab_permission_view_role` (
  `id` int(11) NOT NULL AUTO_INCREMENT,
  `permission_view_id` int(11) DEFAULT NULL,
  `role_id` int(11) DEFAULT NULL,
  PRIMARY KEY (`id`),
  KEY `permission_view_id` (`permission_view_id`),
  KEY `role_id` (`role_id`),
  CONSTRAINT `ab_permission_view_role_ibfk_1` FOREIGN KEY (`permission_view_id`) REFERENCES `ab_permission_view` (`id`),
  CONSTRAINT `ab_permission_view_role_ibfk_2` FOREIGN KEY (`role_id`) REFERENCES `ab_role` (`id`)
) ENGINE=InnoDB AUTO_INCREMENT=116 DEFAULT CHARSET=latin1;


CREATE TABLE `ab_register_user` (
  `id` int(11) NOT NULL AUTO_INCREMENT,
  `first_name` varchar(64) NOT NULL,
  `last_name` varchar(64) NOT NULL,
  `username` varchar(32) NOT NULL,
  `password` varchar(256) DEFAULT NULL,
  `email` varchar(64) NOT NULL,
  `registration_date` datetime DEFAULT NULL,
  `registration_hash` varchar(256) DEFAULT NULL,
  PRIMARY KEY (`id`),
  UNIQUE KEY `username` (`username`)
) ENGINE=InnoDB DEFAULT CHARSET=latin1;


CREATE TABLE `ab_role` (
  `id` int(11) NOT NULL AUTO_INCREMENT,
  `name` varchar(64) NOT NULL,
  PRIMARY KEY (`id`),
  UNIQUE KEY `name` (`name`)
) ENGINE=InnoDB AUTO_INCREMENT=3 DEFAULT CHARSET=latin1;


CREATE TABLE `ab_user` (
  `id` int(11) NOT NULL AUTO_INCREMENT,
  `first_name` varchar(64) NOT NULL,
  `last_name` varchar(64) NOT NULL,
  `username` varchar(32) NOT NULL,
  `password` varchar(256) DEFAULT NULL,
  `active` tinyint(1) DEFAULT NULL,
  `email` varchar(64) NOT NULL,
  `last_login` datetime DEFAULT NULL,
  `login_count` int(11) DEFAULT NULL,
  `fail_login_count` int(11) DEFAULT NULL,
  `created_on` datetime DEFAULT NULL,
  `changed_on` datetime DEFAULT NULL,
  `created_by_fk` int(11) DEFAULT NULL,
  `changed_by_fk` int(11) DEFAULT NULL,
  PRIMARY KEY (`id`),
  UNIQUE KEY `username` (`username`),
  UNIQUE KEY `email` (`email`),
  KEY `created_by_fk` (`created_by_fk`),
  KEY `changed_by_fk` (`changed_by_fk`),
  CONSTRAINT `ab_user_ibfk_1` FOREIGN KEY (`created_by_fk`) REFERENCES `ab_user` (`id`),
  CONSTRAINT `ab_user_ibfk_2` FOREIGN KEY (`changed_by_fk`) REFERENCES `ab_user` (`id`)
) ENGINE=InnoDB AUTO_INCREMENT=2 DEFAULT CHARSET=latin1;


CREATE TABLE `ab_user_role` (
  `id` int(11) NOT NULL AUTO_INCREMENT,
  `user_id` int(11) DEFAULT NULL,
  `role_id` int(11) DEFAULT NULL,
  PRIMARY KEY (`id`),
  KEY `user_id` (`user_id`),
  KEY `role_id` (`role_id`),
  CONSTRAINT `ab_user_role_ibfk_1` FOREIGN KEY (`user_id`) REFERENCES `ab_user` (`id`),
  CONSTRAINT `ab_user_role_ibfk_2` FOREIGN KEY (`role_id`) REFERENCES `ab_role` (`id`)
) ENGINE=InnoDB AUTO_INCREMENT=2 DEFAULT CHARSET=latin1;


CREATE TABLE `ab_view_menu` (
  `id` int(11) NOT NULL AUTO_INCREMENT,
  `name` varchar(100) NOT NULL,
  PRIMARY KEY (`id`),
  UNIQUE KEY `name` (`name`)
) ENGINE=InnoDB AUTO_INCREMENT=51 DEFAULT CHARSET=latin1;


CREATE TABLE `counties` (
  `created_on` datetime NOT NULL,
  `changed_on` datetime NOT NULL,
  `id` int(11) NOT NULL AUTO_INCREMENT,
  `name` varchar(255) NOT NULL,
  `changed_by_fk` int(11) NOT NULL,
  `created_by_fk` int(11) NOT NULL,
  PRIMARY KEY (`id`),
  KEY `changed_by_fk` (`changed_by_fk`),
  KEY `created_by_fk` (`created_by_fk`),
  KEY `ix_counties_name` (`name`),
  CONSTRAINT `counties_ibfk_1` FOREIGN KEY (`changed_by_fk`) REFERENCES `ab_user` (`id`),
  CONSTRAINT `counties_ibfk_2` FOREIGN KEY (`created_by_fk`) REFERENCES `ab_user` (`id`)
) ENGINE=InnoDB AUTO_INCREMENT=48 DEFAULT CHARSET=latin1;


CREATE TABLE `constituencies` (
  `created_on` datetime NOT NULL,
  `changed_on` datetime NOT NULL,
  `id` int(11) NOT NULL AUTO_INCREMENT,
  `name` varchar(255) NOT NULL,
  `county_id` int(11) NOT NULL,
  `changed_by_fk` int(11) NOT NULL,
  `created_by_fk` int(11) NOT NULL,
  PRIMARY KEY (`id`),
  KEY `changed_by_fk` (`changed_by_fk`),
  KEY `created_by_fk` (`created_by_fk`),
  KEY `ix_constituencies_county_id` (`county_id`),
  CONSTRAINT `constituencies_ibfk_1` FOREIGN KEY (`county_id`) REFERENCES `counties` (`id`),
  CONSTRAINT `constituencies_ibfk_2` FOREIGN KEY (`changed_by_fk`) REFERENCES `ab_user` (`id`),
  CONSTRAINT `constituencies_ibfk_3` FOREIGN KEY (`created_by_fk`) REFERENCES `ab_user` (`id`)
) ENGINE=InnoDB AUTO_INCREMENT=292 DEFAULT CHARSET=latin1;


CREATE TABLE `elections` (
  `created_on` datetime NOT NULL,
  `changed_on` datetime NOT NULL,
  `id` int(11) NOT NULL AUTO_INCREMENT,
  `name` varchar(255) NOT NULL,
  `uuid` varchar(50) DEFAULT NULL,
  `is_approved` tinyint(1) DEFAULT NULL,
  `voting_starts_at_date` datetime DEFAULT NULL,
  `voting_ends_at_date` datetime DEFAULT NULL,
  `approved_at_date` datetime DEFAULT NULL,
  `result_tallied_at_date` datetime DEFAULT NULL,
  `ward_id` int(11) DEFAULT NULL,
  `post_id` int(11) NOT NULL,
  `changed_by_fk` int(11) NOT NULL,
  `created_by_fk` int(11) NOT NULL,
  PRIMARY KEY (`id`),
  UNIQUE KEY `uuid` (`uuid`),
  KEY `changed_by_fk` (`changed_by_fk`),
  KEY `created_by_fk` (`created_by_fk`),
  KEY `ix_elections_name` (`name`),
  KEY `ix_elections_ward_id` (`ward_id`),
  KEY `ix_elections_post_id` (`post_id`),
  CONSTRAINT `elections_ibfk_1` FOREIGN KEY (`post_id`) REFERENCES `posts` (`id`),
  CONSTRAINT `elections_ibfk_2` FOREIGN KEY (`changed_by_fk`) REFERENCES `ab_user` (`id`),
  CONSTRAINT `elections_ibfk_3` FOREIGN KEY (`created_by_fk`) REFERENCES `ab_user` (`id`)
) ENGINE=InnoDB AUTO_INCREMENT=9 DEFAULT CHARSET=latin1;


CREATE TABLE `delegates` (
  `created_on` datetime NOT NULL,
  `changed_on` datetime NOT NULL,
  `id` int(11) NOT NULL AUTO_INCREMENT,
  `delegate` int(11) NOT NULL,
  `photo` text,
  `candidate_key` varchar(50) DEFAULT NULL,
  `election_id` int(11) NOT NULL,
  `changed_by_fk` int(11) NOT NULL,
  `created_by_fk` int(11) NOT NULL,
  PRIMARY KEY (`id`),
  UNIQUE KEY `delegate` (`delegate`,`election_id`),
  UNIQUE KEY `ix_delegates_candidate_key` (`candidate_key`),
  KEY `changed_by_fk` (`changed_by_fk`),
  KEY `created_by_fk` (`created_by_fk`),
  KEY `ix_delegates_delegate` (`delegate`),
  KEY `ix_delegates_election_id` (`election_id`),
  CONSTRAINT `delegates_ibfk_1` FOREIGN KEY (`delegate`) REFERENCES `voters` (`id`),
  CONSTRAINT `delegates_ibfk_2` FOREIGN KEY (`election_id`) REFERENCES `elections` (`id`),
  CONSTRAINT `delegates_ibfk_3` FOREIGN KEY (`changed_by_fk`) REFERENCES `ab_user` (`id`),
  CONSTRAINT `delegates_ibfk_4` FOREIGN KEY (`created_by_fk`) REFERENCES `ab_user` (`id`)
) ENGINE=InnoDB AUTO_INCREMENT=10 DEFAULT CHARSET=latin1;


CREATE TABLE `parties` (
  `created_on` datetime NOT NULL,
  `changed_on` datetime NOT NULL,
  `id` int(11) NOT NULL AUTO_INCREMENT,
  `name` varchar(255) NOT NULL,
  `short_name` varchar(255) DEFAULT NULL,
  `motto` varchar(50) DEFAULT NULL,
  `address` tinytext NOT NULL,
  `office_phone` varchar(20) DEFAULT NULL,
  `office_mobile` varchar(50) DEFAULT NULL,
  `website` varchar(50) DEFAULT NULL,
  `changed_by_fk` int(11) NOT NULL,
  `created_by_fk` int(11) NOT NULL,
  PRIMARY KEY (`id`),
  UNIQUE KEY `id` (`id`),
  UNIQUE KEY `name` (`name`),
  UNIQUE KEY `short_name` (`short_name`),
  UNIQUE KEY `motto` (`motto`),
  KEY `changed_by_fk` (`changed_by_fk`),
  KEY `created_by_fk` (`created_by_fk`),
  CONSTRAINT `parties_ibfk_1` FOREIGN KEY (`changed_by_fk`) REFERENCES `ab_user` (`id`),
  CONSTRAINT `parties_ibfk_2` FOREIGN KEY (`created_by_fk`) REFERENCES `ab_user` (`id`)
) ENGINE=InnoDB AUTO_INCREMENT=2 DEFAULT CHARSET=latin1;


CREATE TABLE `polling_stations` (
  `id` int(11) NOT NULL AUTO_INCREMENT,
  `code` varchar(255) NOT NULL,
  `name` varchar(255) NOT NULL,
  `ward_id` int(11) NOT NULL,
  PRIMARY KEY (`id`),
  KEY `ix_polling_stations_ward_id` (`ward_id`),
  CONSTRAINT `polling_stations_ibfk_1` FOREIGN KEY (`ward_id`) REFERENCES `wards` (`id`)
) ENGINE=InnoDB DEFAULT CHARSET=latin1;


CREATE TABLE `scopes` (
  `created_on` datetime NOT NULL,
  `changed_on` datetime NOT NULL,
  `id` int(11) NOT NULL AUTO_INCREMENT,
  `name` varchar(255) NOT NULL,
  `changed_by_fk` int(11) NOT NULL,
  `created_by_fk` int(11) NOT NULL,
  PRIMARY KEY (`id`),
  UNIQUE KEY `id` (`id`),
  KEY `changed_by_fk` (`changed_by_fk`),
  KEY `created_by_fk` (`created_by_fk`),
  CONSTRAINT `scopes_ibfk_1` FOREIGN KEY (`changed_by_fk`) REFERENCES `ab_user` (`id`),
  CONSTRAINT `scopes_ibfk_2` FOREIGN KEY (`created_by_fk`) REFERENCES `ab_user` (`id`)
) ENGINE=InnoDB AUTO_INCREMENT=5 DEFAULT CHARSET=latin1;


CREATE TABLE `posts` (
  `created_on` datetime NOT NULL,
  `changed_on` datetime NOT NULL,
  `id` int(11) NOT NULL AUTO_INCREMENT,
  `name` varchar(255) NOT NULL,
  `scope_id` int(11) NOT NULL,
  `changed_by_fk` int(11) NOT NULL,
  `created_by_fk` int(11) NOT NULL,
  PRIMARY KEY (`id`),
  KEY `changed_by_fk` (`changed_by_fk`),
  KEY `created_by_fk` (`created_by_fk`),
  KEY `ix_posts_scope_id` (`scope_id`),
  CONSTRAINT `posts_ibfk_1` FOREIGN KEY (`scope_id`) REFERENCES `scopes` (`id`),
  CONSTRAINT `posts_ibfk_2` FOREIGN KEY (`changed_by_fk`) REFERENCES `ab_user` (`id`),
  CONSTRAINT `posts_ibfk_3` FOREIGN KEY (`created_by_fk`) REFERENCES `ab_user` (`id`)
) ENGINE=InnoDB AUTO_INCREMENT=7 DEFAULT CHARSET=latin1;


CREATE TABLE `smslogger_loggedmessage` (
  `id` int(11) NOT NULL AUTO_INCREMENT,
  `date` datetime NOT NULL,
  `direction` varchar(1) NOT NULL,
  `text` text NOT NULL,
  `identity` varchar(100) NOT NULL,
  `status` varchar(32) DEFAULT NULL,
  `response_to_id` int(11) DEFAULT NULL,
  PRIMARY KEY (`id`),
  KEY `ix_smslogger_loggedmessage_response_to_id` (`response_to_id`),
  CONSTRAINT `smslogger_loggedmessage_ibfk_1` FOREIGN KEY (`response_to_id`) REFERENCES `smslogger_loggedmessage` (`id`)
) ENGINE=InnoDB DEFAULT CHARSET=latin1;


CREATE TABLE `voters` (
  `id` int(11) NOT NULL AUTO_INCREMENT,
  `first_name` varchar(128) NOT NULL DEFAULT '',
  `middle_name` varchar(128) DEFAULT NULL,
  `last_name` varchar(128) NOT NULL DEFAULT '',
  `gender` varchar(50) NOT NULL,
  `telephone` varchar(50) DEFAULT NULL,
  `email` varchar(50) DEFAULT NULL,
  `vote_mobile` tinyint(1) DEFAULT NULL,
  `voter_pin` varchar(50) DEFAULT NULL,
  `document_type` varchar(2) NOT NULL,
  `document_number` varchar(50) NOT NULL,
  `date_of_birth` date NOT NULL,
  `ward_id` int(11) DEFAULT NULL,
  PRIMARY KEY (`id`),
  UNIQUE KEY `document_type` (`document_type`,`document_number`),
  UNIQUE KEY `document_number` (`document_number`),
  KEY `ward_id` (`ward_id`),
  CONSTRAINT `voters_ibfk_1` FOREIGN KEY (`ward_id`) REFERENCES `wards` (`id`)
) ENGINE=InnoDB AUTO_INCREMENT=2608 DEFAULT CHARSET=latin1;


CREATE TABLE `votes` (
  `id` int(11) NOT NULL AUTO_INCREMENT,
  `candidate_id` int(11) NOT NULL,
  `voter_id` int(11) NOT NULL,
  `created_on` datetime NOT NULL,
  `election_id` int(11) NOT NULL,
  PRIMARY KEY (`id`),
  UNIQUE KEY `candidate_id` (`candidate_id`,`voter_id`,`election_id`),
  UNIQUE KEY `voter_id` (`voter_id`,`election_id`),
  KEY `ix_votes_voter_id` (`voter_id`),
  KEY `ix_votes_candidate_id` (`candidate_id`),
  KEY `ix_votes_election_id` (`election_id`),
  CONSTRAINT `votes_ibfk_1` FOREIGN KEY (`candidate_id`) REFERENCES `delegates` (`id`),
  CONSTRAINT `votes_ibfk_2` FOREIGN KEY (`voter_id`) REFERENCES `voters` (`id`),
  CONSTRAINT `votes_ibfk_3` FOREIGN KEY (`election_id`) REFERENCES `elections` (`id`)
) ENGINE=InnoDB DEFAULT CHARSET=latin1;


CREATE TABLE `wards` (
  `created_on` datetime NOT NULL,
  `changed_on` datetime NOT NULL,
  `id` int(11) NOT NULL AUTO_INCREMENT,
  `name` varchar(255) NOT NULL,
  `constituency_id` int(11) NOT NULL,
  `changed_by_fk` int(11) NOT NULL,
  `created_by_fk` int(11) NOT NULL,
  PRIMARY KEY (`id`),
  KEY `changed_by_fk` (`changed_by_fk`),
  KEY `created_by_fk` (`created_by_fk`),
  KEY `ix_wards_constituency_id` (`constituency_id`),
  CONSTRAINT `wards_ibfk_1` FOREIGN KEY (`constituency_id`) REFERENCES `constituencies` (`id`),
  CONSTRAINT `wards_ibfk_2` FOREIGN KEY (`changed_by_fk`) REFERENCES `ab_user` (`id`),
  CONSTRAINT `wards_ibfk_3` FOREIGN KEY (`created_by_fk`) REFERENCES `ab_user` (`id`)
) ENGINE=InnoDB AUTO_INCREMENT=1409 DEFAULT CHARSET=latin1;




SET @PREVIOUS_FOREIGN_KEY_CHECKS = @@FOREIGN_KEY_CHECKS;
SET FOREIGN_KEY_CHECKS = 0;


LOCK TABLES `ab_permission` WRITE;
ALTER TABLE `ab_permission` DISABLE KEYS;
INSERT INTO `ab_permission` (`id`, `name`) VALUES
    (8,'can_add'),
    (21,'can_api'),
    (20,'can_area'),
    (14,'can_chart'),
    (5,'can_delete'),
    (6,'can_download'),
    (3,'can_edit'),
    (7,'can_list'),
    (15,'can_method1'),
    (17,'can_method2'),
    (16,'can_result'),
    (19,'can_results'),
    (18,'can_resultx'),
    (9,'can_show'),
    (2,'can_this_form_get'),
    (1,'can_this_form_post'),
    (4,'can_userinfo'),
    (13,'Copy Role'),
    (12,'menu_access'),
    (10,'resetmypassword'),
    (11,'resetpasswords');
ALTER TABLE `ab_permission` ENABLE KEYS;
UNLOCK TABLES;


LOCK TABLES `ab_permission_view` WRITE;
ALTER TABLE `ab_permission_view` DISABLE KEYS;
INSERT INTO `ab_permission_view` (`id`, `permission_id`, `view_menu_id`) VALUES
    (1,1,4),
    (2,2,4),
    (3,1,5),
    (4,2,5),
    (5,3,7),
    (6,4,7),
    (7,5,7),
    (8,6,7),
    (9,7,7),
    (10,8,7),
    (11,9,7),
    (12,10,7),
    (13,11,7),
    (14,12,8),
    (15,12,9),
    (16,3,10),
    (17,5,10),
    (18,6,10),
    (19,7,10),
    (20,8,10),
    (21,9,10),
    (22,13,10),
    (23,12,11),
    (24,14,12),
    (25,12,13),
    (26,7,14),
    (27,12,15),
    (28,7,16),
    (29,12,17),
    (30,7,18),
    (31,12,19),
    (33,3,21),
    (34,5,21),
    (35,6,21),
    (36,7,21),
    (37,8,21),
    (38,9,21),
    (39,12,22),
    (40,12,23),
    (41,3,24),
    (42,5,24),
    (43,6,24),
    (44,7,24),
    (45,8,24),
    (46,9,24),
    (47,12,25),
    (48,3,26),
    (49,5,26),
    (50,6,26),
    (51,7,26),
    (52,8,26),
    (53,9,26),
    (54,12,27),
    (55,3,28),
    (56,5,28),
    (57,6,28),
    (58,7,28),
    (59,8,28),
    (60,9,28),
    (61,12,29),
    (62,3,30),
    (63,5,30),
    (64,6,30),
    (65,7,30),
    (66,8,30),
    (67,9,30),
    (68,12,31),
    (69,3,32),
    (70,5,32),
    (71,6,32),
    (72,7,32),
    (73,8,32),
    (74,9,32),
    (75,12,33),
    (76,3,34),
    (77,5,34),
    (78,6,34),
    (79,7,34),
    (80,8,34),
    (81,9,34),
    (82,12,35),
    (83,3,36),
    (84,5,36),
    (85,6,36),
    (86,7,36),
    (87,8,36),
    (88,9,36),
    (89,12,37),
    (90,3,38),
    (91,5,38),
    (92,6,38),
    (93,7,38),
    (94,8,38),
    (95,9,38),
    (96,12,39),
    (97,3,40),
    (98,5,40),
    (99,6,40),
    (100,7,40),
    (101,8,40),
    (102,9,40),
    (103,12,41),
    (104,14,42),
    (105,12,43),
    (106,12,44),
    (107,14,45),
    (108,12,46),
    (109,12,48),
    (110,12,49),
    (115,19,20);
ALTER TABLE `ab_permission_view` ENABLE KEYS;
UNLOCK TABLES;


LOCK TABLES `ab_permission_view_role` WRITE;
ALTER TABLE `ab_permission_view_role` DISABLE KEYS;
INSERT INTO `ab_permission_view_role` (`id`, `permission_view_id`, `role_id`) VALUES
    (1,1,1),
    (2,2,1),
    (3,3,1),
    (4,4,1),
    (5,5,1),
    (6,6,1),
    (7,7,1),
    (8,8,1),
    (9,9,1),
    (10,10,1),
    (11,11,1),
    (12,12,1),
    (13,13,1),
    (14,14,1),
    (15,15,1),
    (16,16,1),
    (17,17,1),
    (18,18,1),
    (19,19,1),
    (20,20,1),
    (21,21,1),
    (22,22,1),
    (23,23,1),
    (24,24,1),
    (25,25,1),
    (26,26,1),
    (27,27,1),
    (28,28,1),
    (29,29,1),
    (30,30,1),
    (31,31,1),
    (33,33,1),
    (34,34,1),
    (35,35,1),
    (36,36,1),
    (37,37,1),
    (38,38,1),
    (39,39,1),
    (40,40,1),
    (41,41,1),
    (42,42,1),
    (43,43,1),
    (44,44,1),
    (45,45,1),
    (46,46,1),
    (47,47,1),
    (48,48,1),
    (49,49,1),
    (50,50,1),
    (51,51,1),
    (52,52,1),
    (53,53,1),
    (54,54,1),
    (55,55,1),
    (56,56,1),
    (57,57,1),
    (58,58,1),
    (59,59,1),
    (60,60,1),
    (61,61,1),
    (62,62,1),
    (63,63,1),
    (64,64,1),
    (65,65,1),
    (66,66,1),
    (67,67,1),
    (68,68,1),
    (69,69,1),
    (70,70,1),
    (71,71,1),
    (72,72,1),
    (73,73,1),
    (74,74,1),
    (75,75,1),
    (76,76,1),
    (77,77,1),
    (78,78,1),
    (79,79,1),
    (80,80,1),
    (81,81,1),
    (82,82,1),
    (83,83,1),
    (84,84,1),
    (85,85,1),
    (86,86,1),
    (87,87,1),
    (88,88,1),
    (89,89,1),
    (90,90,1),
    (91,91,1),
    (92,92,1),
    (93,93,1),
    (94,94,1),
    (95,95,1),
    (96,96,1),
    (97,97,1),
    (98,98,1),
    (99,99,1),
    (100,100,1),
    (101,101,1),
    (102,102,1),
    (103,103,1),
    (104,104,1),
    (105,105,1),
    (106,106,1),
    (107,107,1),
    (108,108,1),
    (109,109,1),
    (110,110,1),
    (115,115,1);
ALTER TABLE `ab_permission_view_role` ENABLE KEYS;
UNLOCK TABLES;


LOCK TABLES `ab_register_user` WRITE;
ALTER TABLE `ab_register_user` DISABLE KEYS;
ALTER TABLE `ab_register_user` ENABLE KEYS;
UNLOCK TABLES;


LOCK TABLES `ab_role` WRITE;
ALTER TABLE `ab_role` DISABLE KEYS;
INSERT INTO `ab_role` (`id`, `name`) VALUES
    (1,'Admin'),
    (2,'Public');
ALTER TABLE `ab_role` ENABLE KEYS;
UNLOCK TABLES;


LOCK TABLES `ab_user` WRITE;
ALTER TABLE `ab_user` DISABLE KEYS;
INSERT INTO `ab_user` (`id`, `first_name`, `last_name`, `username`, `password`, `active`, `email`, `last_login`, `login_count`, `fail_login_count`, `created_on`, `changed_on`, `created_by_fk`, `changed_by_fk`) VALUES
    (1,'admin','admin','admin','pbkdf2:sha1:1000$xayYD5q2$e835bb7fa17457673f370bec4489ea28cda47057',1,'mose.kate@gmail.com','2015-06-21 13:35:05',4,0,'2015-04-27 17:44:59','2015-04-27 17:44:59',NULL,NULL);
ALTER TABLE `ab_user` ENABLE KEYS;
UNLOCK TABLES;


LOCK TABLES `ab_user_role` WRITE;
ALTER TABLE `ab_user_role` DISABLE KEYS;
INSERT INTO `ab_user_role` (`id`, `user_id`, `role_id`) VALUES
    (1,1,1);
ALTER TABLE `ab_user_role` ENABLE KEYS;
UNLOCK TABLES;


LOCK TABLES `ab_view_menu` WRITE;
ALTER TABLE `ab_view_menu` DISABLE KEYS;
INSERT INTO `ab_view_menu` (`id`, `name`) VALUES
    (29,' Political Party'),
    (33,' Post'),
    (31,' Scopes'),
    (50,'Api'),
    (6,'AuthDBView'),
    (15,'Base Permissions'),
    (37,'Constituency'),
    (36,'ConstituencyView'),
    (35,'Counties'),
    (34,'CountiesView'),
    (25,'Delegates'),
    (24,'DelegatesView'),
    (48,'Election Results'),
    (27,'Elections'),
    (26,'ElectionView'),
    (1,'IndexView'),
    (11,'List Roles'),
    (8,'List Users'),
    (3,'LocaleView'),
    (49,'Method1'),
    (20,'MyView'),
    (28,'PartyView'),
    (19,'Permission on Views/Menus'),
    (14,'PermissionModelView'),
    (18,'PermissionViewModelView'),
    (32,'PostView'),
    (44,'Reports'),
    (5,'ResetMyPasswordView'),
    (4,'ResetPasswordView'),
    (10,'RoleModelView'),
    (30,'ScopeView'),
    (9,'Security'),
    (23,'Settings'),
    (47,'Sms'),
    (41,'SMS LOGGER'),
    (46,'SMS Report'),
    (40,'SmsloggerView'),
    (45,'SMSReportChartView'),
    (13,'User\'s Statistics'),
    (7,'UserDBModelView'),
    (12,'UserStatsChartView'),
    (2,'UtilView'),
    (16,'ViewMenuModelView'),
    (17,'Views/Menus'),
    (22,'Voters'),
    (43,'Voters Registered'),
    (42,'VotersChartView'),
    (21,'VotersView'),
    (39,'Ward'),
    (38,'WardView');
ALTER TABLE `ab_view_menu` ENABLE KEYS;
UNLOCK TABLES;


LOCK TABLES `counties` WRITE;
ALTER TABLE `counties` DISABLE KEYS;
INSERT INTO `counties` (`created_on`, `changed_on`, `id`, `name`, `changed_by_fk`, `created_by_fk`) VALUES
    ('2015-03-14 22:48:05','2015-03-14 22:48:05',1,'NAIROBI',1,1),
    ('2015-03-14 22:48:05','2015-03-14 22:48:05',2,'MOMBASA',1,1),
    ('2015-03-14 22:48:05','2015-03-14 22:48:05',3,'KWALE',1,1),
    ('2015-03-14 22:48:05','2015-03-14 22:48:05',4,'KILIFI',1,1),
    ('2015-03-14 22:48:05','2015-03-14 22:48:05',5,'TANA RIVER',1,1),
    ('2015-03-14 22:48:05','2015-03-14 22:48:05',6,'LAMU',1,1),
    ('2015-03-14 22:48:05','2015-03-14 22:48:05',7,'TAITA TAVETA',1,1),
    ('2015-03-14 22:48:05','2015-03-14 22:48:05',8,'GARISSA',1,1),
    ('2015-03-14 22:48:05','2015-03-14 22:48:05',9,'WAJIR',1,1),
    ('2015-03-14 22:48:05','2015-03-14 22:48:05',10,'MANDERA',1,1),
    ('2015-03-14 22:48:05','2015-03-14 22:48:05',11,'MARSABIT',1,1),
    ('2015-03-14 22:48:05','2015-03-14 22:48:05',12,'ISIOLO',1,1),
    ('2015-03-14 22:48:05','2015-03-14 22:48:05',13,'MERU',1,1),
    ('2015-03-14 22:48:05','2015-03-14 22:48:05',14,'THARAKA - NITHI',1,1),
    ('2015-03-14 22:48:05','2015-03-14 22:48:05',15,'EMBU',1,1),
    ('2015-03-14 22:48:05','2015-03-14 22:48:05',16,'KITUI',1,1),
    ('2015-03-14 22:48:05','2015-03-14 22:48:05',17,'MACHAKOS',1,1),
    ('2015-03-14 22:48:05','2015-03-14 22:48:05',18,'NYANDARUA',1,1),
    ('2015-03-14 22:48:05','2015-03-14 22:48:05',19,'NYERI',1,1),
    ('2015-03-14 22:48:05','2015-03-14 22:48:05',20,'KIRINYAGA',1,1),
    ('2015-03-14 22:48:05','2015-03-14 22:48:05',21,'MURANG\'A',1,1),
    ('2015-03-14 22:48:05','2015-03-14 22:48:05',22,'KIAMBU',1,1),
    ('2015-03-14 22:48:05','2015-03-14 22:48:05',23,'TURKANA',1,1),
    ('2015-03-14 22:48:05','2015-03-14 22:48:05',24,'WEST POKOT',1,1),
    ('2015-03-14 22:48:05','2015-03-14 22:48:05',25,'SAMBURU',1,1),
    ('2015-03-14 22:48:05','2015-03-14 22:48:05',26,'UASIN GISHU',1,1),
    ('2015-03-14 22:48:05','2015-03-14 22:48:05',27,'ELGEYO/MARAKWET',1,1),
    ('2015-03-14 22:48:05','2015-03-14 22:48:05',28,'NANDI',1,1),
    ('2015-03-14 22:48:05','2015-03-14 22:48:05',29,'BARINGO',1,1),
    ('2015-03-14 22:48:05','2015-03-14 22:48:05',30,'LAIKIPIA',1,1),
    ('2015-03-14 22:48:05','2015-03-14 22:48:05',31,'NAKURU',1,1),
    ('2015-03-14 22:48:05','2015-03-14 22:48:05',32,'NAROK',1,1),
    ('2015-03-14 22:48:05','2015-03-14 22:48:05',33,'KAJIADO',1,1),
    ('2015-03-14 22:48:05','2015-03-14 22:48:05',34,'MAKUENI',1,1),
    ('2015-03-14 22:48:05','2015-03-14 22:48:05',35,'KERICHO',1,1),
    ('2015-03-14 22:48:05','2015-03-14 22:48:05',36,'KAKAMEGA',1,1),
    ('2015-03-14 22:48:05','2015-03-14 22:48:05',37,'VIHIGA',1,1),
    ('2015-03-14 22:48:05','2015-03-14 22:48:05',38,'BUNGOMA',1,1),
    ('2015-03-14 22:48:05','2015-03-14 22:48:05',39,'BUSIA',1,1),
    ('2015-03-14 22:48:05','2015-03-14 22:48:05',40,'SIAYA',1,1),
    ('2015-03-14 22:48:05','2015-03-14 22:48:05',41,'HOMA BAY',1,1),
    ('2015-03-14 22:48:05','2015-03-14 22:48:05',42,'MIGORI',1,1),
    ('2015-03-14 22:48:05','2015-03-14 22:48:05',43,'KISII',1,1),
    ('2015-03-14 22:48:05','2015-03-14 22:48:05',44,'BOMET',1,1),
    ('2015-03-14 22:48:05','2015-03-14 22:48:05',45,'NYAMIRA',1,1),
    ('2015-03-14 22:48:05','2015-03-14 22:48:05',46,'KISUMU',1,1),
    ('2015-03-14 22:48:05','2015-03-14 22:48:05',47,'TRANS NZOIA',1,1);
ALTER TABLE `counties` ENABLE KEYS;
UNLOCK TABLES;


LOCK TABLES `constituencies` WRITE;
ALTER TABLE `constituencies` DISABLE KEYS;
INSERT INTO `constituencies` (`created_on`, `changed_on`, `id`, `name`, `county_id`, `changed_by_fk`, `created_by_fk`) VALUES
    ('2015-03-15 00:19:18','2015-03-15 00:19:18',1,'KAMUKUNJI',1,1,1),
    ('2015-03-15 00:19:18','2015-03-15 00:19:18',2,'WESTLANDS',1,1,1),
    ('2015-03-15 00:19:18','2015-03-15 00:19:18',3,'DAGORETTI NORTH',1,1,1),
    ('2015-03-15 00:19:18','2015-03-15 00:19:18',4,'ROYSAMBU',1,1,1),
    ('2015-03-15 00:19:18','2015-03-15 00:19:18',5,'STAREHE',1,1,1),
    ('2015-03-15 00:19:18','2015-03-15 00:19:18',6,'LANGATA',1,1,1),
    ('2015-03-15 00:19:18','2015-03-15 00:19:18',7,'DAGORETTI SOUTH',1,1,1),
    ('2015-03-15 00:19:18','2015-03-15 00:19:18',8,'KASARANI',1,1,1),
    ('2015-03-15 00:19:18','2015-03-15 00:19:18',9,'RUARAKA',1,1,1),
    ('2015-03-15 00:19:18','2015-03-15 00:19:18',10,'KIBRA',1,1,1),
    ('2015-03-15 00:19:18','2015-03-15 00:19:18',11,'MATHARE',1,1,1),
    ('2015-03-15 00:19:18','2015-03-15 00:19:18',12,'KISAUNI',2,1,1),
    ('2015-03-15 00:19:18','2015-03-15 00:19:18',13,'MVITA',2,1,1),
    ('2015-03-15 00:19:18','2015-03-15 00:19:18',14,'JOMVU',2,1,1),
    ('2015-03-15 00:19:18','2015-03-15 00:19:18',15,'NYALI',2,1,1),
    ('2015-03-15 00:19:18','2015-03-15 00:19:18',16,'LIKONI',2,1,1),
    ('2015-03-15 00:19:18','2015-03-15 00:19:18',17,'KINANGO',3,1,1),
    ('2015-03-15 00:19:18','2015-03-15 00:19:18',18,'MATUGA',3,1,1),
    ('2015-03-15 00:19:18','2015-03-15 00:19:18',19,'LUNGALUNGA',3,1,1),
    ('2015-03-15 00:19:18','2015-03-15 00:19:18',20,'MSAMBWENI',3,1,1),
    ('2015-03-15 00:19:18','2015-03-15 00:19:18',21,'KALOLENI',4,1,1),
    ('2015-03-15 00:19:18','2015-03-15 00:19:18',22,'GANZE',4,1,1),
    ('2015-03-15 00:19:18','2015-03-15 00:19:18',23,'KILIFI NORTH',4,1,1),
    ('2015-03-15 00:19:18','2015-03-15 00:19:18',24,'KILIFI SOUTH',4,1,1),
    ('2015-03-15 00:19:18','2015-03-15 00:19:18',25,'MAGARINI',4,1,1),
    ('2015-03-15 00:19:18','2015-03-15 00:19:18',26,'RABAI',4,1,1),
    ('2015-03-15 00:19:18','2015-03-15 00:19:18',27,'MALINDI',4,1,1),
    ('2015-03-15 00:19:18','2015-03-15 00:19:18',28,'GALOLE',5,1,1),
    ('2015-03-15 00:19:18','2015-03-15 00:19:18',29,'BURA',5,1,1),
    ('2015-03-15 00:19:18','2015-03-15 00:19:18',30,'GARSEN',5,1,1),
    ('2015-03-15 00:19:18','2015-03-15 00:19:18',31,'LAMU WEST',6,1,1),
    ('2015-03-15 00:19:18','2015-03-15 00:19:18',32,'LAMU EAST',6,1,1),
    ('2015-03-15 00:19:18','2015-03-15 00:19:18',33,'WUNDANYI',7,1,1),
    ('2015-03-15 00:19:18','2015-03-15 00:19:18',34,'VOI',7,1,1),
    ('2015-03-15 00:19:18','2015-03-15 00:19:18',35,'MWATATE',7,1,1),
    ('2015-03-15 00:19:18','2015-03-15 00:19:18',36,'TAVETA',7,1,1),
    ('2015-03-15 00:19:18','2015-03-15 00:19:18',37,'BALAMBALA',8,1,1),
    ('2015-03-15 00:19:18','2015-03-15 00:19:18',38,'IJARA',8,1,1),
    ('2015-03-15 00:19:18','2015-03-15 00:19:18',39,'DADAAB',8,1,1),
    ('2015-03-15 00:19:18','2015-03-15 00:19:18',40,'GARISSA TOWNSHIP',8,1,1),
    ('2015-03-15 00:19:18','2015-03-15 00:19:18',41,'FAFI',8,1,1),
    ('2015-03-15 00:19:18','2015-03-15 00:19:18',42,'LAGDERA',8,1,1),
    ('2015-03-15 00:19:18','2015-03-15 00:19:18',43,'WAJIR WEST',9,1,1),
    ('2015-03-15 00:19:18','2015-03-15 00:19:18',44,'WAJIR NORTH',9,1,1),
    ('2015-03-15 00:19:18','2015-03-15 00:19:18',45,'WAJIR SOUTH',9,1,1),
    ('2015-03-15 00:19:18','2015-03-15 00:19:18',46,'TARBAJ',9,1,1),
    ('2015-03-15 00:19:18','2015-03-15 00:19:18',47,'ELDAS',9,1,1),
    ('2015-03-15 00:19:18','2015-03-15 00:19:18',48,'WAJIR EAST',9,1,1),
    ('2015-03-15 00:19:18','2015-03-15 00:19:18',49,'MANDERA SOUTH',10,1,1),
    ('2015-03-15 00:19:18','2015-03-15 00:19:18',50,'MANDERA NORTH',10,1,1),
    ('2015-03-15 00:19:18','2015-03-15 00:19:18',51,'MANDERA WEST',10,1,1),
    ('2015-03-15 00:19:18','2015-03-15 00:19:18',52,'BANISSA',10,1,1),
    ('2015-03-15 00:19:18','2015-03-15 00:19:18',53,'NORTH HORR',11,1,1),
    ('2015-03-15 00:19:18','2015-03-15 00:19:18',54,'MOYALE',11,1,1),
    ('2015-03-15 00:19:18','2015-03-15 00:19:18',55,'LAISAMIS',11,1,1),
    ('2015-03-15 00:19:18','2015-03-15 00:19:18',56,'SAKU',11,1,1),
    ('2015-03-15 00:19:18','2015-03-15 00:19:18',57,'ISIOLO NORTH',12,1,1),
    ('2015-03-15 00:19:18','2015-03-15 00:19:18',58,'ISIOLO SOUTH',12,1,1),
    ('2015-03-15 00:19:18','2015-03-15 00:19:18',59,'NORTH IMENTI',13,1,1),
    ('2015-03-15 00:19:18','2015-03-15 00:19:18',60,'TIGANIA WEST',13,1,1),
    ('2015-03-15 00:19:18','2015-03-15 00:19:18',61,'SOUTH IMENTI',13,1,1),
    ('2015-03-15 00:19:18','2015-03-15 00:19:18',62,'BUURI',13,1,1),
    ('2015-03-15 00:19:18','2015-03-15 00:19:18',63,'IGEMBE SOUTH',13,1,1),
    ('2015-03-15 00:19:18','2015-03-15 00:19:18',64,'IGEMBE CENTRAL',13,1,1),
    ('2015-03-15 00:19:18','2015-03-15 00:19:18',65,'TIGANIA EAST',13,1,1),
    ('2015-03-15 00:19:18','2015-03-15 00:19:18',66,'CENTRAL IMENTI',13,1,1),
    ('2015-03-15 00:19:18','2015-03-15 00:19:18',67,'IGEMBE NORTH',13,1,1),
    ('2015-03-15 00:19:18','2015-03-15 00:19:18',68,'MAARA',14,1,1),
    ('2015-03-15 00:19:18','2015-03-15 00:19:18',69,'THARAKA',14,1,1),
    ('2015-03-15 00:19:18','2015-03-15 00:19:18',70,'CHUKA/IGAMBANG\'OMBE',14,1,1),
    ('2015-03-15 00:19:18','2015-03-15 00:19:18',71,'RUNYENJES',15,1,1),
    ('2015-03-15 00:19:18','2015-03-15 00:19:18',72,'MBEERE NORTH',15,1,1),
    ('2015-03-15 00:19:18','2015-03-15 00:19:18',73,'MANYATTA',15,1,1),
    ('2015-03-15 00:19:18','2015-03-15 00:19:18',74,'MBEERE SOUTH',15,1,1),
    ('2015-03-15 00:19:18','2015-03-15 00:19:18',75,'KITUI EAST',16,1,1),
    ('2015-03-15 00:19:18','2015-03-15 00:19:18',76,'KITUI WEST',16,1,1),
    ('2015-03-15 00:19:18','2015-03-15 00:19:18',77,'KITUI RURAL',16,1,1),
    ('2015-03-15 00:19:18','2015-03-15 00:19:18',78,'KITUI SOUTH',16,1,1),
    ('2015-03-15 00:19:18','2015-03-15 00:19:18',79,'KITUI CENTRAL',16,1,1),
    ('2015-03-15 00:19:18','2015-03-15 00:19:18',80,'YATTA',17,1,1),
    ('2015-03-15 00:19:18','2015-03-15 00:19:18',81,'MACHAKOS TOWN',17,1,1),
    ('2015-03-15 00:19:18','2015-03-15 00:19:18',82,'MATUNGULU',17,1,1),
    ('2015-03-15 00:19:18','2015-03-15 00:19:18',83,'MWALA',17,1,1),
    ('2015-03-15 00:19:18','2015-03-15 00:19:18',84,'MASINGA',17,1,1),
    ('2015-03-15 00:19:18','2015-03-15 00:19:18',85,'KANGUNDO',17,1,1),
    ('2015-03-15 00:19:18','2015-03-15 00:19:18',86,'MAVOKO',17,1,1),
    ('2015-03-15 00:19:18','2015-03-15 00:19:18',87,'KATHIANI',17,1,1),
    ('2015-03-15 00:19:18','2015-03-15 00:19:18',88,'KIPIPIRI',18,1,1),
    ('2015-03-15 00:19:18','2015-03-15 00:19:18',89,'KINANGOP',18,1,1),
    ('2015-03-15 00:19:18','2015-03-15 00:19:18',90,'NDARAGWA',18,1,1),
    ('2015-03-15 00:19:18','2015-03-15 00:19:18',91,'KIENI',19,1,1),
    ('2015-03-15 00:19:18','2015-03-15 00:19:18',92,'MATHIRA',19,1,1),
    ('2015-03-15 00:19:18','2015-03-15 00:19:18',93,'OTHAYA',19,1,1),
    ('2015-03-15 00:19:18','2015-03-15 00:19:18',94,'TETU',19,1,1),
    ('2015-03-15 00:19:18','2015-03-15 00:19:18',95,'MUKURWEINI',19,1,1),
    ('2015-03-15 00:19:18','2015-03-15 00:19:18',96,'NYERI TOWN',19,1,1),
    ('2015-03-15 00:19:18','2015-03-15 00:19:18',97,'GICHUGU',20,1,1),
    ('2015-03-15 00:19:18','2015-03-15 00:19:18',98,'KIRINYAGA CENTRAL',20,1,1),
    ('2015-03-15 00:19:18','2015-03-15 00:19:18',99,'NDIA',20,1,1),
    ('2015-03-15 00:19:18','2015-03-15 00:19:18',100,'MWEA',20,1,1),
    ('2015-03-15 00:19:18','2015-03-15 00:19:18',101,'MATHIOYA',21,1,1),
    ('2015-03-15 00:19:18','2015-03-15 00:19:18',102,'KANDARA',21,1,1),
    ('2015-03-15 00:19:18','2015-03-15 00:19:18',103,'MARAGWA',21,1,1),
    ('2015-03-15 00:19:18','2015-03-15 00:19:18',104,'KANGEMA',21,1,1),
    ('2015-03-15 00:19:18','2015-03-15 00:19:18',105,'KIGUMO',21,1,1),
    ('2015-03-15 00:19:18','2015-03-15 00:19:18',106,'KIHARU',21,1,1),
    ('2015-03-15 00:19:18','2015-03-15 00:19:18',107,'GATUNDU NORTH',22,1,1),
    ('2015-03-15 00:19:18','2015-03-15 00:19:18',108,'KABETE',22,1,1),
    ('2015-03-15 00:19:18','2015-03-15 00:19:18',109,'KIAMBAA',22,1,1),
    ('2015-03-15 00:19:18','2015-03-15 00:19:18',110,'GITHUNGURI',22,1,1),
    ('2015-03-15 00:19:18','2015-03-15 00:19:18',111,'THIKA TOWN',22,1,1),
    ('2015-03-15 00:19:18','2015-03-15 00:19:18',112,'GATANGA',21,1,1),
    ('2015-03-15 00:19:18','2015-03-15 00:19:18',113,'KIKUYU',22,1,1),
    ('2015-03-15 00:19:18','2015-03-15 00:19:18',114,'LIMURU',22,1,1),
    ('2015-03-15 00:19:18','2015-03-15 00:19:18',115,'GATUNDU SOUTH',22,1,1),
    ('2015-03-15 00:19:18','2015-03-15 00:19:18',116,'LARI',22,1,1),
    ('2015-03-15 00:19:18','2015-03-15 00:19:18',117,'JUJA',22,1,1),
    ('2015-03-15 00:19:18','2015-03-15 00:19:18',118,'RUIRU',22,1,1),
    ('2015-03-15 00:19:18','2015-03-15 00:19:18',119,'KIAMBU',22,1,1),
    ('2015-03-15 00:19:18','2015-03-15 00:19:18',120,'TURKANA NORTH',23,1,1),
    ('2015-03-15 00:19:18','2015-03-15 00:19:18',121,'TURKANA EAST',23,1,1),
    ('2015-03-15 00:19:18','2015-03-15 00:19:18',122,'TURKANA CENTRAL',23,1,1),
    ('2015-03-15 00:19:18','2015-03-15 00:19:18',123,'TURKANA WEST',23,1,1),
    ('2015-03-15 00:19:18','2015-03-15 00:19:18',124,'LOIMA',23,1,1),
    ('2015-03-15 00:19:18','2015-03-15 00:19:18',125,'TURKANA SOUTH',23,1,1),
    ('2015-03-15 00:19:18','2015-03-15 00:19:18',126,'KAPENGURIA',24,1,1),
    ('2015-03-15 00:19:18','2015-03-15 00:19:18',127,'SIGOR',24,1,1),
    ('2015-03-15 00:19:18','2015-03-15 00:19:18',128,'KACHELIBA',24,1,1),
    ('2015-03-15 00:19:18','2015-03-15 00:19:18',129,'POKOT SOUTH',24,1,1),
    ('2015-03-15 00:19:18','2015-03-15 00:19:18',130,'MARAKWET WEST',24,1,1),
    ('2015-03-15 00:19:18','2015-03-15 00:19:18',131,'SAMBURU NORTH',25,1,1),
    ('2015-03-15 00:19:18','2015-03-15 00:19:18',132,'SAMBURU WEST',25,1,1),
    ('2015-03-15 00:19:18','2015-03-15 00:19:18',133,'SAMBURU EAST',25,1,1),
    ('2015-03-15 00:19:18','2015-03-15 00:19:18',134,'AINABKOI',26,1,1),
    ('2015-03-15 00:19:18','2015-03-15 00:19:18',135,'MOIBEN',26,1,1),
    ('2015-03-15 00:19:18','2015-03-15 00:19:18',136,'SOY',26,1,1),
    ('2015-03-15 00:19:18','2015-03-15 00:19:18',137,'TURBO',26,1,1),
    ('2015-03-15 00:19:18','2015-03-15 00:19:18',138,'KESSES',26,1,1),
    ('2015-03-15 00:19:18','2015-03-15 00:19:18',139,'KAPSERET',26,1,1),
    ('2015-03-15 00:19:18','2015-03-15 00:19:18',140,'MARAKWET EAST',27,1,1),
    ('2015-03-15 00:19:18','2015-03-15 00:19:18',141,'KEIYO NORTH',27,1,1),
    ('2015-03-15 00:19:18','2015-03-15 00:19:18',142,'KEIYO SOUTH',27,1,1),
    ('2015-03-15 00:19:18','2015-03-15 00:19:18',143,'MOSOP',28,1,1),
    ('2015-03-15 00:19:18','2015-03-15 00:19:18',144,'NANDI HILLS',28,1,1),
    ('2015-03-15 00:19:18','2015-03-15 00:19:18',145,'EMGWEN',28,1,1),
    ('2015-03-15 00:19:18','2015-03-15 00:19:18',146,'TINDERET',28,1,1),
    ('2015-03-15 00:19:18','2015-03-15 00:19:18',147,'ALDAI',28,1,1),
    ('2015-03-15 00:19:18','2015-03-15 00:19:18',148,'CHESUMEI',28,1,1),
    ('2015-03-15 00:19:18','2015-03-15 00:19:18',149,'BARINGO CENTRAL',29,1,1),
    ('2015-03-15 00:19:18','2015-03-15 00:19:18',150,'BARINGO  NORTH',29,1,1),
    ('2015-03-15 00:19:18','2015-03-15 00:19:18',151,'MOGOTIO',29,1,1),
    ('2015-03-15 00:19:18','2015-03-15 00:19:18',152,'ELDAMA RAVINE',29,1,1),
    ('2015-03-15 00:19:18','2015-03-15 00:19:18',153,'BARINGO SOUTH',29,1,1),
    ('2015-03-15 00:19:18','2015-03-15 00:19:18',154,'TIATY',29,1,1),
    ('2015-03-15 00:19:18','2015-03-15 00:19:18',155,'LAIKIPIA NORTH',30,1,1),
    ('2015-03-15 00:19:18','2015-03-15 00:19:18',156,'SUBUKIA',31,1,1),
    ('2015-03-15 00:19:18','2015-03-15 00:19:18',157,'KURESOI SOUTH',31,1,1),
    ('2015-03-15 00:19:18','2015-03-15 00:19:18',158,'NJORO',31,1,1),
    ('2015-03-15 00:19:18','2015-03-15 00:19:18',159,'NAKURU TOWN EAST',31,1,1),
    ('2015-03-15 00:19:18','2015-03-15 00:19:18',160,'RONGAI',31,1,1),
    ('2015-03-15 00:19:18','2015-03-15 00:19:18',161,'NAIVASHA',31,1,1),
    ('2015-03-15 00:19:18','2015-03-15 00:19:18',162,'GILGIL',31,1,1),
    ('2015-03-15 00:19:18','2015-03-15 00:19:18',163,'NAKURU TOWN WEST',31,1,1),
    ('2015-03-15 00:19:18','2015-03-15 00:19:18',164,'KURESOI NORTH',31,1,1),
    ('2015-03-15 00:19:18','2015-03-15 00:19:18',165,'MOLO',31,1,1),
    ('2015-03-15 00:19:18','2015-03-15 00:19:18',166,'BAHATI',31,1,1),
    ('2015-03-15 00:19:18','2015-03-15 00:19:18',167,'NAROK SOUTH',32,1,1),
    ('2015-03-15 00:19:18','2015-03-15 00:19:18',168,'NAROK NORTH',32,1,1),
    ('2015-03-15 00:19:18','2015-03-15 00:19:18',169,'KILGORIS',32,1,1),
    ('2015-03-15 00:19:18','2015-03-15 00:19:18',170,'NAROK WEST',32,1,1),
    ('2015-03-15 00:19:18','2015-03-15 00:19:18',171,'EMURUA DIKIRR',32,1,1),
    ('2015-03-15 00:19:18','2015-03-15 00:19:18',172,'NAROK EAST',32,1,1),
    ('2015-03-15 00:19:18','2015-03-15 00:19:18',173,'KAJIADO CENTRAL',33,1,1),
    ('2015-03-15 00:19:18','2015-03-15 00:19:18',174,'KAJIADO WEST',33,1,1),
    ('2015-03-15 00:19:18','2015-03-15 00:19:18',175,'KAJIADO EAST',33,1,1),
    ('2015-03-15 00:19:18','2015-03-15 00:19:18',176,'KAJIADO SOUTH',33,1,1),
    ('2015-03-15 00:19:18','2015-03-15 00:19:18',177,'KAJIADO NORTH',33,1,1),
    ('2015-03-15 00:19:18','2015-03-15 00:19:18',178,'KIBWEZI WEST',34,1,1),
    ('2015-03-15 00:19:18','2015-03-15 00:19:18',179,'MBOONI',34,1,1),
    ('2015-03-15 00:19:18','2015-03-15 00:19:18',180,'MAKUENI',34,1,1),
    ('2015-03-15 00:19:18','2015-03-15 00:19:18',181,'KAITI',34,1,1),
    ('2015-03-15 00:19:18','2015-03-15 00:19:18',182,'KILOME',34,1,1),
    ('2015-03-15 00:19:18','2015-03-15 00:19:18',183,'KIBWEZI EAST',34,1,1),
    ('2015-03-15 00:19:18','2015-03-15 00:19:18',184,'BELGUT',35,1,1),
    ('2015-03-15 00:19:18','2015-03-15 00:19:18',185,'KIPKELION WEST',35,1,1),
    ('2015-03-15 00:19:18','2015-03-15 00:19:18',186,'SIGOWET/SOIN',35,1,1),
    ('2015-03-15 00:19:18','2015-03-15 00:19:18',187,'KIPKELION EAST',35,1,1),
    ('2015-03-15 00:19:18','2015-03-15 00:19:18',188,'AINAMOI',35,1,1),
    ('2015-03-15 00:19:18','2015-03-15 00:19:18',189,'KONOIN',44,1,1),
    ('2015-03-15 00:19:18','2015-03-15 00:19:18',190,'SHINYALU',36,1,1),
    ('2015-03-15 00:19:18','2015-03-15 00:19:18',191,'MATUNGU',36,1,1),
    ('2015-03-15 00:19:18','2015-03-15 00:19:18',192,'BUTERE',36,1,1),
    ('2015-03-15 00:19:18','2015-03-15 00:19:18',193,'KHWISERO',36,1,1),
    ('2015-03-15 00:19:18','2015-03-15 00:19:18',194,'MALAVA',36,1,1),
    ('2015-03-15 00:19:18','2015-03-15 00:19:18',195,'IKOLOMANI',36,1,1),
    ('2015-03-15 00:19:18','2015-03-15 00:19:18',196,'LURAMBI',36,1,1),
    ('2015-03-15 00:19:18','2015-03-15 00:19:18',197,'MUMIAS WEST',36,1,1),
    ('2015-03-15 00:19:18','2015-03-15 00:19:18',198,'NAVAKHOLO',36,1,1),
    ('2015-03-15 00:19:18','2015-03-15 00:19:18',199,'MUMIAS EAST',36,1,1),
    ('2015-03-15 00:19:18','2015-03-15 00:19:18',200,'HAMISI',37,1,1),
    ('2015-03-15 00:19:18','2015-03-15 00:19:18',201,'SABATIA',37,1,1),
    ('2015-03-15 00:19:18','2015-03-15 00:19:18',202,'LUANDA',37,1,1),
    ('2015-03-15 00:19:18','2015-03-15 00:19:18',203,'VIHIGA',37,1,1),
    ('2015-03-15 00:19:18','2015-03-15 00:19:18',204,'EMUHAYA',37,1,1),
    ('2015-03-15 00:19:18','2015-03-15 00:19:18',205,'KANDUYI',38,1,1),
    ('2015-03-15 00:19:18','2015-03-15 00:19:18',206,'MT. ELGON',38,1,1),
    ('2015-03-15 00:19:18','2015-03-15 00:19:18',207,'KIMILILI',38,1,1),
    ('2015-03-15 00:19:18','2015-03-15 00:19:18',208,'SIRISIA',38,1,1),
    ('2015-03-15 00:19:18','2015-03-15 00:19:18',209,'BUMULA',38,1,1),
    ('2015-03-15 00:19:18','2015-03-15 00:19:18',210,'TONGAREN',38,1,1),
    ('2015-03-15 00:19:18','2015-03-15 00:19:18',211,'WEBUYE EAST',38,1,1),
    ('2015-03-15 00:19:18','2015-03-15 00:19:18',212,'KABUCHAI',38,1,1),
    ('2015-03-15 00:19:18','2015-03-15 00:19:18',213,'WEBUTE WEST',38,1,1),
    ('2015-03-15 00:19:18','2015-03-15 00:19:18',214,'TESO NORTH',39,1,1),
    ('2015-03-15 00:19:18','2015-03-15 00:19:18',215,'BUTULA',39,1,1),
    ('2015-03-15 00:19:18','2015-03-15 00:19:18',216,'FUNYULA',39,1,1),
    ('2015-03-15 00:19:18','2015-03-15 00:19:18',217,'TESO SOUTH',39,1,1),
    ('2015-03-15 00:19:18','2015-03-15 00:19:18',218,'MATAYOS',39,1,1),
    ('2015-03-15 00:19:18','2015-03-15 00:19:18',219,'NAMBALE',39,1,1),
    ('2015-03-15 00:19:18','2015-03-15 00:19:18',220,'BUDALANGI',39,1,1),
    ('2015-03-15 00:19:18','2015-03-15 00:19:18',221,'UGENYA',40,1,1),
    ('2015-03-15 00:19:18','2015-03-15 00:19:18',222,'RARIEDA',40,1,1),
    ('2015-03-15 00:19:18','2015-03-15 00:19:18',223,'BONDO',40,1,1),
    ('2015-03-15 00:19:18','2015-03-15 00:19:18',224,'UGUNJA',40,1,1),
    ('2015-03-15 00:19:18','2015-03-15 00:19:18',225,'GEM',40,1,1),
    ('2015-03-15 00:19:18','2015-03-15 00:19:18',226,'ALEGO USONGA',40,1,1),
    ('2015-03-15 00:19:18','2015-03-15 00:19:18',227,'RANGWE',41,1,1),
    ('2015-03-15 00:19:18','2015-03-15 00:19:18',228,'KASIPUL',41,1,1),
    ('2015-03-15 00:19:18','2015-03-15 00:19:18',229,'SUBA',41,1,1),
    ('2015-03-15 00:19:18','2015-03-15 00:19:18',230,'KARACHUONYO',41,1,1),
    ('2015-03-15 00:19:18','2015-03-15 00:19:18',231,'KABONDO KASIPUL',41,1,1),
    ('2015-03-15 00:19:18','2015-03-15 00:19:18',232,'MBITA',41,1,1),
    ('2015-03-15 00:19:18','2015-03-15 00:19:18',233,'NDHIWA',41,1,1),
    ('2015-03-15 00:19:18','2015-03-15 00:19:18',234,'HOMA BAY TOWN',41,1,1),
    ('2015-03-15 00:19:18','2015-03-15 00:19:18',235,'KURIA EAST',42,1,1),
    ('2015-03-15 00:19:18','2015-03-15 00:19:18',236,'NYATIKE',42,1,1),
    ('2015-03-15 00:19:18','2015-03-15 00:19:18',237,'AWENDO',42,1,1),
    ('2015-03-15 00:19:18','2015-03-15 00:19:18',238,'KURIA WEST',42,1,1),
    ('2015-03-15 00:19:18','2015-03-15 00:19:18',239,'URIRI',42,1,1),
    ('2015-03-15 00:19:18','2015-03-15 00:19:18',240,'RONGO',42,1,1),
    ('2015-03-15 00:19:18','2015-03-15 00:19:18',241,'NYARIBARI CHACHE',43,1,1),
    ('2015-03-15 00:19:18','2015-03-15 00:19:18',242,'KITUTU CHACHE NORTH',43,1,1),
    ('2015-03-15 00:19:18','2015-03-15 00:19:18',243,'NYARIBARI MASABA',43,1,1),
    ('2015-03-15 00:19:18','2015-03-15 00:19:18',244,'BOMACHOGE CHACHE',43,1,1),
    ('2015-03-15 00:19:18','2015-03-15 00:19:18',245,'BOBASI',43,1,1),
    ('2015-03-15 00:19:18','2015-03-15 00:19:18',246,'BOMACHOGE BORABU',43,1,1),
    ('2015-03-15 00:19:18','2015-03-15 00:19:18',247,'BONCHARI',43,1,1),
    ('2015-03-15 00:19:18','2015-03-15 00:19:18',248,'KITUTU CHACHE SOUTH',43,1,1),
    ('2015-03-15 00:19:18','2015-03-15 00:19:18',249,'SOUTH MUGIRANGO',43,1,1),
    ('2015-03-15 00:19:18','2015-03-15 00:19:18',250,'BURETI',35,1,1),
    ('2015-03-15 00:19:18','2015-03-15 00:19:18',251,'CHEPALUNGU',44,1,1),
    ('2015-03-15 00:19:18','2015-03-15 00:19:18',252,'BOMET EAST',44,1,1),
    ('2015-03-15 00:19:18','2015-03-15 00:19:18',253,'SOTIK',44,1,1),
    ('2015-03-15 00:19:18','2015-03-15 00:19:18',254,'BOMET CENTRAL',44,1,1),
    ('2015-03-15 00:19:18','2015-03-15 00:19:18',255,'NORTH MUGIRANGO',45,1,1),
    ('2015-03-15 00:19:18','2015-03-15 00:19:18',256,'WEST MUGIRANGO',45,1,1),
    ('2015-03-15 00:19:18','2015-03-15 00:19:18',257,'KITUTU MASABA',45,1,1),
    ('2015-03-15 00:19:18','2015-03-15 00:19:18',258,'BORABU',45,1,1),
    ('2015-03-15 00:19:18','2015-03-15 00:19:18',259,'NYAKACH',46,1,1),
    ('2015-03-15 00:19:18','2015-03-15 00:19:18',260,'SEME',46,1,1),
    ('2015-03-15 00:19:18','2015-03-15 00:19:18',261,'NYANDO',46,1,1),
    ('2015-03-15 00:19:18','2015-03-15 00:19:18',262,'KISUMU WEST',46,1,1),
    ('2015-03-15 00:19:18','2015-03-15 00:19:18',263,'KISUMU EAST',46,1,1),
    ('2015-03-15 00:19:18','2015-03-15 00:19:18',264,'MUHORONI',46,1,1),
    ('2015-03-15 00:19:18','2015-03-15 00:19:18',265,'KISUMU CENTRAL',46,1,1),
    ('2015-03-15 00:19:18','2015-03-15 00:19:18',266,'LUGARI',36,1,1),
    ('2015-03-15 00:19:18','2015-03-15 00:19:18',267,'ENDEBESS',47,1,1),
    ('2015-03-15 00:19:18','2015-03-15 00:19:18',268,'KWANZA',47,1,1),
    ('2015-03-15 00:19:18','2015-03-15 00:19:18',269,'SABOTI',47,1,1),
    ('2015-03-15 00:19:18','2015-03-15 00:19:18',270,'CHERANGANY',47,1,1),
    ('2015-03-15 00:19:18','2015-03-15 00:19:18',271,'KIMININI',47,1,1),
    ('2015-03-15 00:19:18','2015-03-15 00:19:18',272,'LIKUYANI',36,1,1),
    ('2015-03-15 00:19:18','2015-03-15 00:19:18',273,'LAFEY',10,1,1),
    ('2015-03-15 00:19:18','2015-03-15 00:19:18',274,'MANDERA EAST',10,1,1),
    ('2015-03-15 00:19:18','2015-03-15 00:19:18',275,'EMBAKASI WEST',1,1,1),
    ('2015-03-15 00:19:18','2015-03-15 00:19:18',276,'EMBAKASI EAST',1,1,1),
    ('2015-03-15 00:19:18','2015-03-15 00:19:18',277,'EMBAKASI NORTH',1,1,1),
    ('2015-03-15 00:19:18','2015-03-15 00:19:18',278,'EMBAKASI CENTRAL',1,1,1),
    ('2015-03-15 00:19:18','2015-03-15 00:19:18',279,'EMBAKASI SOUTH',1,1,1),
    ('2015-03-15 00:19:18','2015-03-15 00:19:18',280,'MAKADARA',1,1,1),
    ('2015-03-15 00:19:18','2015-03-15 00:19:18',281,'MWINGI WEST',16,1,1),
    ('2015-03-15 00:19:18','2015-03-15 00:19:18',282,'MWINGI CENTRAL',16,1,1),
    ('2015-03-15 00:19:18','2015-03-15 00:19:18',283,'MWINGI NORTH',16,1,1),
    ('2015-03-15 00:19:18','2015-03-15 00:19:18',284,'OL JOROK',18,1,1),
    ('2015-03-15 00:19:18','2015-03-15 00:19:18',285,'OL KALOU',18,1,1),
    ('2015-03-15 00:19:18','2015-03-15 00:19:18',286,'SUNA EAST',42,1,1),
    ('2015-03-15 00:19:18','2015-03-15 00:19:18',287,'SUNA WEST',42,1,1),
    ('2015-03-15 00:19:18','2015-03-15 00:19:18',288,'LAIKIPIA WEST',30,1,1),
    ('2015-03-15 00:19:18','2015-03-15 00:19:18',289,'LAIKIPIA EAST',30,1,1),
    ('2015-03-15 00:19:18','2015-03-15 00:19:18',290,'CHANGAMWE',2,1,1),
    ('2015-03-15 00:19:18','2015-03-15 00:19:18',291,'WEBUYE WEST',38,1,1);
ALTER TABLE `constituencies` ENABLE KEYS;
UNLOCK TABLES;


LOCK TABLES `elections` WRITE;
ALTER TABLE `elections` DISABLE KEYS;
INSERT INTO `elections` (`created_on`, `changed_on`, `id`, `name`, `uuid`, `is_approved`, `voting_starts_at_date`, `voting_ends_at_date`, `approved_at_date`, `result_tallied_at_date`, `ward_id`, `post_id`, `changed_by_fk`, `created_by_fk`) VALUES
    ('2015-05-30 22:03:28','2015-05-30 22:03:28',1,'Test','dcf0fb1f33cd42f3917c964c5248f7fc',0,'2015-06-03 22:03:12','2015-06-06 22:03:12','2015-05-30 22:03:28',NULL,2,3,1,1),
    ('2015-05-30 22:10:33','2015-05-30 22:10:33',2,'Kijabe Ward By Election','1a7d68d26db34c22b68877ebe4193b0f',0,'2015-06-05 22:09:32','2015-07-02 22:09:32','2015-05-30 22:10:33',NULL,579,6,1,1),
    ('2015-05-30 22:47:11','2015-05-30 22:47:11',3,'Test','8a77279c88a54f1796dfb0ecc228b0d2',0,'2015-06-05 22:46:07','2015-06-06 22:46:07','2015-05-30 22:47:11',NULL,2,4,1,1),
    ('2015-06-21 13:30:30','2015-06-21 13:30:30',4,'Test Kiambu Women Rep','73279beda4614ea5b248b50098d92eb1',1,'2015-06-23 13:30:06','2015-07-07 13:30:06','2015-06-21 13:30:30',NULL,22,4,1,1),
    ('2015-06-23 19:27:36','2015-06-23 19:27:36',5,'Prezzo','2cb06f8c5bb84d558fe6860ed0ff64fb',1,'2015-06-30 19:26:40','2015-07-08 19:26:40','2015-06-23 19:27:36',NULL,0,1,1,1),
    ('2015-06-23 19:50:47','2015-06-23 19:50:47',6,'Kabete By elec','cd549e36346f4e67aff0192fffd0e9cf',1,'2015-06-24 19:50:28','2015-06-30 19:50:28','2015-06-23 19:50:47',NULL,108,5,1,1),
    ('2015-06-23 20:12:34','2015-06-23 20:12:34',7,'mca','ab5757301e424f16b03dfccd196f52c3',1,'2015-06-24 20:11:43','2015-06-25 20:11:43','2015-06-23 20:12:34',NULL,1,6,1,1),
    ('2015-06-23 20:13:01','2015-06-23 20:13:01',8,'mca abb','af1352871fef4433bd9ca7c0d9b02e30',1,'2015-06-24 20:12:39','2015-06-25 20:12:39','2015-06-23 20:13:01',NULL,2,6,1,1);
ALTER TABLE `elections` ENABLE KEYS;
UNLOCK TABLES;


LOCK TABLES `delegates` WRITE;
ALTER TABLE `delegates` DISABLE KEYS;
INSERT INTO `delegates` (`created_on`, `changed_on`, `id`, `delegate`, `photo`, `candidate_key`, `election_id`, `changed_by_fk`, `created_by_fk`) VALUES
    ('2015-05-30 22:17:37','2015-05-30 22:17:37',1,1,NULL,'SRPT',1,1,1),
    ('2015-05-30 22:17:56','2015-05-30 22:17:56',2,6,NULL,'CDVV',2,1,1),
    ('2015-06-23 16:49:36','2015-06-23 16:49:36',3,4,'<FileStorage: u\'\' (\'application/octet-stream\')>','WK8W',4,1,1),
    ('2015-06-23 16:50:11','2015-06-23 16:50:11',4,6,'<FileStorage: u\'unnamed.jpg\' (\'image/jpeg\')>','WMYD',4,1,1),
    ('2015-06-23 17:27:37','2015-06-23 17:27:38',5,1399,'<FileStorage: u\'\' (\'application/octet-stream\')>','W5GU',4,1,1),
    ('2015-06-23 19:31:03','2015-06-23 19:31:03',6,2424,'<FileStorage: u\'\' (\'application/octet-stream\')>','PMWH',5,1,1),
    ('2015-06-23 19:51:33','2015-06-23 19:51:33',7,2607,'<FileStorage: u\'\' (\'application/octet-stream\')>','MF9Y',6,1,1),
    ('2015-06-23 19:56:28','2015-06-23 19:56:29',8,1433,'<FileStorage: u\'\' (\'application/octet-stream\')>','MWAF',6,1,1),
    ('2015-06-23 19:56:48','2015-06-23 19:56:48',9,2346,'<FileStorage: u\'\' (\'application/octet-stream\')>','M44N',6,1,1);
ALTER TABLE `delegates` ENABLE KEYS;
UNLOCK TABLES;


LOCK TABLES `parties` WRITE;
ALTER TABLE `parties` DISABLE KEYS;
INSERT INTO `parties` (`created_on`, `changed_on`, `id`, `name`, `short_name`, `motto`, `address`, `office_phone`, `office_mobile`, `website`, `changed_by_fk`, `created_by_fk`) VALUES
    ('2015-03-24 13:59:40','2015-03-09 13:59:40',1,'Jubilee Alliance Party','JAP','','625','8678678678','32234','',1,1);
ALTER TABLE `parties` ENABLE KEYS;
UNLOCK TABLES;


LOCK TABLES `polling_stations` WRITE;
ALTER TABLE `polling_stations` DISABLE KEYS;
ALTER TABLE `polling_stations` ENABLE KEYS;
UNLOCK TABLES;


LOCK TABLES `scopes` WRITE;
ALTER TABLE `scopes` DISABLE KEYS;
INSERT INTO `scopes` (`created_on`, `changed_on`, `id`, `name`, `changed_by_fk`, `created_by_fk`) VALUES
    ('2015-03-15 00:16:24','2015-03-15 00:16:24',1,'National',1,1),
    ('2015-03-15 00:16:24','2015-03-15 00:16:24',2,'County',1,1),
    ('2015-03-15 00:16:24','2015-03-15 00:16:24',3,'Constituency',1,1),
    ('2015-03-15 00:16:24','2015-03-15 00:16:24',4,'Ward',1,1);
ALTER TABLE `scopes` ENABLE KEYS;
UNLOCK TABLES;


LOCK TABLES `posts` WRITE;
ALTER TABLE `posts` DISABLE KEYS;
INSERT INTO `posts` (`created_on`, `changed_on`, `id`, `name`, `scope_id`, `changed_by_fk`, `created_by_fk`) VALUES
    ('2015-03-15 00:33:49','2015-03-15 00:33:49',1,'President',1,1,1),
    ('2015-03-15 00:33:49','2015-03-15 00:33:49',2,'Governor',2,1,1),
    ('2015-03-15 00:33:49','2015-03-15 00:33:49',3,'Senator',2,1,1),
    ('2015-03-15 00:33:49','2015-03-15 00:33:49',4,'Women Representative',2,1,1),
    ('2015-03-15 00:33:49','2015-03-15 00:33:49',5,'Member of Parliament',3,1,1),
    ('2015-03-15 00:33:49','2015-03-15 00:33:49',6,'County Assembly Representative',4,1,1);
ALTER TABLE `posts` ENABLE KEYS;
UNLOCK TABLES;


LOCK TABLES `smslogger_loggedmessage` WRITE;
ALTER TABLE `smslogger_loggedmessage` DISABLE KEYS;
ALTER TABLE `smslogger_loggedmessage` ENABLE KEYS;
UNLOCK TABLES;


LOCK TABLES `voters` WRITE;
ALTER TABLE `voters` DISABLE KEYS;
INSERT INTO `voters` (`id`, `first_name`, `middle_name`, `last_name`, `gender`, `telephone`, `email`, `vote_mobile`, `voter_pin`, `document_type`, `document_number`, `date_of_birth`, `ward_id`) VALUES
    (1,'moses','Kamau','kamau','1','0723906055',NULL,1,'6639','1','123456789','2014-03-03',579),
    (2,'Kijana','Maina','Maina','1','0700320880',NULL,1,'6643','1','098765435','2015-04-13',579),
    (3,'Patrick','Isreal','Hicks','1','8486837481',NULL,1,'4436','2','444347320756','1941-10-19',915),
    (4,'Jose','Kyle','Joe','2','3085374615',NULL,1,'6706','2','144786463155','1948-04-06',651),
    (5,'Mellissa','Brett','Bustos','2','8990213415',NULL,1,'8215','1','511626374117','1953-01-12',989),
    (6,'Jennifer','Leon','Sharp','1','8213753578',NULL,1,'4187','2','279739711534','1983-10-30',819),
    (7,'Linda','Tiesha','Estrada','2','8539247454',NULL,1,'2092','1','889701382732','1946-07-08',866),
    (8,'Chris','Brian','Thomas','2','5709522314',NULL,1,'4051','1','951985302529','1977-06-18',1060),
    (9,'Emmanuel','Lela','Alleyne','1','1341145320',NULL,1,'1794','2','261085117190','1985-08-22',534),
    (10,'Dale','Carter','Morrison','2','1882294218',NULL,1,'3087','1','597195462348','1972-11-27',1192),
    (11,'Karma','Ben','Davis','1','4943576962',NULL,1,'6433','1','791270737456','1940-11-07',540),
    (12,'Erin','Lynn','Dougherty','2','1706093627',NULL,1,'6910','2','264053852970','1943-05-16',637),
    (13,'Ray','Kevin','Stokes','1','2594542766',NULL,1,'2575','1','958149749582','1964-10-22',932),
    (14,'Steven','Craig','King','1','1443918004',NULL,1,'9522','1','311244711084','1990-04-25',348),
    (15,'Maggie','Justin','Armstrong','2','6460095207',NULL,1,'3222','2','447999753765','1985-10-09',441),
    (16,'Alice','Steven','Curry','1','7987997197',NULL,1,'7483','1','736985552397','1990-01-13',782),
    (17,'Elsie','Matthew','Robinson','1','3161175005',NULL,1,'4948','1','382944410628','1947-07-12',630),
    (18,'Maria','Betty','Powell','1','9168532963',NULL,1,'5840','1','924847604297','1982-05-14',1211),
    (19,'Kenny','Harold','Thomas','2','9115919066',NULL,1,'7805','1','821946543200','1940-07-13',19),
    (20,'Sandra','Rick','Orlando','2','6505371233',NULL,1,'8761','1','607623442537','1971-05-04',385),
    (21,'Ella','Joe','Edward','2','3130800332',NULL,1,'7630','1','362427385290','1981-05-22',195),
    (22,'Vicki','Tony','Richard','2','7925884022',NULL,1,'8571','2','200066635606','1990-02-12',557),
    (23,'Jane','Mary','Morlino','1','1086604424',NULL,1,'3696','2','334159211367','1983-03-18',479),
    (24,'Elizabeth','Marcus','Holcomb','1','7966419507',NULL,1,'4527','1','958368087050','1954-08-19',1027),
    (25,'Arthur','Carlton','Torres','2','7235993898',NULL,1,'6513','1','619173827901','1973-04-26',729),
    (26,'Lori','Joseph','Freeman','1','4449309015',NULL,1,'1923','2','981047463993','1978-05-24',751),
    (27,'Sarah','Leland','Andrews','2','5004091546',NULL,1,'9574','2','145739625191','1986-11-20',265),
    (28,'Tina','Vera','Clark','1','9890071631',NULL,1,'2600','1','258839463694','1977-02-19',81),
    (29,'Kenny','Wanda','Sandate','1','4166980385',NULL,1,'5261','2','191879136050','1990-07-22',590),
    (30,'John','Margaret','Clinton','2','5714309901',NULL,1,'4960','2','788866189887','1957-04-28',1184),
    (31,'Maria','Alvina','Caldera','2','8389634042',NULL,1,'6037','2','482983030197','1965-09-26',676),
    (32,'Jose','Phyllis','Schmuff','1','8634496070',NULL,1,'5178','1','910292665788','1959-10-28',400),
    (33,'Lloyd','Mary','Bryan','1','4424578575',NULL,1,'8869','1','620354805751','1940-12-05',294),
    (34,'John','Randall','Franklin','1','7809871818',NULL,1,'6497','2','473674066802','1973-05-08',405),
    (35,'Susan','Ruth','Hall','2','9730815095',NULL,1,'1921','2','901225182472','1985-06-09',716),
    (36,'James','Karen','Silva','2','4001776135',NULL,1,'8112','2','616386714424','1941-03-17',1010),
    (37,'Victoria','Raymond','Longe','2','1531361284',NULL,1,'3152','1','477984706761','1970-02-28',1253),
    (38,'Raymond','Pauline','Cook','2','8793729994',NULL,1,'9444','2','901199620326','1946-09-27',399),
    (39,'Christine','Adrian','Gray','2','8558432418',NULL,1,'3679','1','174760357949','1961-04-12',1084),
    (40,'Calvin','George','Smith','1','4995189890',NULL,1,'9897','1','294106966222','1981-11-13',689),
    (41,'Lowell','Pat','Hatley','1','6152375715',NULL,1,'2826','2','548333170645','1985-11-15',1016),
    (42,'Larry','Maria','Hollaway','2','7767103222',NULL,1,'1521','2','243757784331','1943-11-08',221),
    (43,'Doris','Jacqueline','Hare','2','7762326779',NULL,1,'7339','1','415651505595','1997-05-15',568),
    (44,'Ruth','Mary','Bowman','2','1201449184',NULL,1,'8490','2','934134355185','1996-11-09',404),
    (45,'Mario','Robert','Gressler','2','5404391014',NULL,1,'1773','1','737532776159','1986-05-29',776),
    (46,'Evelyn','Norma','Villarreal','1','2431983197',NULL,1,'2940','1','390142231145','1973-01-13',518),
    (47,'Mary','Wendy','Watson','1','4996702122',NULL,1,'7797','1','471263701298','1958-03-27',357),
    (48,'Sara','Lashawnda','Osbourn','2','5824947198',NULL,1,'9793','1','199373637690','1969-10-17',799),
    (49,'Mavis','Amy','Stephenson','1','6697814228',NULL,1,'1377','1','813401811683','1993-01-29',154),
    (50,'Alice','David','Lamb','2','3095258755',NULL,1,'6605','2','251682928175','1987-05-13',194),
    (51,'Kimberly','Robert','Walker','2','8767690787',NULL,1,'9518','2','982022439030','1973-11-29',740),
    (52,'Elizabeth','Ronald','Lowther','2','2551378710',NULL,1,'8273','1','822815352008','1995-10-11',604),
    (53,'John','Don','James','1','7864272329',NULL,1,'4910','1','601524616423','1978-03-21',1242),
    (54,'Tony','Emmett','Bordley','1','6315437101',NULL,1,'9992','2','597771628575','1973-01-23',178),
    (55,'Neil','Angela','Ho','2','6293919455',NULL,1,'4997','2','991632764954','1957-06-27',315),
    (56,'Leroy','Teresa','Gilmore','1','8008228046',NULL,1,'2539','2','355937904253','1968-10-03',1103),
    (57,'Richard','Joyce','Cohn','1','1161192488',NULL,1,'4526','2','914773324874','1953-12-08',949),
    (58,'David','Daniel','Sharum','1','9003166423',NULL,1,'8403','1','620926023996','1963-09-16',1034),
    (59,'Ronald','James','Johnson','2','6757045658',NULL,1,'1287','2','393099849478','1964-04-07',28),
    (60,'Alice','Jean','Curtis','2','5678653238',NULL,1,'5684','1','325952237072','1996-01-11',971),
    (61,'Luis','Anthony','Grant','2','5397771883',NULL,1,'2666','1','344139520271','1982-06-18',320),
    (62,'Danny','Lorraine','Moore','1','5818892122',NULL,1,'1435','1','658698621242','1951-10-01',1041),
    (63,'Sandra','Norma','Aguinaldo','2','4583306633',NULL,1,'8249','1','287832296289','1958-09-23',216),
    (64,'Jacque','Dennis','Williams','1','2481309932',NULL,1,'7431','2','386343927253','1985-08-11',401),
    (65,'Janice','Johnnie','Broady','1','3729933733',NULL,1,'5723','2','288691796746','1945-03-16',1048),
    (66,'Thomas','Dorothy','Townsend','1','5884666256',NULL,1,'4687','2','356696480792','1946-04-24',126),
    (67,'Kenneth','Alfonso','Riker','2','8114019709',NULL,1,'7597','1','151201957787','1993-03-25',1029),
    (68,'Glen','Matthew','Berry','1','1412272650',NULL,1,'5607','2','587058446363','1975-03-29',468),
    (69,'Anthony','Daniel','Mariani','2','2928421645',NULL,1,'2555','1','932113569327','1956-09-26',1075),
    (70,'Bernard','Nicholas','Watson','2','5803681833',NULL,1,'2267','1','913303868774','1989-03-21',111),
    (71,'Douglas','Derek','Snyder','1','1046793584',NULL,1,'4364','1','804773729974','1950-11-19',1271),
    (72,'Courtney','Lizzie','Sherman','2','3578472400',NULL,1,'1477','2','468802411009','1995-07-28',87),
    (73,'Gertrud','Terry','Mestas','1','1185758867',NULL,1,'8509','1','949661352847','1952-04-22',594),
    (74,'Kristina','Terry','Lloyd','1','7670949535',NULL,1,'8658','2','356724673487','1963-04-14',217),
    (75,'Pauline','Richard','Pritchard','1','6330098355',NULL,1,'5846','1','787168103594','1945-05-24',892),
    (76,'Mary','Armandina','Lutwin','2','6390962400',NULL,1,'6474','2','447082452077','1985-05-19',1029),
    (77,'Callie','Shawana','Christensen','2','7122275682',NULL,1,'3839','2','646189611549','1996-05-20',848),
    (78,'Steve','Linda','Purser','1','2438400055',NULL,1,'3456','2','295539040715','1946-06-18',346),
    (79,'Rico','Joy','Alvarado','1','9130308248',NULL,1,'2907','1','827668279856','1980-07-23',1099),
    (80,'Amanda','Cary','Watkins','1','3527732101',NULL,1,'2928','2','478023899375','1979-11-17',387),
    (81,'Barbara','Abbie','Smith','1','2925947899',NULL,1,'7727','2','611777421864','1991-12-28',353),
    (82,'Allison','Melissa','Jacobs','2','9540971676',NULL,1,'4755','2','108133667321','1983-08-07',137),
    (83,'Donald','Shannon','Saenz','2','8436967030',NULL,1,'1606','2','565797521055','1994-04-21',827),
    (84,'Jason','Mattie','Palazzola','1','5734675175',NULL,1,'6615','2','712618982531','1947-03-02',1207),
    (85,'Steven','Don','Burkart','1','3773203782',NULL,1,'5486','1','182833312794','1994-03-08',338),
    (86,'Harold','Elizabeth','Murray','2','3982483848',NULL,1,'7750','2','824393438918','1975-06-11',603),
    (87,'Edward','Cherie','Dillard','1','1678514982',NULL,1,'8312','1','392177286247','1952-09-22',65),
    (88,'Eileen','Alice','Hudson','2','1067758551',NULL,1,'1319','1','121478022295','1982-10-27',1203),
    (89,'Benjamin','Roberto','Chamberlain','1','3911451844',NULL,1,'7069','2','250447866543','1972-04-23',772),
    (90,'Kathryn','Kathy','Rasset','1','9317587954',NULL,1,'5528','1','826336987622','1967-11-15',802),
    (91,'Jason','Dorothy','Summy','2','4565948703',NULL,1,'6597','2','556072627916','1971-11-30',1213),
    (92,'Thomas','Benjamin','Lindell','2','2944127055',NULL,1,'7963','1','253419543958','1961-07-28',753),
    (93,'Patricia','Carolyn','Griggs','2','2578175861',NULL,1,'1531','2','911772712905','1952-10-18',1156),
    (94,'Jame','Lori','West','1','4184649587',NULL,1,'8237','1','429277103672','1955-05-31',1007),
    (95,'Jennifer','Samuel','Shabazz','1','9363270280',NULL,1,'3577','2','195711826207','1941-09-03',901),
    (96,'Pamela','Robert','Schultz','2','9460082362',NULL,1,'6596','2','974117049233','1980-12-29',1155),
    (97,'Annette','Regina','Hodde','2','8566713975',NULL,1,'4674','2','576724012949','1942-05-30',1216),
    (98,'Paul','Alice','Rowden','2','6580482476',NULL,1,'3936','2','551471814070','1979-09-03',1093),
    (99,'Lynette','Mary','Fortner','1','6211127645',NULL,1,'8988','2','944618019594','1963-02-03',1285),
    (100,'Kathey','Robin','Stankiewicz','1','2133019914',NULL,1,'1620','1','549170555218','1987-09-20',748),
    (101,'Sam','William','Nardella','2','3331109259',NULL,1,'9597','2','998830716660','1945-08-15',1080),
    (102,'Jayme','John','Widrick','2','7413305657',NULL,1,'7803','2','612298157108','1951-02-24',801),
    (103,'Betty','Vickie','Roberts','2','6702882495',NULL,1,'1234','1','242030999288','1974-06-12',525),
    (104,'Bobby','Linda','Tucker','2','9940898107',NULL,1,'1080','2','689057495643','1971-03-26',1231),
    (105,'Nancy','Brandon','Bond','1','3694438913',NULL,1,'5263','2','862886889073','1968-10-30',1025),
    (106,'Dustin','Max','Emmerich','1','8735938971',NULL,1,'1087','1','219660320506','1941-01-23',676),
    (107,'Karen','Arnold','Cohen','1','5874877208',NULL,1,'6292','1','867384974622','1972-04-14',438),
    (108,'Sonya','Tuan','Garcia','1','7350655649',NULL,1,'5374','1','111284363260','1978-03-09',537),
    (109,'Nicole','Gregory','Brink','1','3871713928',NULL,1,'5153','2','378482448659','1976-05-06',1264),
    (110,'Connie','Jesse','Compton','2','8006443736',NULL,1,'4222','1','734250965312','1956-07-14',264),
    (111,'William','Jacqueline','Vernon','1','2834137611',NULL,1,'8382','1','970447236883','1946-03-23',1029),
    (112,'Pauline','Betty','Owens','2','9269623140',NULL,1,'8212','2','780849443067','1959-06-06',815),
    (113,'Jason','Jerry','Steele','1','1606997685',NULL,1,'3722','2','292999318692','1952-04-04',922),
    (114,'Richard','Ollie','Sterry','2','4038348223',NULL,1,'3755','1','237299121163','1952-12-16',357),
    (115,'Micheal','Eugene','Arellano','2','9213700178',NULL,1,'1646','2','416414247015','1981-09-25',984),
    (116,'Shelley','Betty','Madrid','2','4303099254',NULL,1,'9481','1','370329790626','1953-09-25',182),
    (117,'Lillie','Raymond','Perry','2','5419132735',NULL,1,'1966','1','828451966466','1950-10-09',282),
    (118,'Ronald','Carroll','Corbeil','1','3535573124',NULL,1,'4168','1','631268544090','1991-03-04',1038),
    (119,'Anthony','Nellie','Knab','1','8235578161',NULL,1,'7530','1','120585416102','1948-08-13',1266),
    (120,'Keith','Louise','Mclain','2','4616024607',NULL,1,'3064','2','604150692193','1958-03-05',111),
    (121,'Alyssa','Jarrett','Temple','2','9921046301',NULL,1,'9528','1','274678420576','1995-09-19',744),
    (122,'Michael','Jessie','Smith','1','9948020505',NULL,1,'8154','2','457708972975','1948-02-18',1276),
    (123,'Robert','Beverly','Ochoa','1','6133740900',NULL,1,'1054','2','373257502196','1958-08-05',787),
    (124,'Robert','Charlie','Hughes','2','6955121990',NULL,1,'7964','1','134904266130','1954-03-13',596),
    (125,'Michael','Linda','Rose','2','9472612889',NULL,1,'8329','1','424042284087','1950-12-14',618),
    (126,'Cindy','Robert','Harrell','2','1268401091',NULL,1,'8900','2','404343559142','1990-09-09',265),
    (127,'Adam','Bettie','Rogers','1','3775067664',NULL,1,'4769','2','208913341604','1959-02-26',232),
    (128,'Irene','David','Jorgenson','1','6642588289',NULL,1,'8834','2','885044309628','1942-04-20',179),
    (129,'Hazel','Linda','Hernandez','1','9358856281',NULL,1,'1874','2','818668478408','1946-08-12',159),
    (130,'Teresa','Ralph','Hamm','1','1692660516',NULL,1,'6505','1','390030321228','1956-04-03',157),
    (131,'Victoria','Bobbi','Acuna','1','5161957609',NULL,1,'3065','2','644721299449','1976-10-30',1091),
    (132,'Joan','Cindi','Abud','1','9899788850',NULL,1,'9551','1','800825223518','1994-03-15',1078),
    (133,'John','Angela','Renner','1','2458674598',NULL,1,'7051','2','808693322977','1948-07-23',363),
    (134,'Brian','Dedra','Pellegrino','1','4017127131',NULL,1,'6330','2','781003074070','1957-02-27',1081),
    (135,'Wayne','Toni','Green','2','2478827587',NULL,1,'3318','1','743470542885','1941-02-24',371),
    (136,'Manuel','Terry','Pannell','1','9957047678',NULL,1,'2365','2','813602286249','1983-02-24',1083),
    (137,'Donna','Alberta','Rances','2','4931247760',NULL,1,'4864','2','648877305759','1956-02-13',131),
    (138,'Tiffany','Amy','Robertson','2','3007564167',NULL,1,'7972','1','565415612500','1987-03-27',412),
    (139,'John','Jennie','Munroe','2','9958362474',NULL,1,'5744','2','198022880633','1985-10-28',1058),
    (140,'Anthony','Mary','Allums','1','9302441755',NULL,1,'4892','2','451400204463','1981-06-18',513),
    (141,'Robert','Ashley','Williams','1','9387828541',NULL,1,'2615','2','701124514369','1968-05-25',250),
    (142,'Craig','Paul','Thompson','2','4480606959',NULL,1,'8200','2','212631596604','1968-11-07',736),
    (143,'Guy','Gary','Howard','2','7309642172',NULL,1,'6816','2','748910124431','1988-10-21',1248),
    (144,'Katherine','Aida','Wright','1','3973686356',NULL,1,'2238','1','803744655458','1945-03-14',849),
    (145,'Daniel','Michael','Lawrence','2','5232275113',NULL,1,'6566','2','475746843390','1984-02-28',1073),
    (146,'Desiree','Lois','Grimes','2','6085424714',NULL,1,'8578','1','780026847529','1956-07-26',677),
    (147,'Glenn','David','Sanders','1','2119653499',NULL,1,'4928','2','237905157792','1954-01-22',124),
    (148,'Elton','Kandice','Saunders','2','9327580315',NULL,1,'2361','2','135055406012','1993-03-15',1127),
    (149,'Elizabeth','Carlos','Bessemer','1','3491454574',NULL,1,'1891','1','389142914924','1951-11-18',1253),
    (150,'Gwen','Chang','Davis','2','1526301816',NULL,1,'3162','2','180644686228','1950-05-14',1148),
    (151,'Frederick','Janet','Case','2','8698280433',NULL,1,'5214','2','741588093115','1993-06-24',233),
    (152,'Ashley','Jennifer','Smith','2','8424664808',NULL,1,'8420','2','378066637981','1997-02-20',355),
    (153,'Gregory','David','Jones','2','1261788160',NULL,1,'3122','1','903320270362','1982-12-16',108),
    (154,'Colton','Mildred','Arnett','2','7149923824',NULL,1,'2934','1','161456260662','1995-08-25',967),
    (155,'Robert','Jo','Miranda','1','1821377180',NULL,1,'9244','1','736103467891','1990-05-10',1127),
    (156,'Enrique','Thomas','Ezzell','2','2977938525',NULL,1,'4478','1','274134295574','1970-06-09',1179),
    (157,'Christopher','Jennifer','Kriner','2','1465674149',NULL,1,'1459','1','541015083380','1965-01-31',575),
    (158,'Sadie','Bonnie','Leonard','1','3952738488',NULL,1,'2050','1','244727455673','1954-02-22',837),
    (159,'Ernest','David','Vizza','2','4333657827',NULL,1,'4134','1','892876262672','1990-08-28',824),
    (160,'Joseph','Matthew','Jagers','2','7070800163',NULL,1,'9315','2','116914823391','1976-01-02',175),
    (161,'Thomas','Jeff','Brockington','1','6367514645',NULL,1,'9186','1','594032835348','1962-12-16',107),
    (162,'Henry','Paul','Wine','1','5369214048',NULL,1,'5836','2','555600811244','1980-08-26',867),
    (163,'Jan','Leigh','Perry','1','8940811336',NULL,1,'1953','1','709996439997','1956-08-03',563),
    (164,'Evan','Terry','Caldwell','2','5803031082',NULL,1,'4580','1','692107378820','1959-11-16',272),
    (165,'Tracey','Keith','Mcqueen','1','8997491676',NULL,1,'8419','1','999553310889','1944-03-31',378),
    (166,'Jill','Adrianne','Botha','2','7770868050',NULL,1,'9126','1','373755070264','1953-01-29',1019),
    (167,'Jonathan','John','Adams','2','1687847086',NULL,1,'8028','2','883055729067','1948-04-06',1277),
    (168,'James','Carole','Paulino','2','1880674571',NULL,1,'8658','2','357424073454','1948-01-12',1184),
    (169,'Joseph','Timothy','Bakerville','1','2986352799',NULL,1,'2360','1','999514958718','1952-12-30',1266),
    (170,'Glenn','Ashley','Pecora','2','5317416066',NULL,1,'4551','2','301104885923','1941-07-21',584),
    (171,'Lynda','Barbara','Desmarais','2','9217318858',NULL,1,'6489','1','308518110247','1957-09-26',576),
    (172,'Barry','Norma','Vanvalkenbur','2','2663065861',NULL,1,'6194','2','517393375456','1962-03-09',1178),
    (173,'Robert','Oscar','Engle','2','5182973259',NULL,1,'3776','2','707142647305','1958-06-19',893),
    (174,'Robin','Sherman','Lust','1','4296356973',NULL,1,'7646','2','153336869983','1965-12-25',253),
    (175,'Emilia','Jack','Tompkins','1','5813585860',NULL,1,'2782','2','270204480305','1942-10-10',136),
    (176,'Joseph','George','Hastie','1','6240198770',NULL,1,'6197','1','420330597474','1972-02-25',1065),
    (177,'Michael','Ruben','Knights','1','1418681013',NULL,1,'8519','2','310297902947','1993-04-13',88),
    (178,'Marta','Rachel','Weiss','2','2372807864',NULL,1,'7957','2','521172097216','1979-10-13',85),
    (179,'Luz','Charity','Heister','1','2510442805',NULL,1,'5716','2','981243108149','1977-05-28',500),
    (180,'Christina','Kelley','Pyon','1','3583070799',NULL,1,'2686','2','640571343509','1943-04-10',1233),
    (181,'Teresa','Walter','Hall','2','6221412313',NULL,1,'1266','2','788258697308','1952-02-12',1239),
    (182,'James','Brenda','Palumbo','1','4146958601',NULL,1,'2296','1','941023184937','1962-08-09',295),
    (183,'Annie','Whitney','Mcgee','1','8950943118',NULL,1,'3738','1','148678931748','1968-05-05',347),
    (184,'Heather','Patricia','Gleeson','1','9197636405',NULL,1,'8821','2','278670155601','1941-11-30',366),
    (185,'Jill','Jason','Buchanan','1','9978525082',NULL,1,'6685','2','694267174594','1952-12-26',1146),
    (186,'Thomas','Donald','Jolly','2','3280938505',NULL,1,'2662','2','583001209266','1988-04-20',983),
    (187,'Andrew','Dena','Phillips','1','9552180828',NULL,1,'7790','1','636993932300','1986-03-23',1161),
    (188,'Rita','Alfred','Arbeiter','2','7498689868',NULL,1,'4017','1','365267352803','1994-07-07',813),
    (189,'Sharon','Erma','Rich','1','1554278260',NULL,1,'3517','1','555125139286','1959-02-24',1025),
    (190,'Christopher','Young','Lavertue','2','9733257636',NULL,1,'3088','2','737516247178','1991-04-24',217),
    (191,'Linda','Alice','Higgins','2','5518256352',NULL,1,'7864','1','277318528227','1976-08-26',1062),
    (192,'Christina','Kenneth','Killion','1','8198279961',NULL,1,'1426','1','129029744913','1988-05-15',715),
    (193,'Kristina','Martin','Simmons','1','8741153630',NULL,1,'5472','2','467568388060','1988-03-10',280),
    (194,'Peggy','Lori','Hawkins','1','7384404735',NULL,1,'1796','2','340702053782','1975-11-14',1020),
    (195,'Helen','Laura','Rubio','1','5659539058',NULL,1,'7548','2','304115881952','1948-08-02',1246),
    (196,'Peter','Charles','Cobos','2','1033212014',NULL,1,'3016','1','457503509091','1990-12-28',533),
    (197,'Keith','Ricky','Furukawa','2','1934066389',NULL,1,'3934','2','395361009376','1969-09-09',976),
    (198,'Theodore','Charles','Salinas','2','8798325138',NULL,1,'1122','2','652062639639','1973-01-06',1007),
    (199,'Barbara','Mark','Magnie','2','7468431257',NULL,1,'8779','2','697982360800','1950-07-29',56),
    (200,'Joseph','Albert','Daves','2','1116025728',NULL,1,'6626','2','271311708896','1989-08-17',318),
    (201,'Jose','William','Mccoy','1','1562917141',NULL,1,'1818','1','911180781048','1941-05-26',594),
    (202,'Stephanie','David','Fournier','1','9185881493',NULL,1,'2924','1','725484327725','1957-12-04',888),
    (203,'Crystal','Robert','Robinson','2','3350413744',NULL,1,'5137','1','333479220812','1940-10-22',828),
    (204,'Ronald','Patricia','Winfrey','1','7483232416',NULL,1,'5180','1','193483221424','1963-09-24',322),
    (205,'Daniel','Erika','Chavez','1','9226117636',NULL,1,'2543','1','207876570322','1986-12-02',1195),
    (206,'Samantha','Virginia','Strickland','1','7025160173',NULL,1,'7027','2','693419730532','1994-03-04',399),
    (207,'Sandra','Ruby','Powe','1','9613690041',NULL,1,'9644','1','974316907168','1955-08-08',170),
    (208,'Dorothy','Sabrina','Armand','1','3932073893',NULL,1,'1854','1','535104929181','1973-04-30',212),
    (209,'Antonio','Willard','Beasley','1','5192354174',NULL,1,'6996','2','648521417931','1944-09-20',72),
    (210,'John','Johnny','Buck','1','1760579397',NULL,1,'5003','1','189538294970','1984-08-11',778),
    (211,'Mark','Debbie','Newton','2','8563404230',NULL,1,'9532','1','834871995311','1952-09-17',995),
    (212,'Myesha','Ignacio','Ferraro','2','7156923240',NULL,1,'2191','2','484075310207','1965-05-03',737),
    (213,'Shizue','Sarah','Toney','1','8908292765',NULL,1,'6583','2','256891253411','1964-04-07',535),
    (214,'Ruth','Robert','Winkle','1','3292001572',NULL,1,'5991','1','714884213483','1984-04-05',1252),
    (215,'Guillermo','Zoraida','Becker','2','5476342289',NULL,1,'1176','2','464140854179','1949-07-20',145),
    (216,'Dustin','Benny','Hendrix','1','8298233134',NULL,1,'3096','1','105529722614','1945-09-02',403),
    (217,'Ramona','Elizabeth','Thompson','1','4633305343',NULL,1,'9307','1','804325908287','1962-05-12',826),
    (218,'John','Marjorie','Smith','2','4006983060',NULL,1,'4765','1','958990556131','1948-09-15',245),
    (219,'Jeanne','Judy','Bisom','1','4715947656',NULL,1,'3601','1','281402343554','1946-01-15',1096),
    (220,'Mary','Jessica','Schmitt','1','4782194054',NULL,1,'4218','2','854839037106','1959-06-01',1061),
    (221,'Rogelio','Susan','Hollins','2','3653995862',NULL,1,'2266','2','110508693195','1992-07-25',578),
    (222,'Robert','Daniel','Martenez','2','1050729181',NULL,1,'2336','1','737521799680','1984-01-18',678),
    (223,'Meaghan','Debbie','Walther','1','3831391933',NULL,1,'1658','1','611128545446','1947-08-31',666),
    (224,'Eve','Donna','Hopkins','1','6978516609',NULL,1,'2167','2','936940196062','1944-03-18',123),
    (225,'Gerald','Christina','Dowdy','2','2693183541',NULL,1,'1784','1','455606288245','1961-04-12',1011),
    (226,'Mary','Gail','Gandhi','2','4820818781',NULL,1,'9392','2','678287111498','1993-12-16',1107),
    (227,'Janet','Charles','Ellis','1','8676845034',NULL,1,'7592','2','125502705969','1940-10-24',964),
    (228,'Sidney','Dana','Smith','1','1332012474',NULL,1,'9559','2','554740835408','1962-06-08',1064),
    (229,'Christine','Gaye','Robbins','2','8961596949',NULL,1,'4630','1','626210360990','1944-07-06',1269),
    (230,'Heather','Manuel','Andersen','2','2967346676',NULL,1,'9250','1','187248749243','1958-03-15',1237),
    (231,'Sheri','Lorraine','Pulliam','2','5484973451',NULL,1,'8978','2','875726574583','1960-06-05',653),
    (232,'Jose','Jennifer','Thews','1','2263672239',NULL,1,'2158','1','837608202200','1995-12-02',363),
    (233,'Julie','Deborah','Covino','2','3546651275',NULL,1,'1737','1','820864636948','1975-05-06',415),
    (234,'Chris','Tina','Hendricks','1','4700921723',NULL,1,'2269','1','962182552584','1961-12-02',449),
    (235,'Wanda','Hortense','Hampton','1','6193545070',NULL,1,'2564','1','375338406638','1948-09-14',81),
    (236,'Alan','Amy','Graham','1','7431692700',NULL,1,'3086','1','890184258980','1985-06-08',461),
    (237,'Fannie','Wayne','Bulson','1','6330512843',NULL,1,'8387','1','310351019448','1981-09-28',842),
    (238,'Jane','John','Price','1','4011767267',NULL,1,'4056','2','964037451210','1949-01-15',745),
    (239,'Timothy','Mary','Connolly','2','4535793245',NULL,1,'7772','2','502285820386','1956-06-29',1120),
    (240,'Stephen','Brittany','Pearson','2','8555404725',NULL,1,'9173','1','817722533428','1942-04-11',493),
    (241,'Kayla','Brian','Vick','2','4320147004',NULL,1,'7890','2','476327146548','1985-09-06',368),
    (242,'Steven','Carolyn','Yost','2','1561992731',NULL,1,'4169','1','447493251158','1963-08-29',1142),
    (243,'Jeffrey','Gregory','Sanchez','2','6236754451',NULL,1,'6497','2','729539280248','1946-08-24',347),
    (244,'Frank','Willie','Monk','2','2207187098',NULL,1,'5289','2','748322885577','1963-12-29',1242),
    (245,'John','Mickey','Dziuban','2','2617806441',NULL,1,'1320','1','661395165664','1970-01-25',436),
    (246,'James','Raymond','Neal','1','6128165243',NULL,1,'4353','1','441663903416','1947-11-12',339),
    (247,'Rita','Erin','Bryant','1','9623623779',NULL,1,'2023','1','208779187118','1974-04-23',752),
    (248,'Leopoldo','Evelyn','Sandoval','1','4697480991',NULL,1,'8865','1','572068021988','1955-11-08',1205),
    (249,'Amalia','Flora','Playford','1','8417962344',NULL,1,'3776','2','380192563429','1987-09-27',408),
    (250,'Jason','Ryan','Lopez','1','6291117923',NULL,1,'5709','2','136877824898','1997-02-20',747),
    (251,'Ella','Merrill','Brown','2','1698031008',NULL,1,'9123','2','889377166466','1959-09-26',327),
    (252,'Mildred','Kathryn','Landry','1','7439561513',NULL,1,'6582','2','876502663794','1982-10-25',1248),
    (253,'Jeffrey','Dorthy','Nadeau','1','4404445530',NULL,1,'9315','2','969815075538','1946-08-21',460),
    (254,'Don','Christopher','Curry','2','6739753681',NULL,1,'1788','2','700330599712','1981-12-29',1078),
    (255,'Greg','Donna','Roy','2','1488877911',NULL,1,'2991','1','588852602069','1952-07-03',182),
    (256,'Ralph','Richard','Clark','2','6692985195',NULL,1,'3877','2','238294958606','1985-04-20',131),
    (257,'Sherry','Mary','Elliott','2','4853684865',NULL,1,'2852','1','888684981724','1953-11-11',1081),
    (258,'Denise','William','Harper','1','8207771860',NULL,1,'8295','1','176014170281','1956-09-06',1081),
    (259,'Crystal','Ernest','Casady','2','6374829806',NULL,1,'9274','2','665141381578','1988-02-07',1046),
    (260,'Andrea','Veronica','Stewart','1','1207839135',NULL,1,'6299','2','126632513077','1966-09-22',1275),
    (261,'Rosemary','Jeanne','Jordan','1','7740549730',NULL,1,'1726','2','427783146077','1982-05-18',1148),
    (262,'Fidelia','Charmaine','Hartley','1','2796858366',NULL,1,'5281','1','210647681841','1942-09-17',254),
    (263,'Lori','Justin','Lugones','1','5122282682',NULL,1,'2367','1','888209866383','1954-05-21',618),
    (264,'Maragret','Robert','Elliott','2','4049400796',NULL,1,'6796','2','160596166525','1977-08-15',1208),
    (265,'Kelly','Roberto','Vierk','1','6538537930',NULL,1,'5427','2','822969742621','1961-01-08',336),
    (266,'Lisa','John','Quick','1','2629764887',NULL,1,'5527','1','259476032661','1988-01-28',297),
    (267,'James','Norma','Evans','1','4086271384',NULL,1,'9549','2','674077882104','1941-05-05',213),
    (268,'Shirley','Melissa','Hernandez','1','6901563714',NULL,1,'3995','2','551761467285','1944-06-01',551),
    (269,'George','Mitzi','Cervantes','2','2960942009',NULL,1,'5194','1','661777210929','1990-03-18',737),
    (270,'Minerva','Michael','Hoffman','2','1777118356',NULL,1,'7663','2','352846042295','1959-11-17',307),
    (271,'Olivia','Bonnie','Skaggs','1','8479322679',NULL,1,'7020','1','137534988650','1959-05-03',585),
    (272,'John','Stacie','Brown','2','9041373130',NULL,1,'7267','2','728853292991','1963-08-05',10),
    (273,'Emma','Ken','Garner','1','3581671920',NULL,1,'9134','1','202107348326','1989-01-10',793),
    (274,'Rebecca','Jack','Mobley','2','5716767495',NULL,1,'3857','1','510046062148','1945-01-06',23),
    (275,'Coralee','Larry','Sharp','1','6118417515',NULL,1,'2832','1','335781368696','1983-04-25',195),
    (276,'Taylor','Karla','Pettit','2','6473765979',NULL,1,'8585','2','386088520044','1990-10-05',756),
    (277,'Gary','Michael','Salmon','1','5829887370',NULL,1,'2792','1','127684929429','1971-05-22',167),
    (278,'Lori','Irvin','Flynn','2','9515742399',NULL,1,'9326','1','183399072078','1952-05-25',863),
    (279,'Anthony','Erich','Miller','2','2331227633',NULL,1,'8294','1','511070427285','1972-02-22',687),
    (280,'John','Hannah','Fry','2','4258114853',NULL,1,'2759','2','471589701487','1975-05-05',746),
    (281,'Samuel','Ann','Adler','2','2252729159',NULL,1,'6322','1','840891617498','1953-05-23',262),
    (282,'Diane','Leon','Youd','2','3293713430',NULL,1,'4498','2','468933319883','1962-07-23',1061),
    (283,'Erin','Ladonna','Donaldson','2','6627919771',NULL,1,'6657','1','692506459618','1950-06-06',230),
    (284,'Sandra','Debra','Nguyen','1','4538618093',NULL,1,'9954','1','479597767960','1942-05-04',613),
    (285,'Mary','Brian','Clark','1','8994688676',NULL,1,'2646','2','464516767166','1971-02-03',1103),
    (286,'Claudia','Joseph','Meacham','2','3952799550',NULL,1,'8260','2','831665185226','1982-05-17',772),
    (287,'Marjorie','Willie','Russ','1','9787566033',NULL,1,'8975','1','425883386789','1941-03-13',539),
    (288,'Douglas','Gerald','Mcelwee','1','6249765976',NULL,1,'7120','1','325156370769','1969-08-18',161),
    (289,'Richard','Fernando','Jimenez','2','3969410300',NULL,1,'7256','1','890810546854','1967-07-20',194),
    (290,'Will','Charles','Pratt','2','1674427017',NULL,1,'8653','2','892431973485','1987-07-08',1089),
    (291,'Evelyn','Manuel','Guerra','2','5044526244',NULL,1,'8866','1','898241246718','1963-02-25',201),
    (292,'Dennis','Olive','Vance','1','2636310956',NULL,1,'1239','1','723082804889','1940-11-04',881),
    (293,'Harold','Michael','Baker','2','4747182009',NULL,1,'3316','1','166391032115','1972-03-08',273),
    (294,'Nestor','Donald','Knight','1','5176110606',NULL,1,'8248','2','129025686213','1955-04-03',468),
    (295,'Bessie','Arthur','Hendricks','1','7857336751',NULL,1,'3682','2','974269548806','1986-06-08',247),
    (296,'William','Lee','Brown','1','9775098189',NULL,1,'2171','1','663330471992','1970-06-13',156),
    (297,'Alan','Doris','Soders','2','4250512809',NULL,1,'7406','2','956950086604','1981-03-01',1085),
    (298,'Dora','Louise','Johnson','2','4464184314',NULL,1,'5370','2','236069876518','1957-06-24',28),
    (299,'Tiffanie','Jade','Boden','1','5005417085',NULL,1,'9903','1','840647492138','1972-12-23',1184),
    (300,'Willa','Janene','Williams','2','5423865396',NULL,1,'5027','1','285707260260','1993-02-20',768),
    (301,'Kimberly','Gordon','Sandmeier','1','1696228801',NULL,1,'7774','1','411972208166','1968-11-28',127),
    (302,'Sharon','Jennifer','Merrell','1','9487903423',NULL,1,'9431','1','726190377053','1947-08-08',713),
    (303,'Ryan','Mildred','Tharrington','2','5988620312',NULL,1,'6311','2','186826382907','1967-01-29',1055),
    (304,'Edward','Dennis','Johnson','1','7905364160',NULL,1,'7482','1','214598275206','1979-06-09',334),
    (305,'Sherry','Diane','Edgehill','1','2389299510',NULL,1,'6330','2','695188879032','1960-04-15',1147),
    (306,'Russell','Steven','Barile','1','3607203183',NULL,1,'1324','2','561912811947','1968-06-12',282),
    (307,'Iona','Tom','Perez','2','9803779674',NULL,1,'5148','2','750223388400','1993-04-25',196),
    (308,'Winifred','Orlando','Knauf','1','4753067362',NULL,1,'3263','1','125964628543','1994-08-30',247),
    (309,'Henry','Bryan','Wright','2','1063799137',NULL,1,'2228','2','962643642484','1972-08-07',566),
    (310,'Rudy','Rosemary','Ramirez','1','1152004736',NULL,1,'2596','2','981635526405','1947-10-20',836),
    (311,'Kelly','Patsy','Breheny','1','3203293560',NULL,1,'1383','1','696741820351','1944-05-03',616),
    (312,'Jessica','Jennifer','Swalley','1','6119796226',NULL,1,'8771','1','223692468042','1974-03-31',23),
    (313,'Mary','Tyler','Blackman','2','7419544320',NULL,1,'8696','2','714629569684','1993-10-30',163),
    (314,'John','Henry','Whelan','1','6155076991',NULL,1,'5754','1','638909989498','1946-09-15',829),
    (315,'Maribel','Steven','Blalock','2','9909939304',NULL,1,'3399','2','713465731070','1976-05-06',50),
    (316,'Abraham','David','Matherly','1','3351279817',NULL,1,'5594','2','643863648616','1969-10-15',909),
    (317,'Carol','Peter','Simkins','1','2560150464',NULL,1,'8831','1','619436208007','1942-02-25',1019),
    (318,'Doris','Rodney','Coleman','1','1501003481',NULL,1,'2227','2','198505593205','1972-01-27',540),
    (319,'Charles','Michael','Holmes','2','4011621252',NULL,1,'2286','1','818510444123','1952-06-10',1271),
    (320,'Cynthia','Sam','Blank','2','8943167236',NULL,1,'2309','2','706565334564','1973-05-28',562),
    (321,'Ella','Jason','Shuman','1','2300184729',NULL,1,'8088','2','320393953616','1986-06-01',728),
    (322,'Lea','Michael','Caver','1','7807393396',NULL,1,'7807','1','541418240385','1981-07-07',491),
    (323,'Ruth','Tammy','Durant','2','6142949906',NULL,1,'2461','2','244563801475','1986-05-28',1150),
    (324,'Roy','Stacie','Lathan','2','4470708440',NULL,1,'6359','2','598923755651','1945-12-11',776),
    (325,'Jennifer','Michael','Aberle','2','6414306017',NULL,1,'1801','2','750231454204','1986-07-24',940),
    (326,'Jerald','Michele','Ferguson','2','7619590814',NULL,1,'8236','2','845757424192','1967-11-07',1239),
    (327,'Fernando','Zenaida','Payne','2','4563780814',NULL,1,'7456','2','710929645385','1966-11-01',413),
    (328,'Chris','Pauline','Pritchett','1','3694278994',NULL,1,'6735','1','440396974351','1957-04-25',1167),
    (329,'Charles','Alejandra','Phillips','2','5788093252',NULL,1,'4554','2','858174190910','1958-08-12',928),
    (330,'Bill','Candice','Mosley','1','5048966944',NULL,1,'5792','1','342184741544','1992-09-26',1153),
    (331,'Joshua','Natasha','Helms','1','3828685005',NULL,1,'2353','1','121401717535','1960-04-02',947),
    (332,'Charles','Verda','Poole','1','5423425603',NULL,1,'5130','2','318680108265','1996-08-22',295),
    (333,'Laura','Willie','Owens','2','8809628739',NULL,1,'1503','1','684021816063','1980-08-04',610),
    (334,'Dora','Brenda','Bramlett','2','9956102035',NULL,1,'9405','2','961784934481','1993-12-13',853),
    (335,'Ann','Renee','Alvarez','1','5923917991',NULL,1,'9295','2','199012550040','1940-12-18',787),
    (336,'Joseph','Penny','Jones','2','2980915341',NULL,1,'4023','2','248887011774','1971-11-22',842),
    (337,'Katherine','Elizabeth','Baptiste','1','8133293743',NULL,1,'8025','2','169328547188','1967-11-11',1187),
    (338,'Mary','Michael','Christensen','1','6358559269',NULL,1,'4091','2','255038167073','1967-12-01',977),
    (339,'Thomas','Heather','Springer','2','4384026504',NULL,1,'2068','2','267232848933','1995-12-27',641),
    (340,'Thelma','Robert','Wattles','1','2876959888',NULL,1,'6568','1','373334452993','1993-06-13',1091),
    (341,'Margaret','Cecilia','Winnen','2','1080970310',NULL,1,'2496','1','990122087018','1965-12-02',392),
    (342,'Richard','Jason','Nisbett','2','3445117274',NULL,1,'4346','1','133465018967','1970-07-08',164),
    (343,'Charles','Essie','Seibert','1','9339505838',NULL,1,'2647','2','127256207453','1983-01-20',1031),
    (344,'Mary','Joyce','Knox','1','2169326503',NULL,1,'6361','1','203613247494','1993-01-26',1156),
    (345,'Janet','Naomi','Best','1','3636304652',NULL,1,'2579','2','244880614058','1970-02-19',554),
    (346,'Glenn','Megan','Meador','1','7546387038',NULL,1,'1050','1','287145333493','1971-05-22',546),
    (347,'David','Larry','Gilbert','2','4943272834',NULL,1,'7482','1','572255761311','1962-08-05',584),
    (348,'Harry','Mary','Priest','2','7168224182',NULL,1,'4146','2','316271444854','1952-09-07',112),
    (349,'Kathline','Theresa','Revak','1','6398049932',NULL,1,'8012','1','571929383859','1942-03-05',1011),
    (350,'Maggie','Ann','Melton','1','6986593563',NULL,1,'6756','2','655914605174','1958-03-27',287),
    (351,'Reuben','Celia','Mcqueen','2','2079809770',NULL,1,'8211','2','918756769071','1968-03-24',760),
    (352,'Melinda','Joanne','Abbott','2','7255696671',NULL,1,'9928','2','566636948321','1950-02-12',80),
    (353,'Kelly','Evelyn','Tittle','1','5022480743',NULL,1,'4076','1','428979989070','1979-03-04',1297),
    (354,'Heather','Ana','May','1','3102100073',NULL,1,'5747','2','225001964857','1981-12-28',272),
    (355,'Anna','Larry','Manning','2','1351453288',NULL,1,'2510','2','625934857478','1963-03-23',1065),
    (356,'Armida','Mary','Martell','2','2872978888',NULL,1,'3352','1','450629167345','1941-01-17',281),
    (357,'Bradley','Annette','Block','2','1423527000',NULL,1,'1826','2','285113395984','1959-02-18',963),
    (358,'Jacob','Douglas','Dixon','2','3902732846',NULL,1,'8509','2','378299651721','1995-01-23',809),
    (359,'Linda','Cliff','Haynes','1','8298661224',NULL,1,'6096','2','823606900486','1988-03-21',762),
    (360,'Karl','Janet','Davis','1','6766219308',NULL,1,'1996','2','661207112806','1977-11-26',680),
    (361,'Connie','Cecile','Crawley','1','2887971895',NULL,1,'5858','2','710190746572','1951-12-10',818),
    (362,'Rebecca','Carol','Gittens','2','2722023777',NULL,1,'1038','2','509368065558','1980-11-30',264),
    (363,'Rachel','Delia','Godsey','2','6282003803',NULL,1,'6673','2','961547774849','1948-01-31',410),
    (364,'Joshua','Byron','Kenon','1','3406086727',NULL,1,'1443','1','586998343433','1953-05-06',1075),
    (365,'Tonia','Jennifer','Raynor','2','8218919972',NULL,1,'8010','2','614563806142','1990-07-28',434),
    (366,'Jonathan','Rosella','Hersey','1','5944237155',NULL,1,'9612','1','513524618522','1994-08-23',1113),
    (367,'Emily','Joanna','Hicks','1','2051072472',NULL,1,'8206','2','866250990246','1976-10-15',86),
    (368,'Elizabeth','Phyllis','Dudley','2','7157650651',NULL,1,'1246','1','753947634330','1993-09-27',1069),
    (369,'Aurora','Darrin','Hudson','1','4083912191',NULL,1,'8540','1','312116529764','1958-05-05',17),
    (370,'Joel','Timothy','Granado','1','9812941816',NULL,1,'6431','1','465582730705','1951-09-13',637),
    (371,'Thomas','Ruby','Mason','2','3677729656',NULL,1,'8665','1','998047900863','1970-09-24',1292),
    (372,'Michael','John','Thompson','1','9174794266',NULL,1,'1842','2','959000667726','1960-03-04',1250),
    (373,'Ted','Angela','Bratcher','1','6168462113',NULL,1,'5006','2','444718367095','1963-03-31',533),
    (374,'Natalie','Cynthia','Collin','2','2659667922',NULL,1,'2395','2','237055409282','1967-02-21',554),
    (375,'Joshua','Joy','Neumaier','1','9947941854',NULL,1,'3359','1','370879980636','1997-01-12',2),
    (376,'Jeanne','Israel','Remy','1','3797842971',NULL,1,'2390','1','555724602075','1961-05-14',91),
    (377,'Glen','Angelo','Pecoraro','1','8752584515',NULL,1,'3538','2','879948488358','1945-04-06',430),
    (378,'Joseph','Patricia','Reed','2','5688391189',NULL,1,'4486','1','993915172928','1954-04-25',1281),
    (379,'Quyen','Robin','Wilner','1','2731172090',NULL,1,'9356','1','587912418386','1951-10-06',613),
    (380,'Amanda','William','Smith','1','1343568291',NULL,1,'3645','1','299080676460','1970-12-28',1222),
    (381,'Lester','Sherry','Vargas','2','8597685413',NULL,1,'1260','2','524237068699','1989-08-22',452),
    (382,'Billy','Jose','Davis','1','7375502402',NULL,1,'5941','2','691515209878','1980-01-31',695),
    (383,'Gary','Thomas','Wilson','1','1135791772',NULL,1,'7149','1','846610794976','1954-02-09',941),
    (384,'Kelly','Jill','Knight','1','1250177553',NULL,1,'6945','2','526116156679','1944-10-08',1295),
    (385,'Rosalia','Kyle','Adkins','1','4585465313',NULL,1,'7325','1','920555277487','1995-04-24',993),
    (386,'Stacy','Rebecca','Candelaria','1','6114651986',NULL,1,'2279','2','306448272987','1949-02-27',433),
    (387,'James','Bobby','Palmer','2','4549704453',NULL,1,'1405','1','568555299098','1967-05-07',593),
    (388,'Ruth','Kenny','Sparks','2','3306514563',NULL,1,'7756','2','267116570672','1961-06-03',772),
    (389,'Daniel','Garry','Francis','2','7893688179',NULL,1,'9757','1','598396670555','1940-06-19',594),
    (390,'Jill','Thomas','Hayes','2','4422005777',NULL,1,'6910','2','145204293400','1956-03-15',1171),
    (391,'Adrienne','Dianne','Jarrett','1','8660141301',NULL,1,'9581','2','173318452500','1995-02-24',283),
    (392,'Betty','Laura','Phernetton','1','1937562705',NULL,1,'5858','1','844755754969','1983-03-23',902),
    (393,'Otis','Joseph','Watkins','2','2074932106',NULL,1,'5189','2','623528757957','1957-04-14',239),
    (394,'Angela','Bob','Poteet','2','6528651088',NULL,1,'2217','1','290214763070','1987-08-27',1099),
    (395,'Christopher','Christopher','Osbourne','1','8796848172',NULL,1,'7800','1','877022557925','1956-10-31',587),
    (396,'Susana','Virginia','Johnson','2','4725422558',NULL,1,'5964','1','173520687528','1942-09-14',1015),
    (397,'Russell','Lula','Wax','1','9235446296',NULL,1,'7552','1','537434084594','1995-04-24',638),
    (398,'Donald','David','Novak','2','8157724384',NULL,1,'5430','2','810874653595','1952-06-01',645),
    (399,'Steven','Tracey','Messick','2','8505500674',NULL,1,'6186','2','862840371220','1942-11-23',43),
    (400,'Michael','Leo','Kaufman','2','4786265313',NULL,1,'6146','2','716965470786','1941-12-29',1207),
    (401,'Hubert','Mark','Johnson','1','5837647714',NULL,1,'7694','2','772218668735','1940-11-19',811),
    (402,'Jack','Israel','Brown','1','1216963779',NULL,1,'6571','2','883904277183','1987-09-06',1114),
    (403,'Alvin','Pamela','Gambrill','1','8007190638',NULL,1,'6994','2','303038456327','1990-12-19',1174),
    (404,'Virginia','Elizabeth','Ehmann','1','8953270212',NULL,1,'1826','1','872234385907','1946-01-14',788),
    (405,'Fredrick','Anna','Saxbury','1','5432661210',NULL,1,'5297','1','703161530123','1986-03-04',913),
    (406,'Jack','Christina','Mcgary','1','1356785703',NULL,1,'3130','2','290474997645','1974-09-12',289),
    (407,'Carolyn','Tammy','Ratcliff','2','5119466673',NULL,1,'5584','1','732743844120','1995-09-04',317),
    (408,'Dewey','Cheryl','Mischler','2','6688194989',NULL,1,'5637','1','773691811080','1986-12-06',647),
    (409,'Vivian','Nathan','Riley','2','7346161161',NULL,1,'6334','1','248927350388','1950-10-17',369),
    (410,'Juana','Elizabeth','Mckee','2','3964346910',NULL,1,'9542','1','128133707968','1948-08-14',865),
    (411,'Robin','Toney','Mcdougald','1','1704802468',NULL,1,'8689','1','999197431642','1973-01-06',482),
    (412,'Pedro','Carol','Alvidrez','2','3265162712',NULL,1,'4135','2','454580589046','1962-09-02',1133),
    (413,'Charles','Francis','Deutsch','2','4513512945',NULL,1,'3056','1','209643258544','1984-09-17',947),
    (414,'Cynthia','Jeffrey','Wissmann','2','8891098608',NULL,1,'5329','2','479702503335','1953-01-02',66),
    (415,'Lorena','Mario','Andrews','1','4309091637',NULL,1,'1595','1','172403150810','1977-11-28',165),
    (416,'Stephen','Andrew','Baysinger','1','5559772331',NULL,1,'8888','1','915553262337','1986-12-13',643),
    (417,'Jacqueline','Dominique','Medina','2','9174840303',NULL,1,'3148','1','918419208734','1988-09-23',998),
    (418,'Shirley','Miguel','Rezak','2','8399265955',NULL,1,'4833','2','998297344864','1968-12-29',303),
    (419,'Rebecca','Melissa','Brannon','2','4054418251',NULL,1,'8623','1','755713346299','1984-12-07',470),
    (420,'Courtney','Donnie','Snyder','1','8983014362',NULL,1,'8607','1','275495591205','1980-05-01',1256),
    (421,'Timothy','Benjamin','Quillen','2','7604569621',NULL,1,'6639','1','260374245469','1962-08-18',675),
    (422,'John','Jaime','Allen','2','8198845757',NULL,1,'9561','1','845210314070','1956-04-14',233),
    (423,'Jean','Frances','Loveless','1','7088816722',NULL,1,'9121','2','646644390767','1944-03-04',811),
    (424,'Sharon','Michael','Sorell','1','1114619100',NULL,1,'5036','2','658873083340','1965-02-13',380),
    (425,'Kevin','Ronald','Whitener','1','7724503766',NULL,1,'7398','2','404374115221','1976-08-24',994),
    (426,'Clyde','Kelley','Garcia','2','1025504993',NULL,1,'6574','2','287343113887','1961-05-03',618),
    (427,'Joseph','Debra','Ball','2','9530775433',NULL,1,'9164','1','702198072959','1947-12-24',324),
    (428,'Joseph','Bertha','Pratt','2','6540901855',NULL,1,'8663','2','752446887255','1941-05-21',889),
    (429,'Steven','William','Challender','2','4825397377',NULL,1,'1171','2','347255585479','1984-02-19',211),
    (430,'Adrian','John','Diminich','1','4430495981',NULL,1,'9722','1','572729979178','1949-04-23',204),
    (431,'Deandre','Vincent','Gonzalez','1','4869504930',NULL,1,'3833','1','466099575353','1987-06-15',648),
    (432,'Anna','Megan','Chavez','1','3561641697',NULL,1,'8133','1','678095051301','1978-11-22',618),
    (433,'Keneth','Kent','Owen','1','3531492013',NULL,1,'8182','2','813283076423','1950-04-05',35),
    (434,'Lavonne','Mary','Bouffard','1','8849634796',NULL,1,'4906','2','642807720266','1960-10-17',138),
    (435,'Wanda','Ralph','Powell','2','7078967855',NULL,1,'8335','2','520273022843','1963-03-16',936),
    (436,'Elizabeth','Richard','Gilreath','2','5196099930',NULL,1,'1410','1','274983280416','1949-07-07',454),
    (437,'Charles','Agnes','Delrosso','1','9131171915',NULL,1,'7576','1','637363197521','1950-01-10',995),
    (438,'Howard','Faith','Robbins','2','8904100876',NULL,1,'8170','1','484309923132','1986-05-20',1298),
    (439,'Boyd','Ronald','Perry','2','3957272108',NULL,1,'6774','1','160045294044','1974-11-18',510),
    (440,'Scott','Melanie','Noland','1','7342941386',NULL,1,'8455','1','828315617455','1985-12-23',45),
    (441,'Melissa','Stacy','Perez','2','3522455285',NULL,1,'1933','2','181552628740','1973-09-19',639),
    (442,'Denise','Lashonda','Rozanski','2','8883317370',NULL,1,'9509','1','985602963804','1944-06-11',406),
    (443,'Robert','Janice','Pao','2','7302781039',NULL,1,'2087','2','194901543249','1954-04-03',454),
    (444,'Kimberly','Maria','Mcadams','2','4290639074',NULL,1,'8719','1','291572140481','1968-01-01',100),
    (445,'Shannon','Paul','Bonner','2','6754631499',NULL,1,'7427','1','541972074714','1996-06-25',954),
    (446,'Mary','Dianna','Mcgrane','1','3202375611',NULL,1,'8009','1','788897023378','1950-01-23',817),
    (447,'Pedro','Andrea','Murphy','2','2709751005',NULL,1,'2827','2','904091869470','1957-12-03',1250),
    (448,'Michael','Jerry','Nelson','1','9896288104',NULL,1,'6471','1','279732962710','1942-07-13',979),
    (449,'Joseph','Angelica','Barnhill','1','7548387077',NULL,1,'9094','2','172546006548','1985-02-26',148),
    (450,'Sarah','Albert','Falconi','2','5278857254',NULL,1,'6469','2','813193706630','1960-05-10',1070),
    (451,'Eric','Kathy','Morgan','1','8146201864',NULL,1,'5002','1','937355709396','1965-10-09',337),
    (452,'Lloyd','Jessica','Rush','2','2429290863',NULL,1,'3732','2','945959870963','1961-04-24',109),
    (453,'Tom','Shirley','Boyd','1','5460507493',NULL,1,'4693','2','196321485277','1964-11-21',1086),
    (454,'Eddie','Richard','Cornell','2','6026726293',NULL,1,'8699','2','651264615190','1967-11-18',957),
    (455,'Sylvia','Elena','Cook','1','1740389766',NULL,1,'4019','2','357151887189','1940-11-22',1010),
    (456,'Lester','Joseph','Carden','1','3878384763',NULL,1,'8656','2','896692809316','1967-03-21',485),
    (457,'Florence','Mary','Boyce','1','4554350885',NULL,1,'2101','2','331097639447','1976-02-08',94),
    (458,'Richard','Christopher','Woodall','2','3515734903',NULL,1,'3651','2','482101611600','1966-09-01',1016),
    (459,'Fannie','Lora','Gonzalez','2','6372465427',NULL,1,'8501','2','215890316695','1982-07-07',70),
    (460,'George','Albert','West','2','2966816822',NULL,1,'6447','1','809211030720','1979-05-17',957),
    (461,'Latoya','Gary','Meehan','1','4699125273',NULL,1,'2122','2','120856608018','1971-12-12',984),
    (462,'Melissa','Diann','Nelson','2','9975363622',NULL,1,'4140','1','624274599013','1975-01-16',1061),
    (463,'Jasmine','Mei','Williams','1','5481148202',NULL,1,'7426','1','424223222475','1981-12-25',1192),
    (464,'Kathy','Rocky','Young','2','9372744495',NULL,1,'2554','1','199166036540','1979-06-07',1296),
    (465,'Heather','Kirk','Villanueva','2','7204112480',NULL,1,'1140','1','529415254345','1988-02-21',1132),
    (466,'Aurora','Rodney','Molden','2','4303495684',NULL,1,'1341','1','951593313186','1969-12-31',36),
    (467,'Karen','Jeffrey','Chatten','2','2225372273',NULL,1,'1367','2','899695581928','1980-12-28',40),
    (468,'Tina','Theresa','Schell','2','9841469409',NULL,1,'2842','2','829163192930','1961-11-21',395),
    (469,'Jeremy','Terry','Rayburn','1','1820520648',NULL,1,'5521','2','595730300379','1993-12-12',911),
    (470,'Jeana','Bobbie','Kieser','1','3631978045',NULL,1,'4155','1','453307233619','1982-05-28',146),
    (471,'Brenda','Joan','Balson','1','2624589428',NULL,1,'7291','1','758122186980','1984-10-16',1230),
    (472,'Herbert','Cody','Watson','1','1915755297',NULL,1,'2737','1','438893112785','1942-08-01',1259),
    (473,'Robin','Brian','Owens','1','9378576685',NULL,1,'6658','2','655033972968','1956-06-04',387),
    (474,'David','Paul','Mraz','1','8523393918',NULL,1,'8959','2','598556756226','1963-01-07',1198),
    (475,'Raymond','Alfonzo','Terres','2','1743523094',NULL,1,'8214','1','805572417860','1959-05-01',1135),
    (476,'Rae','Linda','Mcmanus','1','7331460090',NULL,1,'1407','1','859207951241','1946-09-28',281),
    (477,'Suzanne','Richard','Cotto','2','9730822270',NULL,1,'7893','1','934343972853','1956-03-04',178),
    (478,'Mary','James','Liestman','2','3369240562',NULL,1,'6459','2','663667847606','1941-07-03',34),
    (479,'Fredric','Doris','Stewart','1','5874240107',NULL,1,'1188','1','696442662367','1960-12-16',188),
    (480,'David','Mark','Jones','2','5591064641',NULL,1,'3236','2','346554436160','1982-01-25',274),
    (481,'Misty','Sheila','Dawson','1','1149655701',NULL,1,'8080','2','161604330758','1948-07-16',711),
    (482,'Eric','Margie','Long','1','1549416083',NULL,1,'6239','2','922970088721','1993-09-23',755),
    (483,'Kathy','Diann','Scott','2','7387246615',NULL,1,'2714','2','302398201404','1990-06-19',443),
    (484,'Roger','Mary','Rivera','2','2193216201',NULL,1,'7653','1','941031455588','1947-01-01',902),
    (485,'Sharon','Pauline','Myers','1','9722364589',NULL,1,'3536','2','179706562994','1984-06-17',1111),
    (486,'Tiffany','Reuben','Thornton','1','5080414889',NULL,1,'4335','2','503723441040','1970-03-21',511),
    (487,'Christopher','James','Menden','2','4530380580',NULL,1,'8748','1','795147927194','1992-09-07',269),
    (488,'Joan','Jacquelyn','Stephen','2','1820148349',NULL,1,'9888','1','530380962327','1954-04-11',1141),
    (489,'Robert','Dorothy','Michaud','2','9936553258',NULL,1,'7437','1','324497427060','1961-02-06',8),
    (490,'Estella','Nicky','Keim','2','2522171208',NULL,1,'6062','1','156741325408','1971-07-21',1239),
    (491,'Micheal','Marsha','Metelus','1','6011095118',NULL,1,'3575','1','493092849846','1950-05-26',48),
    (492,'Sylvia','Jonathan','Brickhouse','1','3594965028',NULL,1,'3208','2','164158571985','1994-07-18',602),
    (493,'Andres','Frances','Schaefer','1','9082563723',NULL,1,'1745','1','781467846763','1959-02-21',60),
    (494,'Esther','Jason','Pineau','1','8204469400',NULL,1,'4916','1','337058510942','1985-06-24',1300),
    (495,'Roger','Terri','Gaston','1','2727740644',NULL,1,'5382','1','682463013809','1975-01-07',529),
    (496,'Gary','Tammy','Battle','2','3809569472',NULL,1,'8475','1','319144848997','1980-06-11',905),
    (497,'Geraldine','Edward','Darby','1','9308408474',NULL,1,'7446','2','826816256717','1990-01-12',339),
    (498,'John','Harvey','Severy','1','7775612926',NULL,1,'1852','2','842499678705','1996-04-17',67),
    (499,'Dana','Winifred','Wertheimer','1','5466396137',NULL,1,'2509','2','799021654064','1978-07-25',440),
    (500,'Matthew','Daryl','Kiger','2','9916591041',NULL,1,'5527','2','229943648246','1965-12-03',232),
    (501,'Derick','Sarah','Carrier','1','4990213304',NULL,1,'8766','1','480165420526','1971-10-01',890),
    (502,'Susan','Janice','Matthews','1','9639990789',NULL,1,'1371','2','248944826977','1952-06-30',225),
    (503,'Michael','Mary','Rowlands','2','5587464792',NULL,1,'8587','1','751157631526','1997-04-27',874),
    (504,'Christie','Michael','Howard','1','2709023763',NULL,1,'7864','1','708975148122','1989-07-16',910),
    (505,'Lorraine','Jonathan','Ferree','1','4698294692',NULL,1,'6620','2','365746727740','1994-05-08',368),
    (506,'Paul','Gussie','Skiba','1','1134180324',NULL,1,'6839','1','300884721494','1989-11-23',671),
    (507,'Genevieve','Christopher','Standifer','2','2062946614',NULL,1,'8558','1','668661103672','1992-01-07',906),
    (508,'Jeanne','William','Addington','2','6337621711',NULL,1,'2078','2','903485308817','1958-01-21',566),
    (509,'Susan','Tristan','Gream','2','2314941956',NULL,1,'7814','2','168546313871','1991-08-24',361),
    (510,'Jennifer','Ruth','Rosenthal','1','5666923286',NULL,1,'3584','2','635882082287','1950-09-24',499),
    (511,'Louise','Magaly','Green','2','9296849446',NULL,1,'7195','2','158579835982','1956-12-13',247),
    (512,'Linda','Timothy','Johnson','1','4802124710',NULL,1,'1331','2','764715323046','1989-05-15',708),
    (513,'Carolyn','Barbara','Tai','1','2739644265',NULL,1,'9971','2','652192484976','1995-05-06',828),
    (514,'Philip','Margarita','Shidler','2','6821830343',NULL,1,'4311','1','914195601280','1964-02-12',527),
    (515,'Diane','Anthony','Day','2','4437079741',NULL,1,'6899','1','451374148116','1942-11-10',921),
    (516,'Samantha','Faye','Allah','2','9724028035',NULL,1,'7557','2','308772542586','1977-02-10',1297),
    (517,'James','Celia','Cody','2','2256402255',NULL,1,'6128','1','860405469323','1963-06-05',1076),
    (518,'Harry','Christopher','Combs','1','3438596704',NULL,1,'4211','2','967387659224','1943-11-16',60),
    (519,'Lyman','Patrick','Costley','2','4360962710',NULL,1,'1035','1','697735429378','1975-04-12',224),
    (520,'Angela','Jimmy','Javaux','1','5628757231',NULL,1,'1897','2','736193364096','1952-01-27',1002),
    (521,'Elizabeth','Joyce','Sanchez','1','7628918965',NULL,1,'7706','2','510119389691','1976-12-24',271),
    (522,'Rogelio','Doris','Cook','2','7650871498',NULL,1,'4299','1','872846610155','1993-12-26',1041),
    (523,'James','Marshall','Stover','2','7074170005',NULL,1,'1915','2','977933451996','1990-01-14',92),
    (524,'Thomas','Leola','Necaise','2','9974422602',NULL,1,'9322','1','519653821650','1989-07-13',1032),
    (525,'Roy','Lana','Calzada','1','4020950373',NULL,1,'7161','1','939734429324','1947-10-15',928),
    (526,'Louise','David','Maes','1','2373455328',NULL,1,'2616','2','239481433621','1944-01-15',95),
    (527,'Herman','Melissa','Cermeno','2','8696652076',NULL,1,'8612','1','806501330970','1949-12-25',869),
    (528,'Charles','Mary','Stanfa','2','7328106608',NULL,1,'7544','2','256714865483','1995-01-24',106),
    (529,'Madge','Vera','Allen','1','8997329838',NULL,1,'2824','2','912052557215','1954-04-13',368),
    (530,'Kay','Roy','Howard','2','8181838571',NULL,1,'8907','2','426008622470','1984-06-17',183),
    (531,'Martha','Belinda','Sutton','1','9957335564',NULL,1,'4480','1','598324289845','1992-05-15',1006),
    (532,'Roberta','Brett','Lund','2','6202922420',NULL,1,'3931','1','768981279378','1959-07-15',97),
    (533,'Mark','Irving','Raybuck','2','2441768675',NULL,1,'2961','1','268613129538','1941-11-10',895),
    (534,'Harold','William','Essary','2','9602170611',NULL,1,'7334','1','768027719663','1995-10-26',698),
    (535,'Betty','Louie','Fletcher','1','9068960180',NULL,1,'8982','2','428786069858','1957-02-27',457),
    (536,'Shirley','Gregg','Gasca','1','8110596070',NULL,1,'9792','1','140059175437','1986-05-03',224),
    (537,'Shelley','Barbara','Jefferson','2','6539797947',NULL,1,'5482','1','850818808764','1986-06-26',399),
    (538,'Edith','Pamela','Gulley','2','5234986277',NULL,1,'5995','1','407138861447','1960-11-16',574),
    (539,'James','Ann','Parks','2','4218751146',NULL,1,'3547','1','593770057928','1948-05-11',544),
    (540,'Amy','Gary','Simmons','2','2130436817',NULL,1,'5426','1','983591528804','1959-06-19',1178),
    (541,'Susan','Jonathon','Belizaire','1','3769342842',NULL,1,'8761','2','485424432289','1993-10-04',39),
    (542,'Raymond','Alexis','Lindsay','2','4044212313',NULL,1,'1098','2','768719679181','1990-08-24',1046),
    (543,'Dwayne','Juanita','Ferrer','2','8893539343',NULL,1,'3275','2','922726917449','1944-01-20',489),
    (544,'Adria','Jan','Bried','2','9535789101',NULL,1,'3906','1','440255939249','1973-12-14',550),
    (545,'David','Jimmy','Davidson','1','7930243033',NULL,1,'3778','2','229302477833','1989-02-06',93),
    (546,'Brett','Lizzie','Marks','2','8719769546',NULL,1,'6294','1','702782217456','1974-07-25',1048),
    (547,'Harold','Shannon','David','1','3750975369',NULL,1,'3262','1','928222927405','1989-12-07',102),
    (548,'Gail','Anna','Newlin','1','6796969024',NULL,1,'9780','1','893413754778','1943-07-31',1214),
    (549,'Melvin','Charlotte','Yahna','1','5800432673',NULL,1,'1853','2','872920663013','1980-06-19',449),
    (550,'Kenneth','Alexander','Habicht','2','8446730275',NULL,1,'6125','2','581002525987','1943-01-27',871),
    (551,'Ronald','Laura','James','1','9843037520',NULL,1,'7668','2','976679115624','1949-11-30',1102),
    (552,'Nikki','Amelia','Turner','1','4704583848',NULL,1,'9426','1','183275287577','1993-06-05',1128),
    (553,'Shirley','Ilana','Smoot','1','2655525860',NULL,1,'3267','2','315024515227','1990-01-25',730),
    (554,'Ronald','Amanda','Boudreau','2','9446705378',NULL,1,'3535','2','443810664106','1957-03-21',99),
    (555,'Helen','Victor','Rodriguez','2','5004978955',NULL,1,'4812','1','555157206284','1957-09-21',1129),
    (556,'Shelia','Audrey','Crockett','1','5365989365',NULL,1,'1724','1','908486331717','1953-02-05',609),
    (557,'James','Michelle','Frierson','2','7511906856',NULL,1,'3172','2','112268095145','1941-12-28',618),
    (558,'Keith','George','Layland','1','2841039622',NULL,1,'2502','1','919548316395','1989-07-07',412),
    (559,'Karen','John','Kendrick','2','2844962104',NULL,1,'1591','1','745358811811','1958-10-27',24),
    (560,'Jessica','Julie','Tanner','1','9599690144',NULL,1,'5611','1','972044460868','1967-03-21',313),
    (561,'John','William','Bradley','1','4803708773',NULL,1,'9567','1','862243506984','1995-07-18',278),
    (562,'Jean','John','Stone','1','2320802425',NULL,1,'9683','2','440881902714','1965-06-19',906),
    (563,'Diana','Alisha','Mccleskey','2','2447658509',NULL,1,'1514','1','133451633550','1961-04-07',623),
    (564,'Katherine','Treva','Eldredge','1','5029765320',NULL,1,'4396','1','684261733192','1944-10-01',1052),
    (565,'Henry','Crystal','Baxter','2','3648816585',NULL,1,'4062','2','454568654710','1957-01-05',116),
    (566,'Kathleen','Jennifer','Brandt','1','8225017430',NULL,1,'2763','1','150910078705','1973-09-28',1300),
    (567,'Nathaniel','Geraldine','Fuller','2','4684583004',NULL,1,'9690','1','464606382343','1945-12-18',680),
    (568,'Rebecca','Laverne','Goldstein','2','2275908352',NULL,1,'9146','2','238064158437','1995-04-19',231),
    (569,'Benjamin','David','Smith','1','1180680605',NULL,1,'5891','2','162504964319','1986-04-21',1004),
    (570,'Randell','Tara','Lindley','2','3416821100',NULL,1,'2128','2','935411614442','1963-07-18',896),
    (571,'Alice','Tracey','Peters','1','6283702150',NULL,1,'5503','2','679188781026','1990-10-08',1128),
    (572,'Melody','Bradley','Meeker','2','8653820438',NULL,1,'4955','2','881793397926','1946-06-14',417),
    (573,'Raymond','Gary','Labine','1','9439908338',NULL,1,'2259','1','986471622063','1955-10-12',818),
    (574,'Suzanne','Fern','Clay','2','8090873325',NULL,1,'3976','2','899748344588','1951-06-30',989),
    (575,'Lillian','John','Daigle','1','2251725497',NULL,1,'1469','2','472740856636','1996-12-13',1140),
    (576,'Martha','David','Richardson','1','2847733380',NULL,1,'3188','2','118137847350','1993-10-02',761),
    (577,'Judith','Martin','Threlkeld','1','3537564974',NULL,1,'6476','2','923632529818','1944-01-15',356),
    (578,'Michael','Linda','Cox','1','7408776138',NULL,1,'3155','1','777671141899','1969-11-29',536),
    (579,'Carol','Frankie','Clayton','1','6412696711',NULL,1,'9595','1','362462383826','1954-11-01',815),
    (580,'Maria','Samantha','Thigpen','2','3461580080',NULL,1,'5933','1','216902482511','1954-01-19',1102),
    (581,'Elizabeth','Rick','Dizon','2','6300376466',NULL,1,'2871','1','697169242993','1963-06-16',333),
    (582,'Adam','Beulah','Moll','2','7697776929',NULL,1,'4357','1','691912561907','1965-11-08',546),
    (583,'Kevin','Ken','Rouleau','2','9143389614',NULL,1,'4244','2','816129875820','1982-01-10',59),
    (584,'Janice','Delores','Scott','2','8054129856',NULL,1,'3289','2','266748321285','1951-08-24',142),
    (585,'Eva','Cory','Cowman','2','7340321563',NULL,1,'8684','1','377699871383','1954-12-20',153),
    (586,'Octavio','David','Kelly','2','2785836257',NULL,1,'3963','2','855142075641','1960-05-07',780),
    (587,'Stephanie','Kimberly','Butler','2','7094055442',NULL,1,'9991','2','535253872898','1981-07-11',1178),
    (588,'Helen','Kathleen','Moore','1','4598221576',NULL,1,'9543','1','166990449912','1958-08-13',1222),
    (589,'Barbara','Deborah','Carter','2','4024760214',NULL,1,'8421','1','823790874202','1943-04-06',843),
    (590,'John','William','Basham','2','1401021601',NULL,1,'2951','1','989414329593','1971-10-20',876),
    (591,'Alexander','Clifford','Castillo','2','6181706624',NULL,1,'8254','2','590039924546','1965-04-21',130),
    (592,'Kelly','Florencio','Roberts','1','1726430248',NULL,1,'9918','2','792381725121','1964-08-23',1035),
    (593,'Paul','James','Ingham','2','9299130430',NULL,1,'1111','2','670047730158','1995-08-18',216),
    (594,'Cara','Eula','Hesterman','1','6130310538',NULL,1,'4570','2','127847712770','1966-07-02',607),
    (595,'Jennie','Sarah','Ledford','1','1600517828',NULL,1,'2967','2','491192572696','1944-07-26',790),
    (596,'Timothy','Annie','Adames','1','3337673862',NULL,1,'4233','1','962966802631','1965-01-06',84),
    (597,'Stephen','Pamela','Estes','2','9982687863',NULL,1,'5733','2','519937051590','1953-05-22',1120),
    (598,'Amy','Daniel','Whitefield','1','4452100477',NULL,1,'1682','2','507603922601','1989-06-30',665),
    (599,'Dorothy','Mark','Saddler','2','3666604327',NULL,1,'9663','2','154336445090','1995-03-05',442),
    (600,'Christopher','Geraldine','Duane','1','4875499797',NULL,1,'5752','1','300609551251','1991-08-17',1024),
    (601,'Michael','Richard','Lackey','1','7567434543',NULL,1,'3496','1','853265612596','1962-01-02',21),
    (602,'Priscilla','Lori','Booker','2','6595342565',NULL,1,'9305','1','163460160092','1958-02-24',105),
    (603,'Victor','Terry','Parent','1','1211028597',NULL,1,'4318','2','613565273524','1967-12-21',633),
    (604,'Adam','Nellie','Wong','1','1357944260',NULL,1,'2257','1','495085692232','1951-04-14',767),
    (605,'Sharon','Curtis','Ingram','1','5598390140',NULL,1,'4775','1','574962866787','1940-09-17',336),
    (606,'Earl','Orlando','Holt','1','4403417553',NULL,1,'2184','1','696174019083','1970-09-02',944),
    (607,'Jerry','Jeanne','Wall','1','5495927585',NULL,1,'5888','2','905341075918','1972-06-30',594),
    (608,'Richard','Patrick','Felton','2','4065346753',NULL,1,'1499','1','643447497547','1956-03-27',1191),
    (609,'Randy','Silvia','Patterson','1','9519859902',NULL,1,'7813','2','480731053841','1978-10-26',1211),
    (610,'John','Deborah','Johnson','2','1179357727',NULL,1,'5920','2','527601885952','1952-10-20',935),
    (611,'Kathleen','Erik','Lee','1','2643139034',NULL,1,'4828','1','801172667759','1978-09-04',355),
    (612,'Carolyn','Steve','Clark','1','5855360973',NULL,1,'1176','1','734489747203','1979-02-27',469),
    (613,'Shawn','Debbie','Padilla','1','5342984045',NULL,1,'4941','2','598352970008','1951-10-30',489),
    (614,'Edward','Cole','Moseley','2','3200739342',NULL,1,'9191','2','862416091910','1986-02-20',1152),
    (615,'Mary','Santa','Robinson','1','2358097317',NULL,1,'7011','2','477828951877','1995-04-01',106),
    (616,'Jeremy','Frances','Strand','2','8425005218',NULL,1,'8579','2','933464900327','1969-08-12',942),
    (617,'Heather','Edward','Johnson','1','8777769842',NULL,1,'1795','1','886367812519','1969-11-26',449),
    (618,'Melissa','Barbara','Trujillo','2','7482558761',NULL,1,'7833','1','380155409472','1957-12-30',416),
    (619,'Mark','Yvonne','Whisnant','1','9568886422',NULL,1,'1735','1','582574586180','1973-07-10',1080),
    (620,'Gerard','Tammy','Horne','2','8899807659',NULL,1,'1913','2','320889636577','1947-08-01',1163),
    (621,'Samuel','Douglas','Cruz','2','1015753269',NULL,1,'8469','2','752877733087','1945-10-17',274),
    (622,'Bertha','Leroy','Silver','1','6094425003',NULL,1,'9816','2','744614815735','1989-10-20',573),
    (623,'Timothy','Madge','Mcdougald','2','6323836522',NULL,1,'2101','2','659908865229','1974-09-08',19),
    (624,'Linda','Scott','Campbell','1','1624623243',NULL,1,'8597','2','202194150947','1986-12-10',707),
    (625,'Albert','Randall','Sumpter','1','5171494642',NULL,1,'2567','2','885334423228','1965-05-10',485),
    (626,'Margaret','Charles','Dalessandro','2','4637350805',NULL,1,'1478','2','452504267180','1976-10-20',729),
    (627,'Garland','Tammy','Boyle','2','4024037216',NULL,1,'1514','1','488050096504','1973-05-14',956),
    (628,'Nancy','Stanley','Menjivar','1','2579340456',NULL,1,'2474','1','370423020675','1956-08-01',310),
    (629,'Todd','Kelley','Johnson','1','9118641943',NULL,1,'3923','2','138420330233','1985-06-07',28),
    (630,'Deana','Douglas','James','1','7865534946',NULL,1,'9793','2','516529698012','1960-05-29',368),
    (631,'Donnie','Michael','Parsons','1','1479424507',NULL,1,'8145','1','595577826338','1946-09-22',525),
    (632,'Josephine','John','Sisson','2','8062704838',NULL,1,'7692','1','931860218299','1980-10-02',903),
    (633,'Joe','Juanita','Langone','1','7947566679',NULL,1,'9597','2','212073407607','1974-04-08',7),
    (634,'Tina','Virginia','Hopkins','1','1270381897',NULL,1,'4192','2','384810286383','1960-09-12',215),
    (635,'Paul','Kurt','Starnes','2','6594430321',NULL,1,'2988','1','643401147698','1992-07-28',1144),
    (636,'Jason','Marjorie','Jackson','1','6317075237',NULL,1,'8554','1','222604523700','1948-10-01',386),
    (637,'David','Elizabeth','Britt','1','6162007253',NULL,1,'3663','2','405347654966','1974-09-01',265),
    (638,'Maria','Christian','Moses','2','2621218683',NULL,1,'6237','1','533569810309','1941-12-05',739),
    (639,'Susan','Javier','Reinschmidt','2','1802846930',NULL,1,'1184','1','276158423384','1983-11-09',1091),
    (640,'Elizabeth','Devon','Niemczyk','1','6093376364',NULL,1,'9452','2','279590024888','1976-03-19',141),
    (641,'Caroline','Monique','Whaley','2','5987961250',NULL,1,'2948','1','240795225220','1965-08-23',1300),
    (642,'Ryan','Maria','Lawrence','1','6135276498',NULL,1,'3038','2','604170636769','1977-09-07',695),
    (643,'Stephanie','Christine','Gilmore','2','5410131107',NULL,1,'6982','2','247699488392','1969-11-13',1046),
    (644,'Rigoberto','Lisa','Rew','1','1388107236',NULL,1,'6245','1','576037511148','1963-11-20',1013),
    (645,'Scarlett','Mike','Fischer','2','6687020666',NULL,1,'5986','1','492913375434','1973-10-24',1243),
    (646,'Kenneth','Velma','Bright','1','4525478244',NULL,1,'7115','2','511034240701','1953-03-13',906),
    (647,'James','Christopher','Salls','1','1007228408',NULL,1,'7746','2','337477626877','1970-12-22',333),
    (648,'Carolyn','Jean','Lopez','1','9535767991',NULL,1,'4988','2','229403006769','1964-11-26',1145),
    (649,'Teresa','Deborah','Rowe','2','5631836499',NULL,1,'2539','1','452890677760','1962-04-27',1199),
    (650,'Loraine','Robert','Hull','2','2936345439',NULL,1,'3058','1','320064399838','1971-11-08',32),
    (651,'Jared','Myrtle','Balder','1','2574715757',NULL,1,'4142','2','456799692410','1944-08-05',330),
    (652,'Jody','John','Mcdaniel','1','9898292667',NULL,1,'3253','2','962757833965','1976-11-09',355),
    (653,'Rebecca','Rochell','Jordan','1','5731267313',NULL,1,'3306','1','552083635512','1994-01-20',642),
    (654,'Tony','Jose','Simpson','2','3994974913',NULL,1,'2792','2','733889046601','1975-11-29',381),
    (655,'Belen','Elsa','Hurt','2','9907010226',NULL,1,'9500','2','430122669243','1954-07-06',537),
    (656,'Elsa','Sal','Campa','2','7250652311',NULL,1,'8150','2','707233198674','1983-08-01',668),
    (657,'Peggy','Angela','Davis','2','3737322706',NULL,1,'6725','2','248012211444','1955-09-30',1014),
    (658,'Jessica','Betty','Ames','2','4840038042',NULL,1,'6683','2','528176961565','1944-03-26',846),
    (659,'Joan','Lucile','Hager','2','3907102187',NULL,1,'3545','1','222771978732','1952-05-18',334),
    (660,'Kirsten','Susan','French','1','9960028291',NULL,1,'1502','2','788273369261','1953-05-29',1136),
    (661,'Marie','Bridgett','House','1','8010011951',NULL,1,'2127','2','890312512629','1973-09-11',437),
    (662,'Frederick','Johnnie','Shurman','1','3110415046',NULL,1,'7596','1','929408530988','1954-07-16',53),
    (663,'Adam','Nicole','Leon','2','7934862794',NULL,1,'2458','1','669728713252','1954-10-03',590),
    (664,'Anna','Kristi','Smalley','2','3560633284',NULL,1,'8577','2','985471282407','1971-06-15',311),
    (665,'Theresa','Mary','Warfield','1','2438870885',NULL,1,'7723','1','720733601134','1995-09-01',1091),
    (666,'Nancy','Julie','Whitehead','1','4931992223',NULL,1,'3084','1','312619299805','1968-04-22',1064),
    (667,'Kyle','Len','Vanacore','1','3614487491',NULL,1,'7320','2','465006068022','1992-04-01',888),
    (668,'Rita','Isabel','Britt','1','6778272556',NULL,1,'2326','2','991278075740','1991-07-11',724),
    (669,'Kenneth','Sergio','Wang','1','4495881353',NULL,1,'5733','1','403008274735','1984-01-06',139),
    (670,'Mark','Jodi','Kraham','1','5449071846',NULL,1,'3086','2','903629507758','1956-01-07',421),
    (671,'Ronald','Cynthia','Mathewson','2','3034844021',NULL,1,'5614','1','934829503226','1953-01-14',931),
    (672,'Elsie','Andrew','Villa','1','7087511344',NULL,1,'9379','1','111828449873','1972-01-05',239),
    (673,'Edward','Clarence','Spina','2','3736786641',NULL,1,'3005','1','498904443403','1984-01-22',1119),
    (674,'Stephen','Gary','Allmand','1','8514398787',NULL,1,'7313','2','199768920906','1953-08-16',590),
    (675,'Joseph','William','Irving','1','2579700660',NULL,1,'8289','1','484552925990','1982-10-22',422),
    (676,'Lisa','Deborah','Harvey','1','1488271201',NULL,1,'8065','1','632114787979','1971-06-30',540),
    (677,'Leon','Dorothy','Yost','2','7287809680',NULL,1,'5090','2','497904542495','1962-02-05',1138),
    (678,'Jane','Frank','Gomez','2','3411354926',NULL,1,'5219','1','225462218640','1988-11-17',955),
    (679,'Jimmy','Lenora','Stevens','1','1179445063',NULL,1,'6589','2','913469200582','1995-09-17',793),
    (680,'Edna','Virginia','Weigle','2','8760404251',NULL,1,'2596','2','630413657451','1992-02-10',976),
    (681,'Christopher','Leonard','Watson','1','9053421066',NULL,1,'3627','2','479386818427','1954-08-17',1300),
    (682,'Albert','James','Porter','1','7761879232',NULL,1,'6591','2','248062900629','1943-12-22',778),
    (683,'Ronda','Crystal','Hutto','1','8565004917',NULL,1,'2479','1','102024082809','1987-03-06',1107),
    (684,'James','Jeffrey','Reisner','2','7827121213',NULL,1,'6806','2','464223500929','1953-05-06',244),
    (685,'Mary','Rachel','Gomez','2','5581223208',NULL,1,'8192','2','200632236714','1979-08-01',1151),
    (686,'Barbara','Ida','Roberts','1','2188128482',NULL,1,'9360','2','451114346777','1986-06-30',910),
    (687,'Javier','Angela','Johnson','2','4752313866',NULL,1,'2611','2','878396241014','1953-09-20',1007),
    (688,'Jerald','Virginia','Moses','2','6953577530',NULL,1,'6910','2','987384641285','1980-04-15',474),
    (689,'Sarah','Michael','Morton','1','2027008891',NULL,1,'6474','2','532372418611','1977-05-16',951),
    (690,'Shannon','Joshua','Sinclair','1','1293527538',NULL,1,'7491','1','249135924836','1971-08-21',970),
    (691,'Stanley','Scott','Pickett','1','6265663389',NULL,1,'2214','1','129181705607','1989-08-20',684),
    (692,'Frank','Angelo','Patel','1','7980293884',NULL,1,'6939','1','356890068274','1950-10-02',10),
    (693,'Helen','Dorothy','Schuler','2','2607397403',NULL,1,'8307','2','265909987081','1988-08-25',471),
    (694,'Edward','Margaret','Coyle','1','8882884118',NULL,1,'5750','1','485572937405','1958-10-04',352),
    (695,'James','Donna','Ramin','2','6345042127',NULL,1,'8593','2','969555267138','1988-11-12',899),
    (696,'Joann','Emil','Freeman','2','1466320382',NULL,1,'3367','2','687655890315','1975-12-07',252),
    (697,'Melissa','Terese','Dean','1','5507577952',NULL,1,'8969','2','675526731935','1965-09-21',1082),
    (698,'Chad','Deborah','Phillips','2','8094251328',NULL,1,'2943','1','318616795818','1950-01-19',930),
    (699,'Ken','Alan','Ledbetter','2','5929650771',NULL,1,'9879','1','873504967454','1968-03-20',589),
    (700,'Mervin','Sara','Spahr','1','7409553785',NULL,1,'5727','2','998657537407','1952-08-09',1261),
    (701,'Jamie','Harold','White','2','2129895480',NULL,1,'9051','2','845053012609','1997-01-04',357),
    (702,'Anne','Jimmy','Vela','1','5878032947',NULL,1,'8632','2','414375866905','1958-01-08',578),
    (703,'Patricia','Elizabeth','Wilson','2','2641387789',NULL,1,'9896','1','498491696507','1967-08-28',337),
    (704,'Alison','John','Trujillo','1','5860170644',NULL,1,'5173','2','267079957339','1972-02-15',860),
    (705,'Sharon','Delores','Agee','2','9223730368',NULL,1,'5746','1','788827530953','1988-10-07',1243),
    (706,'Thomas','Casey','Gonzales','2','2866725783',NULL,1,'4473','1','549445408059','1974-09-17',487),
    (707,'Lisa','Heather','Johnson','2','3048608997',NULL,1,'6949','1','635741721866','1975-07-31',1254),
    (708,'Nancy','Jeffery','Lewis','1','2740561836',NULL,1,'6527','2','608721485950','1988-12-08',641),
    (709,'Lisa','Scott','Hartnett','1','6939579421',NULL,1,'2192','2','889351704482','1948-10-28',342),
    (710,'Nicholas','Juan','Kramer','2','3716709411',NULL,1,'8194','1','396177758094','1972-01-28',443),
    (711,'Jessica','Clyde','Odonnell','1','2138409117',NULL,1,'8407','1','288738704359','1991-12-30',1137),
    (712,'Kevin','Marcy','Whatley','1','3617494729',NULL,1,'3917','2','886333211576','1990-04-05',103),
    (713,'Phillip','Doris','Ricks','1','9703733135',NULL,1,'3899','1','889057425238','1957-01-06',798),
    (714,'Herbert','Lakeesha','Baker','2','1563425338',NULL,1,'3981','2','599706789037','1963-12-25',201),
    (715,'Michael','Rafael','Beard','1','5693379031',NULL,1,'4217','2','577293109277','1983-07-22',226),
    (716,'Maximo','Barbara','Hallett','2','8597966492',NULL,1,'7196','1','873771610263','1940-10-14',814),
    (717,'Sherri','Thomas','Cooke','1','6179914615',NULL,1,'9287','2','420774278513','1950-06-23',596),
    (718,'Anna','Christine','Davis','2','4417054160',NULL,1,'3520','1','226033122892','1964-12-11',493),
    (719,'Charles','Christine','Fielden','2','4699192089',NULL,1,'7264','2','438930962374','1985-06-14',939),
    (720,'Felicitas','Carlos','Ayala','1','7991121490',NULL,1,'2978','1','467767353903','1972-06-09',65),
    (721,'John','William','Dunn','1','5519751843',NULL,1,'7501','1','472388816014','1973-07-23',371),
    (722,'Leah','Gary','Moreno','2','5451484777',NULL,1,'8796','2','154371117186','1955-06-24',416),
    (723,'Mamie','Erik','Talbert','2','6590573111',NULL,1,'5811','1','560751443785','1995-11-29',387),
    (724,'Brittany','Michael','Wright','2','8392574005',NULL,1,'6559','1','513376162528','1958-08-13',1013),
    (725,'Mitchell','Juanita','Abney','1','7735384486',NULL,1,'1379','2','711460856459','1967-11-12',269),
    (726,'Raymond','Kathy','Allen','1','4252050877',NULL,1,'3726','1','169470933167','1963-07-22',863),
    (727,'Claudia','Sandra','Simon','1','5784834908',NULL,1,'2359','2','505724838349','1978-01-26',568),
    (728,'Tricia','Chelsie','Kazarian','2','7660750359',NULL,1,'1086','2','690121287862','1959-05-03',1225),
    (729,'Victor','Debra','Peterson','1','6252688287',NULL,1,'6233','2','180985541743','1995-03-28',641),
    (730,'Kathleen','Edna','Shallenberger','2','6846324425',NULL,1,'5419','2','855039320667','1952-09-01',741),
    (731,'Julie','Madeline','Jackson','2','9089440876',NULL,1,'9141','2','792978011872','1943-02-03',421),
    (732,'Barry','Ernest','Posey','2','1137376904',NULL,1,'7010','2','843142656152','1995-04-23',196),
    (733,'Walter','Nina','Witt','2','9920111505',NULL,1,'4933','1','629323584917','1996-09-08',578),
    (734,'Philip','David','Smith','2','7140356630',NULL,1,'3598','1','438324806972','1990-04-09',671),
    (735,'Harry','Steve','Luppino','2','6140358937',NULL,1,'3969','2','829449228915','1986-06-22',1077),
    (736,'Bruce','Brenda','Hasbrouck','2','4908931646',NULL,1,'6646','2','609864600585','1961-05-24',1194),
    (737,'Joan','Jesus','Culligan','1','8850226235',NULL,1,'6200','1','406467751620','1987-04-28',935),
    (738,'Lucia','Lester','Hale','2','4373841785',NULL,1,'8491','1','871996472736','1955-05-08',53),
    (739,'Valentin','Darrell','Reed','1','5301797495',NULL,1,'3373','2','283304260325','1975-03-21',1150),
    (740,'Richard','Kathleen','Carter','2','5309743396',NULL,1,'5504','2','554907870489','1961-11-23',260),
    (741,'Deborah','Pat','Schwandt','1','7110077509',NULL,1,'7388','2','405962288809','1951-10-12',1011),
    (742,'Michael','Adriana','Holmquist','2','6861481652',NULL,1,'7690','2','144679663616','1994-11-04',850),
    (743,'Paula','Mary','Schepens','2','9951566754',NULL,1,'1733','2','395152807059','1967-08-05',566),
    (744,'Robert','Thomas','Porcelli','1','4600882678',NULL,1,'8762','2','238378392725','1965-03-27',1170),
    (745,'Walter','Paula','Davis','1','9974316597',NULL,1,'1260','2','286271057497','1960-08-05',1208),
    (746,'Teri','Michael','Quirion','2','1391057101',NULL,1,'4081','2','344969805078','1945-07-13',805),
    (747,'Kevin','Guadalupe','Stewart','1','5993120680',NULL,1,'3687','2','416957570400','1943-09-19',199),
    (748,'Margaret','Robert','Hernandez','1','7126853251',NULL,1,'8669','2','318214648571','1995-08-02',810),
    (749,'James','Calvin','Greenleaf','1','8854760106',NULL,1,'4425','1','650252399348','1955-03-07',807),
    (750,'Richard','Rose','Davis','1','7272465953',NULL,1,'6006','2','349152287687','1954-10-21',944),
    (751,'Amy','Kate','Martz','2','7566357055',NULL,1,'5621','2','172863005631','1948-01-27',287),
    (752,'Bridget','Helen','Albert','2','1419849099',NULL,1,'9157','2','265676689601','1979-03-11',585),
    (753,'Herman','Christina','Reaves','1','6102534767',NULL,1,'9095','1','976004208489','1994-04-25',821),
    (754,'Lindsy','Peter','Vasmadjides','1','8868388587',NULL,1,'5005','2','688450652594','1961-01-28',800),
    (755,'Sonia','Mary','Hux','1','1948867420',NULL,1,'4318','1','384117707981','1968-06-02',1094),
    (756,'Tiffany','George','Phelps','2','5090498250',NULL,1,'6128','1','238527290733','1975-11-10',310),
    (757,'Russell','Sandra','Grover','2','5573155670',NULL,1,'1111','1','870285026009','1992-06-12',924),
    (758,'Dee','Darlene','Woods','1','8705443906',NULL,1,'9158','1','191184375467','1943-07-10',381),
    (759,'Melissa','Shane','Hanauer','2','1012644704',NULL,1,'9014','2','283128351426','1944-08-08',292),
    (760,'Jimmy','Debra','Pattison','2','4823460014',NULL,1,'3136','1','493235645063','1958-01-10',1209),
    (761,'Richard','Edward','Lee','1','1490705338',NULL,1,'1005','1','622296884399','1964-07-03',339),
    (762,'Betty','Stewart','Headrick','1','4349756776',NULL,1,'7897','1','679067374143','1990-03-10',793),
    (763,'Gary','Thomas','Wietzel','1','5227194355',NULL,1,'5096','2','389927908452','1954-03-31',1276),
    (764,'Betty','Rita','Briggs','1','6592620869',NULL,1,'7716','1','674120983131','1953-12-03',221),
    (765,'Gerald','Joseph','Taylor','1','7647862423',NULL,1,'6313','2','665073412264','1968-12-30',12),
    (766,'Paul','Flora','Leverett','2','2527677020',NULL,1,'3554','1','907315120623','1990-08-11',914),
    (767,'Marcus','Bruce','Soto','1','2822647278',NULL,1,'5206','1','383459674790','1950-12-12',973),
    (768,'Jill','Donald','Buell','2','6733481512',NULL,1,'7008','1','180101776697','1993-03-31',131),
    (769,'Juana','Rebecca','Wilson','2','5732940916',NULL,1,'1909','2','803547292042','1950-10-16',1167),
    (770,'Harriet','Kenneth','Davis','1','5874196392',NULL,1,'6425','1','808790867156','1986-04-29',1215),
    (771,'Colette','Robert','Patton','1','5539787807',NULL,1,'7372','2','757622410580','1991-05-24',307),
    (772,'James','Richard','Mccardell','1','6440468930',NULL,1,'4732','1','979616132614','1956-11-17',318),
    (773,'Edwin','Andrew','Caruso','1','3557057311',NULL,1,'3180','2','823425073141','1980-04-13',1068),
    (774,'Donald','Ken','Richey','2','1300222775',NULL,1,'4129','1','878570684245','1948-08-09',1150),
    (775,'Orville','Trinidad','Stricklin','1','7682026459',NULL,1,'1945','2','862378300886','1942-02-09',11),
    (776,'Alicia','Craig','Muchow','1','3534689889',NULL,1,'4272','2','483734555824','1978-03-29',643),
    (777,'Shannon','Monserrate','Bradley','1','6873519585',NULL,1,'6094','2','257607505371','1994-06-05',843),
    (778,'Edward','James','Smith','1','3712878954',NULL,1,'3359','1','131751280020','1983-07-18',797),
    (779,'Saul','William','Steward','2','2764126769',NULL,1,'3428','2','827030099892','1993-07-31',694),
    (780,'Ernesto','Ginny','Koprowski','2','3007492106',NULL,1,'4595','2','350391221142','1960-08-04',928),
    (781,'Richard','Numbers','Hatchett','2','8975801772',NULL,1,'6577','2','960933647657','1972-11-11',157),
    (782,'Robert','Cynthia','Michael','1','8927615975',NULL,1,'3073','1','507687912939','1941-11-30',701),
    (783,'Heidi','Anna','Mcgill','1','4521262059',NULL,1,'4042','1','279554944507','1973-08-01',328),
    (784,'James','Tyson','Goff','1','3206849373',NULL,1,'6269','1','631409303456','1950-10-30',1290),
    (785,'Reba','Laraine','Herron','1','3569276476',NULL,1,'7703','2','850137880831','1993-06-09',1045),
    (786,'Kurt','Carolyn','Hawes','1','1421417618',NULL,1,'4822','2','835382397910','1971-01-21',1001),
    (787,'Doris','Amanda','Graham','2','1541723394',NULL,1,'3463','1','896665882628','1955-03-23',896),
    (788,'Mark','Pricilla','Simmons','1','3921891890',NULL,1,'1612','1','535329110876','1985-04-03',1213),
    (789,'Ann','Roberta','Brown','2','8847231138',NULL,1,'8492','2','211370756265','1960-11-14',73),
    (790,'Alfred','Bailey','Hensley','1','5778064148',NULL,1,'9745','2','727165228945','1992-12-02',35),
    (791,'Ann','Bee','Gurrola','1','6376624779',NULL,1,'1542','2','211218478490','1981-04-01',1149),
    (792,'Hector','Belle','Vice','1','5758079176',NULL,1,'8382','2','488227361684','1948-10-04',886),
    (793,'John','Robert','Tolbert','1','6283202900',NULL,1,'8696','2','559055041016','1966-04-14',1128),
    (794,'Matthew','Adam','Mccord','1','6758387558',NULL,1,'1898','1','177807558974','1986-08-24',597),
    (795,'Andrea','Joseph','Newmark','1','5127344311',NULL,1,'3532','1','664183840114','1947-07-16',90),
    (796,'Sandra','Richard','Howard','1','3856856277',NULL,1,'1042','2','736550351854','1995-09-29',640),
    (797,'Eric','Guadalupe','Dixon','1','4274971178',NULL,1,'8186','2','384885230859','1963-02-22',1281),
    (798,'Matthew','Salvador','Clemons','2','3833036235',NULL,1,'8065','2','633508488110','1950-04-20',1257),
    (799,'Steven','Clayton','Sanchez','2','4542648256',NULL,1,'6329','2','159089461188','1981-12-09',48),
    (800,'Otis','Carol','Fischer','1','4562485693',NULL,1,'5190','2','130312978577','1942-03-08',41),
    (801,'Devon','Peter','Wilson','2','7052118257',NULL,1,'6523','1','335962990831','1954-09-30',557),
    (802,'George','Clarence','Martin','2','2693445943',NULL,1,'1810','1','864243347245','1957-11-13',573),
    (803,'Daniel','Elwood','Olsen','1','4329833693',NULL,1,'2973','1','914207424039','1954-01-10',228),
    (804,'Donald','Gerald','Clift','1','9721551392',NULL,1,'2101','1','606986396857','1987-03-26',1267),
    (805,'John','Mary','Vara','2','1968334991',NULL,1,'9402','1','179322736089','1988-12-08',1236),
    (806,'Troy','Dustin','Rizzo','2','7594671757',NULL,1,'6053','1','992748299198','1968-02-16',1194),
    (807,'James','Louise','Miller','1','3139193545',NULL,1,'1960','2','763722557832','1966-01-17',491),
    (808,'Trudy','Steven','Hayes','2','3727003058',NULL,1,'4406','2','110169553107','1986-12-01',692),
    (809,'Alicia','Albert','Burrell','2','2242032947',NULL,1,'9860','1','750319227891','1940-10-25',1210),
    (810,'Rhonda','Arturo','Meltzer','1','9383766817',NULL,1,'5973','2','922294683781','1962-04-15',118),
    (811,'Jessica','Margaret','Lefler','1','9844619289',NULL,1,'4547','2','175392626572','1945-12-27',1201),
    (812,'James','Velma','Lane','2','9469761826',NULL,1,'1129','1','748427067822','1965-01-13',949),
    (813,'David','Ruben','Olmstead','1','8154642707',NULL,1,'5806','1','373835241224','1993-08-10',1296),
    (814,'Jamie','Karen','Martin','2','6521009844',NULL,1,'7779','2','814601258485','1974-09-13',79),
    (815,'James','Sandra','Mikel','2','5318921371',NULL,1,'8218','1','200851424235','1984-08-31',797),
    (816,'Joseph','Melissa','Riley','1','9835340035',NULL,1,'5846','2','726205442105','1945-11-21',212),
    (817,'Donna','James','Champney','2','7320943872',NULL,1,'3171','1','601785097092','1979-05-16',1),
    (818,'Sandra','Craig','Moore','2','9097687971',NULL,1,'3608','1','612715833706','1950-03-19',113),
    (819,'Andrew','John','Mckim','1','6965998715',NULL,1,'4228','1','603530664653','1967-06-09',373),
    (820,'Joesph','David','Bowland','1','6804768481',NULL,1,'5127','2','942379031234','1954-11-13',837),
    (821,'Ethel','Charles','Giraud','2','4500407173',NULL,1,'1701','1','697719825356','1996-05-06',338),
    (822,'Lee','John','Black','2','5727081038',NULL,1,'9790','2','287758766332','1967-05-28',1208),
    (823,'Sharon','Miguel','Pereida','2','4139616370',NULL,1,'9781','1','308125160773','1974-07-08',739),
    (824,'Patricia','Robert','Rudnicki','2','4915420553',NULL,1,'2506','1','156593972806','1967-02-10',1120),
    (825,'Patricia','Marcus','Franklin','1','6903946142',NULL,1,'4600','1','326425714660','1955-11-24',416),
    (826,'David','Kevin','Ervin','2','5159914007',NULL,1,'3037','1','680642955658','1952-03-12',589),
    (827,'Joyce','Cynthia','Rivera','2','3144396076',NULL,1,'3979','1','751306236318','1988-12-08',622),
    (828,'Rosa','Scott','Jorgensen','2','7026693606',NULL,1,'9044','1','949683035411','1993-04-07',1236),
    (829,'Sarah','Heather','Burgess','2','1376980660',NULL,1,'8083','2','879520752696','1978-12-08',657),
    (830,'Kim','Joshua','Griffin','2','6212563921',NULL,1,'2833','2','146654129278','1968-08-01',22),
    (831,'Ginger','Mackenzie','Byrd','2','3038835976',NULL,1,'7839','2','112793378934','1995-08-20',197),
    (832,'Marie','Gilberto','Johnson','1','2138177233',NULL,1,'2784','1','105112176473','1966-10-06',735),
    (833,'Harry','Nathaniel','Vanmeter','2','8238509099',NULL,1,'4663','2','736942009180','1957-06-06',1130),
    (834,'David','Eleanor','Walker','1','9268296406',NULL,1,'9994','2','532948924011','1976-10-29',240),
    (835,'Zandra','Ronald','Garmany','2','4986446968',NULL,1,'4879','2','139128632167','1945-10-15',527),
    (836,'Andrew','Kenneth','Phillips','1','2730446290',NULL,1,'1622','2','948958070417','1965-11-18',1152),
    (837,'Felisa','Jason','Taylor','2','3464152591',NULL,1,'7382','2','545223819982','1981-10-19',56),
    (838,'Mary','Margaret','Monroe','2','2278718015',NULL,1,'1580','2','910883567004','1970-03-17',748),
    (839,'Rachel','Billy','Sipes','2','7763944788',NULL,1,'7693','1','503982747225','1955-11-26',399),
    (840,'Peter','Johanna','Owens','1','3350870103',NULL,1,'9913','2','644124136253','1951-09-08',1011),
    (841,'Heide','Margarita','Hubbard','1','1538277703',NULL,1,'1504','2','682671353181','1994-05-14',655),
    (842,'Michelle','Andrew','Albright','2','5231259137',NULL,1,'3109','1','825868775287','1989-08-09',1121),
    (843,'Betty','Harold','Macpherson','2','2784728785',NULL,1,'6161','1','947277653940','1975-09-03',1292),
    (844,'Caryl','Kent','Gibbons','1','7516355758',NULL,1,'8716','1','644597879015','1946-08-17',629),
    (845,'John','Cynthia','Miller','2','6634784007',NULL,1,'7222','1','952574793686','1984-07-17',787),
    (846,'Edward','Joselyn','Gray','2','1891855428',NULL,1,'1384','1','896552410546','1952-06-07',514),
    (847,'Diane','Gregoria','Harrison','1','7454133015',NULL,1,'5266','2','386803776194','1976-08-10',824),
    (848,'Fallon','Les','Mcgowan','2','8906740152',NULL,1,'3928','1','782364495541','1950-11-26',1225),
    (849,'James','Thomas','Smith','1','3462915797',NULL,1,'2677','2','230810112251','1940-08-18',203),
    (850,'Christopher','Mary','Freer','2','2828342309',NULL,1,'8199','1','698733632552','1992-02-19',1300),
    (851,'Linda','Judy','Burt','2','8991154469',NULL,1,'5364','1','451121896664','1987-08-03',737),
    (852,'Lillian','Scott','Mertens','2','6847095569',NULL,1,'8813','2','488205720180','1959-08-14',913),
    (853,'Laquanda','Brett','Shaw','2','2214760097',NULL,1,'7889','2','105394015453','1981-03-23',375),
    (854,'Mary','Shirley','Metzler','2','1799947354',NULL,1,'7332','2','208846222490','1985-04-27',769),
    (855,'Richard','Billy','Nelson','1','9547683227',NULL,1,'5306','1','907795282779','1969-05-27',18),
    (856,'James','Warren','Soler','1','6867730474',NULL,1,'7118','2','581621115923','1944-11-27',557),
    (857,'Annie','Tena','Coley','1','6690219617',NULL,1,'9003','1','879827458322','1961-08-20',1169),
    (858,'Kevin','William','Thompson','2','2029533375',NULL,1,'1953','2','856522524235','1965-10-10',859),
    (859,'Melinda','Kathryn','Spore','1','1073989103',NULL,1,'3415','2','695772780450','1956-12-16',95),
    (860,'Andy','Carly','King','2','7583142530',NULL,1,'7176','1','322714635509','1970-03-30',841),
    (861,'Penny','Joyce','Lee','2','8986920739',NULL,1,'1257','1','240521328563','1968-01-28',1153),
    (862,'Rita','Thomas','Brown','2','9611849129',NULL,1,'4630','2','175030711556','1950-06-02',47),
    (863,'Delfina','John','Solinski','1','7401227652',NULL,1,'3830','2','397968772181','1979-11-20',941),
    (864,'Garland','Melinda','Carrasquillo','2','5371109001',NULL,1,'2054','1','614125535988','1972-08-11',1109),
    (865,'Iris','Shirley','Farrell','2','4454774535',NULL,1,'5439','1','572577862431','1946-01-14',146),
    (866,'Percy','Pauline','Lusk','1','9644355439',NULL,1,'3271','2','933079688024','1971-02-01',210),
    (867,'Tara','Thomas','Mundt','2','1325041771',NULL,1,'4852','1','575194462237','1994-11-11',755),
    (868,'Samatha','Jose','Moran','2','5765200614',NULL,1,'3441','2','608629857527','1975-04-06',673),
    (869,'William','Dominick','Carpenter','1','1022662042',NULL,1,'5266','2','103625645942','1974-01-07',40),
    (870,'Laura','Maggie','Carder','2','5409570939',NULL,1,'5606','1','371408057043','1950-12-18',476),
    (871,'Barbara','Nicholas','Tillery','1','8152034890',NULL,1,'1705','2','143750798102','1940-06-23',588),
    (872,'Margie','Alfonso','Shaffer','2','9852870958',NULL,1,'2424','2','755917439902','1944-10-04',971),
    (873,'Michael','Reggie','Adams','2','7714745189',NULL,1,'8668','2','404136324094','1987-10-23',233),
    (874,'Ryan','John','Long','2','1356912883',NULL,1,'5066','1','855268132933','1950-04-12',1220),
    (875,'Juanita','Mary','Luna','1','8241901212',NULL,1,'8829','1','654888986422','1986-08-05',199),
    (876,'Kevin','Joseph','Chilton','1','6285409107',NULL,1,'7734','1','213001742791','1954-07-29',419),
    (877,'Evelyn','Gerald','Dutton','2','1990468978',NULL,1,'5521','1','304972036230','1969-11-28',339),
    (878,'Linda','Tina','Olson','1','8289280400',NULL,1,'4328','2','441074470684','1990-05-08',522),
    (879,'Brent','Rene','Rocha','2','1092121755',NULL,1,'7317','1','542197096021','1970-09-18',169),
    (880,'Ruby','Dena','Gavitt','2','7953935571',NULL,1,'5355','2','261409234465','1941-01-15',369),
    (881,'Susan','Marina','Palm','2','2529260640',NULL,1,'4730','2','438554373558','1967-04-13',88),
    (882,'Robert','Juana','Cohen','2','2006369128',NULL,1,'7565','1','595674080976','1967-10-21',1179),
    (883,'Raul','Dale','Grantham','2','5730475929',NULL,1,'7492','2','829036117548','1955-09-04',21),
    (884,'Michael','Lynne','Lee','1','2483280063',NULL,1,'5001','2','979524719519','1980-10-22',406),
    (885,'Ruth','Barbra','Metelus','2','3635340834',NULL,1,'7460','1','187774479097','1952-06-17',1133),
    (886,'Joey','Mauricio','Maddux','1','9493569721',NULL,1,'4432','2','539209539117','1971-01-07',115),
    (887,'Stanley','Kathy','Porter','2','3929465804',NULL,1,'5812','1','205819946076','1947-04-05',1067),
    (888,'Jacqueline','Kenneth','Towle','2','7475475513',NULL,1,'7511','1','786387544068','1975-05-05',274),
    (889,'Javier','Elizabeth','Wright','2','6627720722',NULL,1,'4113','1','764916911473','1942-09-28',1033),
    (890,'Lora','Theron','Gundrum','2','6661492879',NULL,1,'5801','2','284872794746','1944-03-06',795),
    (891,'Sheri','Dustin','Salvatierra','2','5505027284',NULL,1,'3306','1','790263264219','1966-05-08',982),
    (892,'George','Mathew','Grimaldi','1','1000799253',NULL,1,'4807','1','963671633280','1979-06-03',705),
    (893,'Justin','Martha','King','2','8848078453',NULL,1,'7639','1','589506930210','1993-11-25',685),
    (894,'Perry','Lee','Riendeau','2','4814806307',NULL,1,'4137','2','551236693644','1959-01-17',421),
    (895,'Luisa','Judy','Hickman','2','1892769047',NULL,1,'7985','1','768362506964','1947-07-09',1225),
    (896,'Laurel','Johnnie','Muse','2','6829617174',NULL,1,'1046','1','821455408297','1993-01-25',443),
    (897,'Zoila','Robert','Johnson','2','2985897564',NULL,1,'1076','1','519472415327','1949-01-31',141),
    (898,'Corey','Kesha','Buck','1','2272632345',NULL,1,'4626','2','480116085810','1949-04-06',205),
    (899,'Michael','Minnie','Curnutte','1','9836435860',NULL,1,'8744','2','593674141879','1986-08-29',615),
    (900,'Marissa','Patrica','Esskew','1','8034585600',NULL,1,'8616','2','283825091741','1992-10-10',1300),
    (901,'Ross','Mary','Stanesic','2','3585207939',NULL,1,'4655','2','290725959162','1989-10-26',198),
    (902,'Randy','Florence','Crowe','1','8883683375',NULL,1,'3954','2','257429562135','1974-02-14',835),
    (903,'Josephine','Robert','Heasley','2','8326004597',NULL,1,'1023','1','397614246433','1964-12-15',956),
    (904,'Anthony','Roger','Hill','1','8056441705',NULL,1,'5663','1','468301592052','1962-03-24',1119),
    (905,'Shane','Marie','Yanez','2','1602694300',NULL,1,'9425','1','302000658305','1987-10-17',1257),
    (906,'Aletha','Rebecca','Morton','1','6000287481',NULL,1,'4365','1','441592554866','1975-10-31',248),
    (907,'Cherie','Jeremy','Mauldin','2','4332235006',NULL,1,'5780','2','561609950558','1964-01-02',388),
    (908,'Lisa','Frankie','Rhoads','1','5757161786',NULL,1,'4199','2','540775302834','1960-04-25',1016),
    (909,'Nancy','Aileen','Saltzman','2','8456929177',NULL,1,'1189','1','696072398543','1993-03-14',628),
    (910,'Matthew','Erika','Paris','2','2360398421',NULL,1,'9470','2','357781265383','1996-04-12',917),
    (911,'Walter','Jay','Griffith','2','7243696040',NULL,1,'7504','1','797652416222','1986-10-08',236),
    (912,'Timothy','James','Colley','1','5713684155',NULL,1,'1341','1','157428939659','1954-12-01',617),
    (913,'Joshua','Doreen','Cunningham','1','8139349285',NULL,1,'1769','1','249896590098','1968-10-01',822),
    (914,'Conrad','Joy','Trojillo','2','7444323897',NULL,1,'7894','1','583496907272','1994-12-08',785),
    (915,'Millie','Stephanie','Stavros','1','9808766378',NULL,1,'6414','1','334598847756','1963-12-08',1122),
    (916,'Michelle','Sheila','Buckley','2','3557443041',NULL,1,'4927','2','921254434534','1991-05-15',1169),
    (917,'Ryan','Jeremiah','Sorbo','2','6969254164',NULL,1,'4599','2','382994533767','1994-12-17',678),
    (918,'Babette','Terence','Komsthoeft','1','6396494849',NULL,1,'5891','2','609643385871','1978-09-26',664),
    (919,'Barbara','Rodney','Gee','2','1764970847',NULL,1,'9195','1','115080545841','1992-08-22',1296),
    (920,'Clara','Deborah','Bement','1','2223973874',NULL,1,'2264','1','579699988491','1980-09-01',204),
    (921,'Keith','Dong','Jenkins','1','5377753113',NULL,1,'3594','1','368101286708','1963-02-15',66),
    (922,'Lester','Willie','Sifford','1','3213573814',NULL,1,'1812','2','521191193974','1958-03-11',481),
    (923,'Marsha','Daniel','Oller','2','3632118560',NULL,1,'1358','2','434283410645','1951-01-04',480),
    (924,'Patrick','Martha','Reeves','1','5181051571',NULL,1,'1405','1','441669376387','1994-01-31',1044),
    (925,'Thomas','Clyde','Osborne','2','5393327466',NULL,1,'1364','2','618103972788','1949-02-05',80),
    (926,'Mathew','Susan','Newman','1','8538282275',NULL,1,'4776','1','890310129048','1948-02-20',467),
    (927,'Sheila','Debra','Bromley','2','6068249500',NULL,1,'7367','2','267681491740','1993-10-17',166),
    (928,'Sarah','Kathy','Owen','1','2099846383',NULL,1,'4516','2','192988074289','1968-03-20',343),
    (929,'Janis','Joleen','Kolmer','1','3918457502',NULL,1,'8588','1','446564905467','1980-03-17',1126),
    (930,'Steve','Ivory','Bouchard','1','2538644316',NULL,1,'2717','1','186294560968','1985-05-04',582),
    (931,'Sharon','Helena','Riley','1','6028277982',NULL,1,'9764','1','141832233907','1988-03-16',839),
    (932,'Sherry','Sadie','Nolan','1','1661541801',NULL,1,'4332','1','462705801602','1942-08-18',1139),
    (933,'Joanne','Christopher','Lamb','2','1429054900',NULL,1,'2780','1','415376379898','1955-02-22',651),
    (934,'Charles','Alfred','Savage','1','1960666699',NULL,1,'8986','1','119724202025','1971-10-14',156),
    (935,'Dale','Juan','Blanchard','1','9952668364',NULL,1,'6598','1','340931441091','1941-02-24',616),
    (936,'Allison','Tamra','Rodriguez','1','5780540197',NULL,1,'2626','2','178313625805','1942-07-05',508),
    (937,'Maritza','Jasmine','Williams','2','4604150048',NULL,1,'4650','2','679569829865','1960-08-28',628),
    (938,'Lance','Nicole','Barber','1','5772197478',NULL,1,'1426','1','525955003384','1946-08-15',25),
    (939,'Willis','Lucy','Johnson','1','7615122542',NULL,1,'3972','2','889000027184','1990-12-16',528),
    (940,'Paulette','Mattie','Dominique','1','2572167602',NULL,1,'1741','1','120602325530','1940-06-05',142),
    (941,'Jenny','Janine','Jeter','1','1371163319',NULL,1,'8130','1','412171738592','1967-04-01',742),
    (942,'Deborah','Mary','Rogers','1','2258695897',NULL,1,'9449','1','363679459252','1941-03-05',646),
    (943,'Anne','Patricia','Santillo','2','1789322656',NULL,1,'4314','1','250354237056','1958-07-25',1139),
    (944,'Estella','Byron','Fuller','2','4603276245',NULL,1,'5876','1','428595240440','1968-01-03',385),
    (945,'Michael','Mary','Rondeau','1','4995773075',NULL,1,'5594','2','382386081170','1988-02-08',897),
    (946,'Melvin','Lisa','Hilderbrandt','1','7139534734',NULL,1,'9267','2','551088432397','1948-07-13',1289),
    (947,'Candice','Mildred','Polk','2','5974338197',NULL,1,'3392','1','834740746322','1991-03-11',907),
    (948,'William','Cheryl','Howard','1','1558710347',NULL,1,'4155','2','547731414267','1944-03-21',460),
    (949,'Walter','Judith','Wolverton','1','7191284211',NULL,1,'3724','1','220334075437','1961-10-12',1285),
    (950,'Wayne','Matthew','Poole','2','8531008935',NULL,1,'2017','2','936656185104','1988-11-19',125),
    (951,'Josephine','Billy','Gentry','1','1884612475',NULL,1,'8641','1','227832529504','1952-11-17',200),
    (952,'Thomas','James','Garcia','2','3391426311',NULL,1,'1707','2','724804396762','1985-06-06',83),
    (953,'Carol','Robert','Gable','2','6330365169',NULL,1,'2467','2','382129686430','1949-08-14',367),
    (954,'James','Martha','Hensley','1','4744880005',NULL,1,'8724','1','307700374246','1945-05-01',962),
    (955,'April','Alvina','Gaddis','2','2526352640',NULL,1,'7297','2','493099726938','1945-05-26',518),
    (956,'Noah','Debra','Harp','2','1583742995',NULL,1,'4334','2','611288442277','1973-09-12',860),
    (957,'Joy','Verla','Davis','1','3091615507',NULL,1,'2885','2','654580811588','1947-03-31',273),
    (958,'John','Kari','Vela','1','6393122555',NULL,1,'2765','2','647326127026','1951-11-11',258),
    (959,'Sonia','Robert','Roberts','2','7522310437',NULL,1,'8125','1','670842207174','1965-08-24',688),
    (960,'Evelina','Esther','Hess','2','4381552089',NULL,1,'2364','1','603891161495','1981-05-16',155),
    (961,'James','Heather','Kennedy','1','8664308538',NULL,1,'1247','1','944175179614','1991-07-24',378),
    (962,'Michael','Sadie','Branch','2','1212296667',NULL,1,'3708','1','736823599357','1984-01-05',351),
    (963,'Stephen','Lillie','Ferreri','2','3044093219',NULL,1,'4774','2','655125809686','1942-12-04',768),
    (964,'Jared','Michael','Armenta','2','2095331843',NULL,1,'6400','2','902162415629','1986-06-02',1044),
    (965,'Jose','Thomas','Pacheco','1','1187393850',NULL,1,'3399','1','415199409294','1956-04-18',585),
    (966,'Margaret','Kelly','Lane','1','5774864801',NULL,1,'3917','2','307138509767','1946-01-28',52),
    (967,'Tara','Richard','Cronin','1','5630236846',NULL,1,'8163','1','546138782360','1959-01-28',72),
    (968,'Clyde','Autumn','Heim','1','8446584880',NULL,1,'8094','2','581854929945','1990-01-31',489),
    (969,'Catherine','Jamie','Yanez','1','6645319811',NULL,1,'2061','1','142120321338','1953-03-04',283),
    (970,'Earl','Lillie','Becker','1','3950612454',NULL,1,'4433','1','296804183086','1988-12-10',486),
    (971,'William','Victoria','Manuel','1','2405361360',NULL,1,'7419','1','752550304636','1992-05-09',513),
    (972,'Tracy','Adrian','Jensen','2','1614270727',NULL,1,'5860','2','707561577089','1995-11-26',187),
    (973,'Clifford','Ryan','Toti','1','7187485323',NULL,1,'6033','2','388688150355','1957-06-03',288),
    (974,'Janet','Michael','Anderson','1','3716464145',NULL,1,'3370','1','815126756743','1969-10-22',591),
    (975,'Sonya','Shelia','White','1','4446307742',NULL,1,'8576','1','651797483162','1993-10-22',924),
    (976,'Lowell','Stephanie','Paris','2','6013678109',NULL,1,'6295','2','543631105876','1965-07-17',1165),
    (977,'Debra','Tomas','Rossman','1','4390833606',NULL,1,'7661','1','368947768065','1978-04-04',1298),
    (978,'Donna','George','Rodriguez','2','8356983359',NULL,1,'8137','1','967762939967','1959-09-22',286),
    (979,'Gerald','Anna','Davis','2','6611827181',NULL,1,'2862','2','714257041811','1974-07-27',671),
    (980,'Ella','Alice','Davis','2','9420633773',NULL,1,'1099','1','796836483211','1943-07-01',1158),
    (981,'Wm','Brock','Richardson','1','7366170600',NULL,1,'7467','1','435494817663','1972-12-22',77),
    (982,'Martha','Deborah','Stilwell','1','9028636125',NULL,1,'7018','2','876029679525','1961-12-12',802),
    (983,'Tyler','Rebecca','Smith','2','9852201092',NULL,1,'3617','2','682339453691','1941-10-05',971),
    (984,'Hiroko','Anna','Crawford','2','8592272629',NULL,1,'4399','2','186997838453','1997-02-05',629),
    (985,'Kathryn','Grace','Owens','2','4050763504',NULL,1,'9875','2','513499930044','1950-12-07',389),
    (986,'Lauren','Jonathon','Copes','2','1974457720',NULL,1,'7732','2','452971200508','1969-10-20',178),
    (987,'Michael','Samantha','Boham','2','1235847647',NULL,1,'7212','2','406296636078','1965-09-24',45),
    (988,'Rusty','Jason','Valliere','1','7403127846',NULL,1,'7764','1','440470047159','1987-09-24',611),
    (989,'William','Thomas','Swartz','1','5303583722',NULL,1,'9184','2','412906794639','1982-10-12',148),
    (990,'Arthur','Olene','Herrmann','2','9947788152',NULL,1,'1912','2','836586464735','1995-12-07',277),
    (991,'Fernando','Maribeth','Campbell','2','5014139689',NULL,1,'1036','2','268734082820','1948-06-02',784),
    (992,'Janet','Larry','Davis','2','5792197154',NULL,1,'9285','1','406858651730','1963-11-24',573),
    (993,'Gregory','Debra','Mcclendon','2','5872585808',NULL,1,'2326','1','708057332564','1968-01-31',771),
    (994,'Jennifer','Arnold','Carman','2','9623907940',NULL,1,'8666','2','512532200341','1956-01-17',1084),
    (995,'Walter','Blaine','Styles','2','3305138659',NULL,1,'8640','2','484545205424','1976-07-06',1026),
    (996,'Patricia','Robert','Arno','2','7882717990',NULL,1,'7725','2','261978954895','1951-06-15',356),
    (997,'Jenni','Karyn','Bates','1','1357506769',NULL,1,'9385','1','687851601740','1951-01-10',1206),
    (998,'Moses','Jennifer','Henry','2','1318900753',NULL,1,'6926','1','156994711829','1958-06-11',447),
    (999,'Brandi','Larry','Korth','2','9332077597',NULL,1,'5498','1','517166355696','1953-08-10',338),
    (1000,'Norman','Racheal','Sylvester','1','4404003921',NULL,1,'2919','2','588801168944','1960-08-17',14),
    (1001,'Lisa','Lacey','Holt','1','2707053128',NULL,1,'7624','1','494969894904','1957-02-02',843),
    (1002,'Margaret','Anastasia','Hicks','1','9427368385',NULL,1,'9444','1','738216122105','1942-05-25',437),
    (1003,'John','Myrna','Barton','2','7490965092',NULL,1,'8116','1','505284840685','1996-12-22',1025),
    (1004,'Marina','Pamela','Bardsley','1','8431410924',NULL,1,'6627','2','930013207359','1960-03-30',60),
    (1005,'Robert','James','Vaccaro','2','3628337406',NULL,1,'3935','2','311295704612','1974-06-22',1201),
    (1006,'Austin','Esperanza','Williams','2','9219503197',NULL,1,'3460','2','806053283750','1972-04-24',1274),
    (1007,'Danny','Robert','Flinn','2','1205571410',NULL,1,'7519','1','668102449055','1989-11-18',1214),
    (1008,'Rebekah','Lucille','Juarez','1','9652148415',NULL,1,'8129','1','728056379404','1967-09-01',389),
    (1009,'Harry','Alfred','Charley','1','2539196296',NULL,1,'9994','1','678921056596','1972-09-18',156),
    (1010,'Stanley','Mary','Loucks','2','4212578117',NULL,1,'2140','2','521989613684','1947-10-17',1118),
    (1011,'Frederick','Rosann','Schmelz','2','6607809091',NULL,1,'5362','2','871951202103','1948-05-04',927),
    (1012,'Johnnie','Maria','Schwartz','2','6012779361',NULL,1,'2776','2','241675941229','1953-10-01',896),
    (1013,'Lee','Shawn','Warhurst','1','5554462071',NULL,1,'6957','2','101575869101','1984-03-04',890),
    (1014,'Peter','Calvin','Toler','1','3821875524',NULL,1,'2529','2','275232876237','1982-12-01',1113),
    (1015,'Clementina','Sheryl','Vickers','1','9024473199',NULL,1,'6860','1','753381510626','1964-04-10',266),
    (1016,'Everett','James','Ricker','1','3876487282',NULL,1,'6925','1','765874601348','1962-08-27',525),
    (1017,'Virginia','Cynthia','Sanchez','2','3595521556',NULL,1,'5880','1','125215280630','1952-02-12',1290),
    (1018,'Carlos','Ron','Valenzuela','1','4852931565',NULL,1,'6441','2','405499812399','1992-04-05',217),
    (1019,'Neil','James','Hambleton','1','9678497114',NULL,1,'3177','1','177958061674','1978-12-24',105),
    (1020,'William','Chris','Ormond','2','3987170275',NULL,1,'5045','1','257296574087','1982-07-29',951),
    (1021,'Tiffany','Nora','Stickel','1','4767986049',NULL,1,'9584','2','132984595669','1984-07-08',586),
    (1022,'Julie','John','Mcdaniel','1','3201462519',NULL,1,'4351','2','375198260855','1994-06-07',525),
    (1023,'Craig','Leroy','Simmons','1','2998410668',NULL,1,'3970','1','971582929206','1996-02-22',332),
    (1024,'Robin','Robert','Oconner','2','8269408550',NULL,1,'1985','2','580760909421','1989-04-04',1072),
    (1025,'Ronald','Susan','Cuevas','2','7449435406',NULL,1,'5435','1','114517102953','1965-01-31',1231),
    (1026,'Wendy','Tara','Merritt','2','6678940848',NULL,1,'6862','2','761981159090','1961-05-17',1281),
    (1027,'Evelyn','Nancy','Dammen','2','9146714412',NULL,1,'8950','2','283948852474','1983-03-21',1073),
    (1028,'Bradford','Miguel','Fisher','2','6057302038',NULL,1,'7430','1','606677879276','1959-05-27',92),
    (1029,'Maria','Norman','Hornsby','2','1110765933',NULL,1,'1560','1','901255199348','1950-04-08',185),
    (1030,'Randall','Calvin','Owens','1','9100568562',NULL,1,'9491','1','554857518617','1990-11-27',753),
    (1031,'Darlene','Emma','Olsen','2','2970441307',NULL,1,'7879','2','979768248597','1974-05-06',353),
    (1032,'Sean','Conrad','Huff','2','8560547811',NULL,1,'7054','2','359182257901','1976-01-06',213),
    (1033,'Mark','Wiley','Smith','2','4260157992',NULL,1,'1211','1','377261841627','1963-09-01',387),
    (1034,'Addie','Anthony','Wyatt','2','7479232405',NULL,1,'1732','1','301556929316','1976-03-23',704),
    (1035,'Judith','Lorraine','Cline','2','5059565665',NULL,1,'6124','1','262237104498','1996-05-29',385),
    (1036,'Helen','Sonia','Stack','1','4009373918',NULL,1,'8635','2','927166123679','1940-10-25',282),
    (1037,'Willie','Jean','Mathis','2','8059847129',NULL,1,'8188','1','517384345214','1963-04-08',732),
    (1038,'Camellia','Tyler','Jones','2','7521042703',NULL,1,'1174','2','317115090850','1976-09-06',434),
    (1039,'Ruby','John','Vasquez','2','6243656681',NULL,1,'2004','2','684712510305','1981-06-11',246),
    (1040,'Walter','Clifton','Griffin','2','4138225913',NULL,1,'3352','2','221426605631','1949-07-10',160),
    (1041,'Randal','Frank','Talamo','1','5372674528',NULL,1,'7513','1','735665497964','1951-07-30',49),
    (1042,'John','Mike','Schell','2','3229761401',NULL,1,'8214','1','152280875872','1989-06-16',49),
    (1043,'Beatrice','Cheryl','Medeiros','1','1993987658',NULL,1,'2619','1','473301816214','1988-12-27',1145),
    (1044,'Edward','Rebecca','Helmick','1','7859926046',NULL,1,'3803','2','915886330686','1953-04-21',855),
    (1045,'Verda','Teresa','Wahlman','2','8434187258',NULL,1,'7519','2','820806249665','1956-02-07',870),
    (1046,'Walter','Hettie','Walcott','1','8236321666',NULL,1,'2783','2','427089035788','1959-12-21',776),
    (1047,'Phyllis','Nicholas','Nicholls','1','6589586882',NULL,1,'2174','1','785714230885','1964-01-03',484),
    (1048,'Walter','Rachel','Cobb','1','8072507525',NULL,1,'2173','2','465124052764','1953-03-10',1157),
    (1049,'Nicholas','Jacob','Gibbs','1','3207299699',NULL,1,'3727','1','219299172804','1990-07-20',464),
    (1050,'John','Van','Moore','1','2687900943',NULL,1,'6638','2','368938560945','1965-03-22',363),
    (1051,'Michael','Ellen','Kaiser','1','8518581841',NULL,1,'8616','2','601905976523','1965-03-25',1244),
    (1052,'Charles','Johnny','Norsaganay','1','8089554734',NULL,1,'4119','1','136237774666','1945-03-16',988),
    (1053,'Travis','Katherine','Scott','1','6885700862',NULL,1,'9232','2','335203867864','1982-04-30',760),
    (1054,'Zetta','Marcia','Carter','2','5931230826',NULL,1,'6623','1','669099758074','1960-07-22',1142),
    (1055,'Julius','Tanya','Fox','2','6756819377',NULL,1,'6919','1','586672426000','1965-02-13',181),
    (1056,'Jimmy','Ralph','Griffith','1','9316390610',NULL,1,'4073','2','528978276414','1970-09-16',1202),
    (1057,'Grady','Celia','Hancock','2','7437087128',NULL,1,'4811','1','351165529988','1965-10-28',907),
    (1058,'Terry','Michael','Hornback','1','3390644633',NULL,1,'1983','1','625222077163','1972-09-12',539),
    (1059,'Bessie','Sonia','Lobato','1','5840267010',NULL,1,'4314','2','690584005742','1989-06-11',698),
    (1060,'Melissa','Gina','Cannon','2','2238942930',NULL,1,'8162','2','979677042056','1963-12-23',120),
    (1061,'Ryan','Steven','Crom','1','5290163479',NULL,1,'1954','1','500098679173','1943-08-07',123),
    (1062,'Sandy','Jane','Head','2','3632568573',NULL,1,'5900','2','726415918412','1965-05-18',334),
    (1063,'James','Jeffrey','Decarlo','1','2158464353',NULL,1,'1669','1','667235910803','1982-06-26',526),
    (1064,'Richard','Marcy','Hepworth','2','7535628605',NULL,1,'4535','2','421272821618','1952-10-15',222),
    (1065,'Michael','Alfredo','Harris','1','5938720976',NULL,1,'6949','2','193123206045','1957-07-20',1158),
    (1066,'Nicholas','Stanley','Stewart','2','3336657547',NULL,1,'6062','2','402822499539','1954-11-02',86),
    (1067,'Ella','Wanda','Oakes','2','2558682866',NULL,1,'9128','1','289266849341','1995-09-23',905),
    (1068,'Les','Wanda','Roberts','1','4930453884',NULL,1,'4120','1','837193589041','1951-03-29',1225),
    (1069,'Christopher','Mallory','Turrie','1','5476154815',NULL,1,'6289','2','328527378833','1941-05-28',868),
    (1070,'Mildred','Mark','Colten','2','3350373522',NULL,1,'8546','1','526574307038','1957-12-22',939),
    (1071,'Derick','Lincoln','Rhudy','2','7986368722',NULL,1,'9432','2','138935125578','1971-02-20',536),
    (1072,'Chad','Paige','Haverland','1','1522779226',NULL,1,'6572','1','391184498483','1941-11-24',10),
    (1073,'Jerry','Billie','Ingram','1','3026269918',NULL,1,'5700','1','121491683601','1957-05-11',696),
    (1074,'Virginia','Charles','Wear','1','1642908803',NULL,1,'5413','2','886879248547','1953-12-11',652),
    (1075,'Annie','Doretha','Booher','2','7722938295',NULL,1,'1407','2','604889356689','1985-09-24',955),
    (1076,'Shelia','Alexander','Roberson','2','5954378029',NULL,1,'2401','1','767166239385','1945-12-27',745),
    (1077,'Ronald','Micheal','Baca','1','4190491661',NULL,1,'4658','2','706380731197','1969-02-08',965),
    (1078,'William','Albert','Casares','1','7461056835',NULL,1,'2027','1','680834817202','1943-04-21',1054),
    (1079,'Edna','Tandra','Tedrow','1','3885451918',NULL,1,'1196','1','187927931925','1984-04-23',221),
    (1080,'Daniel','Angel','Morely','2','5566294993',NULL,1,'2808','1','939485200840','1968-09-23',1276),
    (1081,'Federico','Susan','Williams','1','9686643746',NULL,1,'1948','2','628442309453','1953-09-29',308),
    (1082,'Ralph','Frank','Chausse','1','8364390404',NULL,1,'7417','2','577024925132','1981-10-30',80),
    (1083,'Jason','Willa','Hatcher','1','7427431815',NULL,1,'9869','2','321446114191','1974-02-07',467),
    (1084,'Wilson','Lea','Martelli','1','5242911946',NULL,1,'1329','2','164899450186','1970-09-24',553),
    (1085,'Julia','Ethan','Davidson','1','5561842183',NULL,1,'9550','2','601358071201','1972-11-13',91),
    (1086,'Kent','Ellen','Chapmon','1','8971563552',NULL,1,'4737','2','333512670893','1957-06-09',94),
    (1087,'Ivan','Robert','Cherry','1','3106609370',NULL,1,'7934','2','903392903754','1986-04-08',402),
    (1088,'Paula','Susan','Thompson','1','2583348200',NULL,1,'5458','1','662423740251','1946-11-05',1246),
    (1089,'Joseph','Stephanie','Simmions','2','5778647465',NULL,1,'2797','2','410845104140','1965-11-20',955),
    (1090,'Monty','Kevin','Canales','2','2737494443',NULL,1,'9269','2','607826186542','1973-02-14',381),
    (1091,'Linda','Nancy','Look','2','8177335264',NULL,1,'1853','2','791626217345','1953-08-15',967),
    (1092,'Eugene','Israel','Pitman','1','4160983785',NULL,1,'5547','1','297790283857','1973-02-04',240),
    (1093,'Floyd','Jessica','Watkins','1','7572095636',NULL,1,'5254','2','924937209335','1970-05-24',211),
    (1094,'Julio','Terrence','Cox','1','2399328873',NULL,1,'2352','2','258708233276','1962-04-05',688),
    (1095,'Kelly','Harold','Williamson','1','3732257793',NULL,1,'3088','2','804989733788','1951-01-06',1259),
    (1096,'David','Barbara','Hetrick','2','1451001350',NULL,1,'4248','2','608209954341','1990-06-13',151),
    (1097,'Timothy','Kenneth','Wilkins','2','8934887691',NULL,1,'1095','1','203677667729','1964-10-01',286),
    (1098,'Juanita','Thomas','Juarez','2','7991805122',NULL,1,'9228','1','446219361063','1994-09-29',289),
    (1099,'Kevin','Richard','Womer','2','5380557532',NULL,1,'8950','2','411926309877','1949-10-31',708),
    (1100,'Gerald','William','Esterbrook','2','2817251671',NULL,1,'1092','1','739401855206','1993-01-30',549),
    (1101,'Joshua','Amy','Johnson','1','1490675587',NULL,1,'5349','2','835996687890','1977-03-05',232),
    (1102,'Donald','Bill','Beers','2','5695389506',NULL,1,'6551','2','679594635945','1972-02-09',279),
    (1103,'Dwight','Tess','Archambault','1','7166993839',NULL,1,'1546','1','857806954481','1992-12-03',386),
    (1104,'Anthony','Rose','Sieja','2','4954527206',NULL,1,'5186','2','742779402137','1982-04-13',888),
    (1105,'Marie','Jacklyn','Durbin','1','5076487504',NULL,1,'1686','1','900895824467','1949-10-18',141),
    (1106,'William','Vivian','Mccolpin','2','6906407405',NULL,1,'7733','1','285367816419','1943-05-03',1052),
    (1107,'Robert','Demetrius','Pena','2','2691309379',NULL,1,'3521','1','912088488089','1997-01-14',1083),
    (1108,'Virginia','Elizabeth','Campbell','1','5010638707',NULL,1,'5687','2','800369182242','1946-12-24',830),
    (1109,'Kimberly','William','Miller','2','2862093476',NULL,1,'4123','1','735952579323','1960-12-25',479),
    (1110,'Dorothy','Ralph','Casavant','2','6960269068',NULL,1,'2054','1','289248492065','1991-03-01',449),
    (1111,'Donald','Ezra','Tabb','2','3933862716',NULL,1,'6737','2','921164803435','1988-03-03',21),
    (1112,'Sheri','Mona','Pereira','2','5125867724',NULL,1,'3462','2','969767012924','1995-11-25',799),
    (1113,'Louise','Edward','Herbert','2','6790876454',NULL,1,'4496','1','160468714470','1975-01-21',83),
    (1114,'Danny','Don','Stewart','1','1026158136',NULL,1,'4999','1','660804412820','1946-10-18',451),
    (1115,'Marion','Harold','Hamilton','1','6724259254',NULL,1,'4348','2','732341750146','1963-03-02',172),
    (1116,'Kristan','Andrew','Good','2','6121734364',NULL,1,'7674','1','769609852694','1940-12-09',644),
    (1117,'Kenny','David','Au','1','6133365564',NULL,1,'7025','2','280443905544','1976-01-11',580),
    (1118,'Maryanne','Cathy','Purkey','1','5018172449',NULL,1,'8186','2','454620431982','1943-04-14',720),
    (1119,'Jamal','William','Orourke','1','8600168406',NULL,1,'6176','1','605602604812','1956-03-01',720),
    (1120,'Wyatt','Harold','Pecanty','2','9437761526',NULL,1,'2739','2','636412898423','1991-09-18',481),
    (1121,'Garry','Erin','Shafer','1','4802795621',NULL,1,'7675','1','884747569146','1943-06-07',1),
    (1122,'Cindy','Edwin','Bullard','1','2136382478',NULL,1,'1555','2','502373113806','1960-02-21',1221),
    (1123,'Judith','Mark','Parker','1','4751996840',NULL,1,'1517','1','346802464705','1945-08-24',397),
    (1124,'Patricia','Aleisha','Marin','1','9854414820',NULL,1,'8287','1','424314113040','1962-04-30',469),
    (1125,'Michael','Betty','Mainolfi','1','6007338088',NULL,1,'3096','1','542492249749','1951-08-27',372),
    (1126,'Helen','Ben','Braddock','2','3199758306',NULL,1,'1915','2','310802045002','1957-06-21',309),
    (1127,'Leona','Peggy','Ace','1','3603146010',NULL,1,'1754','1','749789862253','1943-09-15',691),
    (1128,'Robert','Becky','Schwartz','1','4744449011',NULL,1,'8890','2','177908904001','1941-05-04',46),
    (1129,'Ryan','Cecil','Rigatti','1','1690724946',NULL,1,'1148','1','758099718393','1963-08-04',802),
    (1130,'Roxanne','Robert','Lenz','1','2370552655',NULL,1,'3168','1','497983552727','1983-04-04',431),
    (1131,'Wendell','Donald','Nesby','1','1110813014',NULL,1,'5828','2','623304000006','1980-01-23',312),
    (1132,'Gladys','Tammy','Rummler','1','8829455759',NULL,1,'2772','1','663548799454','1958-09-13',1171),
    (1133,'Juana','Wayne','Browne','1','4214738854',NULL,1,'9530','1','149038577703','1994-08-07',570),
    (1134,'Nicole','Fred','Carver','1','7798239661',NULL,1,'9583','2','696556236691','1962-11-02',827),
    (1135,'Ambrose','Gilbert','Steele','2','5644944884',NULL,1,'4796','2','480318821758','1942-08-15',1),
    (1136,'Steven','Thomas','Jones','1','3747822462',NULL,1,'3867','2','730260978547','1940-12-26',1226),
    (1137,'Ana','Jared','Hedrick','2','6018552883',NULL,1,'4788','1','231572553192','1972-01-11',1295),
    (1138,'Jennifer','Cynthia','Bagley','1','5754888715',NULL,1,'9015','1','224661138960','1948-07-23',1248),
    (1139,'Lynn','Juliana','Rains','2','3074252031',NULL,1,'7273','2','789324058650','1950-11-05',191),
    (1140,'Eric','Donald','Anderson','1','3255028016',NULL,1,'2647','1','977251811347','1967-11-13',721),
    (1141,'Zachary','Paul','Wellard','1','6465712100',NULL,1,'6342','1','600717441369','1945-01-12',899),
    (1142,'Johanna','Ethel','Simmons','2','7521833390',NULL,1,'3874','1','489066832161','1968-08-06',1222),
    (1143,'Lionel','Carol','Neal','2','7011763280',NULL,1,'6560','2','944959720699','1952-11-02',611),
    (1144,'Bobby','Linda','Clopper','1','5033365782',NULL,1,'2135','2','384621433997','1994-07-11',253),
    (1145,'Brian','Soledad','Ankrom','1','6762397705',NULL,1,'7320','1','360117562207','1989-02-03',962),
    (1146,'Debra','Rhonda','Hill','1','8023495308',NULL,1,'2876','2','265656273474','1973-08-04',141),
    (1147,'Marianne','Edward','Cabral','1','5918352911',NULL,1,'7916','2','297713615377','1984-04-20',1141),
    (1148,'Rochelle','Monica','Christopherso','1','8182626461',NULL,1,'7987','1','854595245273','1944-07-22',1),
    (1149,'Christine','James','Faz','2','5973680211',NULL,1,'4076','1','464589600401','1972-08-28',950),
    (1150,'Jackie','Carla','Chery','1','8102130561',NULL,1,'1083','2','316355718608','1941-05-13',646),
    (1151,'Philip','Donna','Parks','2','6245462657',NULL,1,'8580','2','684971497150','1943-11-06',711),
    (1152,'Stacy','Kristin','Flores','1','6318974743',NULL,1,'7209','1','156450120963','1950-02-14',21),
    (1153,'Jon','Wesley','Byles','2','4744928134',NULL,1,'8529','2','465541164860','1996-01-11',805),
    (1154,'Jesse','Robert','Arata','2','7630432690',NULL,1,'4120','1','402610336776','1952-07-20',926),
    (1155,'Jack','Spencer','Lazarus','2','8262299223',NULL,1,'7582','2','342892139112','1966-07-13',1073),
    (1156,'Steven','Nicholas','Messer','1','9710215147',NULL,1,'3441','2','451443184346','1995-10-14',916),
    (1157,'Martha','Wesley','Mcgowan','2','8777690599',NULL,1,'7259','1','103739130892','1978-10-12',929),
    (1158,'Ken','Carrie','Franklin','1','2633346534',NULL,1,'9185','2','466440323861','1958-02-04',381),
    (1159,'Randall','Andrew','Campbell','2','3772247150',NULL,1,'4921','2','941796925550','1942-11-03',66),
    (1160,'Melissa','William','Powell','1','6433406318',NULL,1,'4253','2','903111762404','1978-04-19',979),
    (1161,'Michael','Victoria','Anderson','1','1827882267',NULL,1,'6596','1','863843746678','1942-06-11',1240),
    (1162,'Milton','Kristen','Montoya','2','4313923635',NULL,1,'1971','2','882668079137','1990-02-19',425),
    (1163,'Ruben','Debra','Flatt','2','4336544973',NULL,1,'8891','1','339939004931','1979-06-29',225),
    (1164,'Wm','Timothy','Belanger','2','4402740126',NULL,1,'9792','1','828335153825','1947-01-25',671),
    (1165,'Trista','Vannessa','Lockhart','1','4350484940',NULL,1,'7330','2','780130580115','1971-07-16',18),
    (1166,'Kevin','Gladys','Vaquera','1','6752898765',NULL,1,'2502','2','962945034222','1962-06-12',338),
    (1167,'Craig','James','Auld','2','3750645264',NULL,1,'6433','1','297205409243','1994-01-13',889),
    (1168,'Barbara','Lori','Ramirez','2','9881876352',NULL,1,'2288','2','785310957590','1971-05-18',14),
    (1169,'Calvin','James','Herring','1','9478219138',NULL,1,'4290','1','209415916659','1968-03-02',1219),
    (1170,'Ty','Diane','Heck','1','4086318516',NULL,1,'7939','2','502776519388','1944-07-29',878),
    (1171,'David','Shelley','Langley','2','9242277524',NULL,1,'4332','2','365344592525','1947-12-13',235),
    (1172,'Flor','Sharon','Montoya','2','7540902774',NULL,1,'9159','2','639302980061','1949-05-26',1262),
    (1173,'Randi','Barbara','Eliott','2','6510229601',NULL,1,'6503','2','519211671619','1952-10-29',557),
    (1174,'Kristin','Charles','Dolan','1','6944271172',NULL,1,'8273','1','395324159094','1960-12-10',692),
    (1175,'Jennie','Stanley','Arreola','1','3962263553',NULL,1,'2664','1','425786993444','1975-12-20',4),
    (1176,'Victoria','Ryan','Simon','2','4626279600',NULL,1,'7797','1','521535274588','1986-12-23',199),
    (1177,'Tara','Ralph','Millwee','2','3620365583',NULL,1,'3013','2','523166666639','1976-03-10',671),
    (1178,'Lee','Frank','Lamb','1','7393618559',NULL,1,'8084','1','206612348469','1940-06-11',704),
    (1179,'Sue','Brian','Gregory','2','4213422471',NULL,1,'7638','2','191323450770','1961-03-24',1201),
    (1180,'Anthony','Judith','Moore','2','3876535248',NULL,1,'4878','1','908678418178','1950-06-09',509),
    (1181,'Mary','Archie','Brown','2','7133499876',NULL,1,'7831','2','680141504727','1953-12-22',1058),
    (1182,'David','Stephen','Millonzi','2','9690101583',NULL,1,'9327','2','756016882963','1944-01-20',160),
    (1183,'Donna','Jeannette','Jones','2','1704138564',NULL,1,'8692','1','296686421373','1996-03-19',1196),
    (1184,'Pearl','Harold','Terry','2','2641824306',NULL,1,'8207','2','958587853185','1978-01-12',1237),
    (1185,'Gary','Levi','Jugo','2','1276558046',NULL,1,'5199','2','711903692801','1974-12-02',168),
    (1186,'Cecilia','John','Creekmur','1','9331681555',NULL,1,'8738','2','787176424848','1965-04-30',593),
    (1187,'Carolina','Daniel','Rios','2','1384445357',NULL,1,'3505','2','986860100628','1943-11-10',881),
    (1188,'Roy','Luisa','Davis','2','5407604061',NULL,1,'8598','2','231992458264','1961-09-08',31),
    (1189,'Brianna','Judy','Bair','1','6900601364',NULL,1,'5701','1','969683971695','1946-03-22',754),
    (1190,'David','Dennis','Hoover','2','9370466264',NULL,1,'7207','2','547382976885','1972-09-18',719),
    (1191,'John','Ryan','Bierce','2','8739967978',NULL,1,'7434','2','645493642378','1950-03-20',200),
    (1192,'Kyle','Erlene','Odum','1','4905973259',NULL,1,'3575','1','900416326875','1977-06-07',365),
    (1193,'Dustin','Theresa','Smith','2','2198928232',NULL,1,'4651','2','854340431783','1960-09-24',968),
    (1194,'Sara','Jennifer','Shrader','2','6837075569',NULL,1,'9715','1','179659405965','1959-10-19',29),
    (1195,'Kelly','Eleanore','Acosta','1','3285041874',NULL,1,'6529','2','247445443354','1990-10-14',36),
    (1196,'Sylvia','Richard','Arnold','1','7494658306',NULL,1,'1961','1','525457470597','1962-07-07',435),
    (1197,'Dorothy','Dan','Clark','1','6461232663',NULL,1,'5412','2','363350395687','1963-09-20',1071),
    (1198,'James','Zachary','Young','1','2407632417',NULL,1,'7732','2','260785298669','1955-05-16',1041),
    (1199,'Clara','Eric','Marchitto','2','8162531748',NULL,1,'9614','2','715064207792','1990-06-26',844),
    (1200,'Roberta','Patricia','Settles','2','1412735700',NULL,1,'6620','1','565583006195','1950-12-20',1063),
    (1201,'Jonathan','Mary','Robertson','1','3468647349',NULL,1,'9470','1','655754181928','1980-01-08',430),
    (1202,'Loretta','Reta','Pimentel','2','9571074995',NULL,1,'2133','1','626242960941','1966-02-15',988),
    (1203,'Cory','Dorothy','Leonard','2','3074293090',NULL,1,'4437','2','914646202631','1960-08-26',1254),
    (1204,'Joyce','Tina','Tafoya','1','5326868615',NULL,1,'2540','1','755356343475','1942-12-25',175),
    (1205,'Lester','Jon','Riston','2','7480457113',NULL,1,'6160','1','562250979323','1957-09-10',215),
    (1206,'Robert','Linda','Noah','1','6876766762',NULL,1,'4252','2','471546320874','1984-02-03',355),
    (1207,'Cheryl','Louvenia','Szabo','1','1686636516',NULL,1,'9928','2','306866168166','1965-06-12',875),
    (1208,'Alejandra','Julian','Hill','1','3270770419',NULL,1,'7578','2','170074312546','1956-10-15',239),
    (1209,'Barbara','John','Williams','1','9740808673',NULL,1,'4237','1','379654718274','1957-01-08',415),
    (1210,'Thomas','Jessie','Benenati','1','3063093958',NULL,1,'5886','1','275364337706','1949-12-08',287),
    (1211,'Michael','David','Ortiz','1','6458418954',NULL,1,'5562','2','911070443683','1982-09-12',1073),
    (1212,'Anna','Michael','Yu','1','7243556285',NULL,1,'4844','2','468470254101','1974-11-04',336),
    (1213,'Esther','Michael','Pickering','1','4059780495',NULL,1,'3344','1','434713840079','1948-11-05',626),
    (1214,'Esther','Michael','Newyear','2','5883525351',NULL,1,'8280','1','646321660893','1981-01-11',1033),
    (1215,'William','Janelle','Mccann','2','2229835929',NULL,1,'7281','1','347072040506','1972-12-02',339),
    (1216,'Christopher','Henry','Hernandez','2','9527275395',NULL,1,'7065','2','164891202240','1994-08-06',992),
    (1217,'Kathlene','Harvey','Williams','2','2132190298',NULL,1,'3781','1','601829639166','1957-08-02',469),
    (1218,'Lorraine','Irma','Edler','1','7561563727',NULL,1,'4138','2','702460965033','1996-01-19',84),
    (1219,'Genevieve','Tracy','Rantz','1','3331209989',NULL,1,'6079','2','527319406749','1993-08-27',1208),
    (1220,'Max','Robert','Hoffer','2','8482730799',NULL,1,'5544','2','505913689627','1967-12-15',902),
    (1221,'Mary','William','Livermore','2','2666377820',NULL,1,'3848','2','858977543091','1962-04-03',1010),
    (1222,'Iola','Ruth','Shuman','1','4843818261',NULL,1,'7122','1','254477539433','1951-08-01',1198),
    (1223,'Paul','Victoria','Palacios','1','4185009031',NULL,1,'8786','2','545554401396','1964-04-08',727),
    (1224,'Brady','Charles','Morton','2','2370861218',NULL,1,'7036','2','682117171571','1993-03-19',978),
    (1225,'Lionel','Becki','Lee','1','5749635084',NULL,1,'5176','1','369518715723','1949-05-13',143),
    (1226,'Mckenzie','Richard','Vetter','1','9400870295',NULL,1,'4164','1','415755298370','1952-06-09',1105),
    (1227,'Carole','Christine','Schulte','2','5350904982',NULL,1,'6214','2','400539145405','1962-11-24',218),
    (1228,'Natalie','Melissa','Cracchiolo','1','4535316275',NULL,1,'6987','1','676855038570','1956-05-30',1044),
    (1229,'Georgia','Frank','Archer','2','2491474767',NULL,1,'5216','2','490358496796','1981-07-28',69),
    (1230,'Barbara','Catherine','Snyder','1','3618892253',NULL,1,'9487','1','600301817536','1947-11-14',576),
    (1231,'Mary','Marion','Woods','1','7863496632',NULL,1,'2615','2','722914311421','1995-11-14',35),
    (1232,'Tracy','Barbara','Workman','2','7607537496',NULL,1,'7605','2','118109878944','1965-08-06',1015),
    (1233,'Jesse','Brian','Buckley','2','3958894255',NULL,1,'4168','2','227266660554','1970-12-30',168),
    (1234,'Marie','Carma','Diaz','1','2068768328',NULL,1,'7195','2','633466754796','1971-07-07',1180),
    (1235,'Wilma','Barbara','Mirr','1','7530366824',NULL,1,'8529','1','686772645622','1960-11-14',1285),
    (1236,'Josephine','James','Sikes','1','6085808189',NULL,1,'3012','1','159195222446','1942-11-28',1083),
    (1237,'James','Susan','Mahler','2','7164647418',NULL,1,'4935','2','348437354190','1979-04-06',1003),
    (1238,'Cheryl','Gary','Minks','1','9200885679',NULL,1,'5769','2','546970140751','1941-11-05',924),
    (1239,'Derrick','Jeffrey','Angert','2','5385096695',NULL,1,'2088','2','757955446880','1947-01-07',1007),
    (1240,'Kyle','Theodore','Geffre','1','3032855054',NULL,1,'1158','2','239015209333','1967-03-05',391),
    (1241,'Crystal','James','Suiter','1','9183651770',NULL,1,'9960','1','815346498320','1946-10-24',784),
    (1242,'Vincent','Grace','Barner','1','5679673453',NULL,1,'6977','1','996893480086','1980-07-30',158),
    (1243,'Christa','Karin','Nolan','1','3730701728',NULL,1,'1824','1','284486683771','1957-07-08',1124),
    (1244,'Eddie','Alberto','Appleby','2','3946463718',NULL,1,'9497','1','690987015002','1987-09-04',116),
    (1245,'Madge','Helen','Lopez','2','4608620426',NULL,1,'5129','2','546532216755','1945-09-28',808),
    (1246,'Kathy','Jennie','Reed','1','6917995374',NULL,1,'9202','2','628566545908','1986-11-01',675),
    (1247,'Rosa','Louise','Williams','2','7260469347',NULL,1,'5012','2','951221940316','1946-04-23',1278),
    (1248,'Eugene','Mark','Baumgartner','2','2320393397',NULL,1,'3037','1','253398572262','1993-05-31',877),
    (1249,'Elissa','Gloria','Wheeler','1','1107876444',NULL,1,'3830','1','401072964120','1948-05-31',1193),
    (1250,'Estela','Josh','Thompson','2','1905596884',NULL,1,'5536','2','423631889786','1970-05-23',1218),
    (1251,'Anna','Billy','Connors','1','4966008602',NULL,1,'3065','1','980039568839','1953-11-10',68),
    (1252,'Tara','Toni','Warren','2','5963947605',NULL,1,'3216','2','800800416210','1956-10-14',760),
    (1253,'Jean','Joyce','Cullen','1','2026443366',NULL,1,'3488','1','303307840539','1960-04-29',631),
    (1254,'Jose','Joseph','Rook','1','5697049700',NULL,1,'5213','1','246895077507','1972-08-26',162),
    (1255,'Gerald','Debbie','Ellis','2','2392555838',NULL,1,'8009','2','919305829099','1979-09-30',292),
    (1256,'John','Amanda','Meyers','1','5451077579',NULL,1,'5799','2','281014271146','1950-04-24',269),
    (1257,'Richard','Frances','Rael','2','1975523294',NULL,1,'2338','1','846760728629','1965-09-29',383),
    (1258,'Chiquita','Ingrid','Harmon','2','7160918774',NULL,1,'5850','1','767575945114','1951-04-25',631),
    (1259,'William','Sherrie','Mojica','1','2734904207',NULL,1,'7131','1','970660740220','1980-06-08',911),
    (1260,'Erick','Alma','Phelps','2','8870282760',NULL,1,'4527','2','788764584795','1942-07-14',873),
    (1261,'Bobby','Eugene','Williams','1','3460771452',NULL,1,'8767','1','990012452423','1969-03-28',1235),
    (1262,'Christina','Charlie','Potts','1','2800238948',NULL,1,'1927','1','579750223373','1973-07-07',299),
    (1263,'Edward','Allen','Fountain','2','9621178131',NULL,1,'6373','2','635143779250','1982-11-25',902),
    (1264,'Michael','Howard','Gillum','1','7817300228',NULL,1,'7408','1','946247175950','1983-07-13',526),
    (1265,'Audra','Ernest','Mcnair','1','1186597078',NULL,1,'8183','1','800108145889','1954-07-09',759),
    (1266,'Goldie','Ryan','Quattlebaum','2','4657469132',NULL,1,'2824','2','897069360303','1980-08-23',887),
    (1267,'Dwight','Keith','Jordan','2','5661164271',NULL,1,'7164','1','298237880781','1958-04-11',400),
    (1268,'Harry','Buddy','Kyle','1','5224980053',NULL,1,'8245','2','201582795152','1983-07-22',315),
    (1269,'Laura','Daniel','Banning','1','5361917687',NULL,1,'3330','1','340660090357','1976-10-07',913),
    (1270,'Jannie','Raymond','Cobb','2','9971707870',NULL,1,'1766','2','451502773718','1986-11-13',93),
    (1271,'Linda','Robert','Marks','1','2277839316',NULL,1,'6313','2','631328565999','1968-02-14',949),
    (1272,'Jane','David','Barnes','2','9069694621',NULL,1,'4159','1','866388066999','1965-08-08',1283),
    (1273,'Rosa','Ramon','Beal','2','1785966606',NULL,1,'4592','2','285786894984','1977-05-13',285),
    (1274,'Paul','Christopher','Hunt','2','3903712775',NULL,1,'3165','1','560642403633','1964-11-02',236),
    (1275,'Dorothy','Hector','Harris','2','1042255849',NULL,1,'7075','1','178439252394','1970-03-28',1249),
    (1276,'Lani','Aaron','Winkles','2','3866054610',NULL,1,'1181','2','241452470668','1962-12-09',407),
    (1277,'Amanda','Michael','Berg','2','1038601269',NULL,1,'3229','1','410318569694','1985-01-11',1089),
    (1278,'Lisa','Harry','Crocker','1','4280069262',NULL,1,'3963','1','589361322461','1975-07-12',698),
    (1279,'Anthony','Alisha','Rios','2','5073379050',NULL,1,'1376','2','650337984009','1946-08-30',17),
    (1280,'Britany','Joseph','Dobratz','1','2026477386',NULL,1,'7143','1','342181474618','1945-05-08',503),
    (1281,'Christine','Marion','Grulkey','1','3195835292',NULL,1,'9855','1','917939299184','1948-03-10',1206),
    (1282,'Patrick','Jacqueline','Hodson','1','7753379795',NULL,1,'4600','1','382584519878','1986-08-23',972),
    (1283,'Jennifer','Geraldine','Norman','1','3829274359',NULL,1,'3396','1','292062223388','1987-07-29',1151),
    (1284,'Antione','Nancy','Andrews','2','9119171810',NULL,1,'3323','2','365087480208','1941-11-20',416),
    (1285,'Mike','Michael','Gunderson','2','9898498578',NULL,1,'6356','2','375782243465','1945-06-23',955),
    (1286,'Stephanie','Ronald','Stewart','1','8473647416',NULL,1,'8319','1','184872313575','1960-02-04',191),
    (1287,'Michael','Paul','Yanez','2','7608459160',NULL,1,'4795','1','363860228577','1984-09-12',869),
    (1288,'John','Angie','Caldwell','2','9011039997',NULL,1,'1847','1','128781301619','1994-07-01',353),
    (1289,'Antonio','Alexandria','Gonzalez','2','6152749214',NULL,1,'8208','1','357955404229','1983-06-16',358),
    (1290,'Jodi','Megan','Welborn','2','4313414122',NULL,1,'6773','1','524710307519','1984-04-07',240),
    (1291,'Clifford','Patricia','Mercedes','1','1542592666',NULL,1,'5705','1','803285156957','1981-03-16',1118),
    (1292,'John','Peter','Pierce','2','1214382516',NULL,1,'3305','2','798185185307','1951-02-12',619),
    (1293,'David','John','Felix','2','4514619283',NULL,1,'4434','1','787729021365','1968-04-24',867),
    (1294,'Eric','Patricia','Pereira','1','1281808135',NULL,1,'5149','1','803339284047','1993-08-26',429),
    (1295,'Mary','Virginia','Lollar','2','2951288722',NULL,1,'9776','1','725098909894','1961-05-03',652),
    (1296,'Mary','Marjorie','Morris','1','5229809035',NULL,1,'2945','2','858057337676','1944-08-30',345),
    (1297,'Eunice','Frederick','Blake','1','1807396746',NULL,1,'8891','1','771206695462','1972-12-15',828),
    (1298,'Leroy','Franklin','Dorsey','2','7252191655',NULL,1,'1559','1','218544067154','1949-04-14',1251),
    (1299,'Amber','Joel','Nieves','1','3378968354',NULL,1,'1851','2','950789201954','1991-09-16',1006),
    (1300,'Marcella','Marilyn','Abbott','2','8994488561',NULL,1,'5807','1','588734043905','1974-05-11',1275),
    (1301,'Alex','Melissa','Budds','2','2178763549',NULL,1,'1188','2','856199389707','1996-04-07',240),
    (1302,'Emma','Steve','Cunha','2','1210995856',NULL,1,'5392','1','936264593660','1942-01-11',589),
    (1303,'Gabriel','John','Moynihan','2','1076477972',NULL,1,'5024','2','934752524709','1967-02-02',815),
    (1304,'Steven','Linda','Creed','2','4871592520',NULL,1,'7326','2','261332704342','1957-12-26',1119),
    (1305,'Nina','Robert','Leaf','1','3886570932',NULL,1,'1275','2','639469990707','1991-04-22',892),
    (1306,'Catherine','Linda','Johnson','2','5594587677',NULL,1,'4256','1','784121530387','1965-02-27',675),
    (1307,'Rebecca','Erica','Ly','2','8278707762',NULL,1,'1542','2','844383022318','1958-04-03',64),
    (1308,'Lorenzo','Charles','Williams','1','5076581279',NULL,1,'5837','2','321367119079','1958-10-02',623),
    (1309,'Louis','Pamela','Stpeter','2','4351360492',NULL,1,'5340','1','174755794306','1973-02-08',506),
    (1310,'Fredda','Lisa','Macpherson','1','9597175458',NULL,1,'3623','2','826838792627','1994-09-17',1160),
    (1311,'Albert','John','Nixon','2','5992363418',NULL,1,'3031','2','186098271931','1994-12-11',1164),
    (1312,'Maria','Adrienne','Moore','1','7173275350',NULL,1,'2947','1','228609937100','1967-02-26',130),
    (1313,'Adell','George','Wilson','2','5859903040',NULL,1,'6098','1','906400758859','1964-06-04',609),
    (1314,'Howard','Joseph','Leyva','1','6612177906',NULL,1,'3221','1','441297808765','1992-12-10',50),
    (1315,'Johnny','Eric','Davis','2','3196540311',NULL,1,'4629','1','101964778159','1960-08-03',633),
    (1316,'Wanda','Bryan','Witman','1','2903190350',NULL,1,'8454','1','586728375412','1950-08-14',1245),
    (1317,'Adam','Mary','Montz','1','7165875325',NULL,1,'4888','2','402408454886','1968-08-09',596),
    (1318,'Hilda','Jeffrey','Sibley','1','8226599098',NULL,1,'8948','2','249195781308','1987-05-09',31),
    (1319,'Roy','Sean','Staubin','1','5176293260',NULL,1,'4530','1','445740799654','1970-08-15',238),
    (1320,'Jessica','Lee','Barron','1','8054786300',NULL,1,'1798','1','161909482278','1972-08-26',905),
    (1321,'Larry','Jose','Hoekstra','1','8872951452',NULL,1,'9428','2','561658758031','1976-07-25',7),
    (1322,'George','Jerry','Goodman','1','8354899377',NULL,1,'9380','1','451505957598','1987-03-07',124),
    (1323,'Robert','Judy','Cervantes','1','1378427895',NULL,1,'9756','2','922957753109','1955-11-27',1056),
    (1324,'Charles','Darlene','Hallam','1','9984874081',NULL,1,'8386','1','770199647418','1967-02-03',964),
    (1325,'Lizabeth','David','Jones','1','9789949741',NULL,1,'3928','2','160824673531','1974-10-18',388),
    (1326,'Beth','Christian','Street','1','1246915865',NULL,1,'3100','2','940939150654','1954-01-29',1190),
    (1327,'Mary','Catherine','Hale','1','5409739405',NULL,1,'1299','1','479184167108','1974-04-16',440),
    (1328,'Francisco','Tracy','Adkison','2','5316392925',NULL,1,'5960','1','541905053047','1950-05-27',663),
    (1329,'Freddie','Tabitha','Cox','2','6979259944',NULL,1,'8797','2','299000582779','1984-05-23',1153),
    (1330,'Esperanza','Alma','Gonzalez','1','3868683236',NULL,1,'4460','1','459370454168','1943-06-15',1126),
    (1331,'Patrick','Maria','Fernandez','1','3461061358',NULL,1,'1893','2','643673011481','1958-09-13',1055),
    (1332,'Charles','Kenneth','Mccann','2','3005710470',NULL,1,'5641','1','999461344060','1962-04-27',1287),
    (1333,'Sara','William','Tran','1','7333428353',NULL,1,'9091','2','884196722118','1976-10-16',856),
    (1334,'Christopher','Herman','Jackson','1','1336937634',NULL,1,'7409','2','449616721790','1970-05-26',138),
    (1335,'Lisa','Irma','Boucher','2','9244299404',NULL,1,'9213','1','311762548459','1982-06-08',453),
    (1336,'Emily','Herbert','Cardenas','2','9279294613',NULL,1,'8744','1','439315755298','1946-06-16',70),
    (1337,'Shanna','Emily','Lyman','1','3359735547',NULL,1,'1906','2','331965483722','1966-02-04',458),
    (1338,'Florence','Robert','Lee','2','6425382851',NULL,1,'7626','1','281791985561','1989-02-12',228),
    (1339,'Randall','Robert','Mcmorris','1','5118119205',NULL,1,'7854','2','963773075065','1963-01-04',943),
    (1340,'Steve','James','Dominguez','1','8401472873',NULL,1,'4554','2','674415607687','1942-08-24',638),
    (1341,'Ernest','Felix','Walker','1','3634484058',NULL,1,'4359','2','810531684433','1970-01-15',183),
    (1342,'Diane','Jason','Bouthillette','1','1551834417',NULL,1,'6164','1','298284641677','1985-12-03',156),
    (1343,'Sarah','Henry','Ahrens','1','1745772506',NULL,1,'2146','1','648865730239','1955-02-19',1138),
    (1344,'David','Maria','Richards','1','7405597920',NULL,1,'9669','2','804415594316','1957-06-22',78),
    (1345,'Laura','Rae','Thomsen','2','5538884351',NULL,1,'9014','2','559310472655','1953-04-14',1033),
    (1346,'Cory','Diana','Gavitt','1','3436174813',NULL,1,'4424','2','754608881489','1944-01-25',603),
    (1347,'Sterling','Keith','Twiggs','1','6481598938',NULL,1,'8397','1','515707997145','1943-04-17',196),
    (1348,'Virginia','Roy','Snead','1','7393673985',NULL,1,'6104','1','293873036110','1941-01-30',217),
    (1349,'Judy','Cody','Young','1','3911775433',NULL,1,'7898','2','566202894250','1980-05-15',483),
    (1350,'Jonathan','Cynthia','Harris','2','1021356543',NULL,1,'1732','2','708462611816','1990-04-28',916),
    (1351,'Wilbur','Shellie','Pitt','2','2788959038',NULL,1,'6453','2','732719466962','1992-09-19',1173),
    (1352,'Donnie','Heather','Bradley','1','9338076320',NULL,1,'5690','1','672280434196','1949-01-09',432),
    (1353,'Jorge','Todd','Patterson','1','1735067968',NULL,1,'1037','2','395171562336','1941-02-16',1149),
    (1354,'Donald','Kimberly','Elliott','2','2147254380',NULL,1,'3277','2','694071105939','1940-12-02',726),
    (1355,'Richard','Jeanne','Lizaola','1','8632143350',NULL,1,'6858','1','762049362822','1955-06-07',658),
    (1356,'Dewey','Frances','Smith','1','5335991570',NULL,1,'2271','2','795496609836','1951-06-05',501),
    (1357,'Ruben','Bill','Hidvegi','1','3244543657',NULL,1,'2287','1','773649466995','1974-03-06',438),
    (1358,'Eric','Josephine','Morton','1','7432907771',NULL,1,'1629','2','682635752436','1967-08-04',1215),
    (1359,'Roderick','Roberta','Chaney','1','3341802018',NULL,1,'5807','2','330481286991','1980-06-15',145),
    (1360,'William','John','Mixon','2','2699632231',NULL,1,'4861','1','187362686586','1991-12-14',1010),
    (1361,'David','David','Forsythe','2','8356182650',NULL,1,'3914','1','984895432040','1986-08-22',388),
    (1362,'Jimmy','Kristine','Gomez','2','5728196850',NULL,1,'9876','2','135856361347','1951-05-27',211),
    (1363,'Robert','Ruben','Moore','1','2798414727',NULL,1,'2849','2','884486914498','1973-03-30',330),
    (1364,'Michael','Barbara','Farrish','2','2097005362',NULL,1,'6695','2','416201610219','1955-11-10',818),
    (1365,'Renee','Nancy','Davis','2','1390324199',NULL,1,'8374','1','557642841171','1972-11-28',1176),
    (1366,'Jennifer','Michael','Coviello','1','2814694384',NULL,1,'5910','2','845316991899','1990-05-09',496),
    (1367,'Joe','Salvador','Salinas','2','2079917269',NULL,1,'4063','1','888263481822','1961-07-17',769),
    (1368,'Willie','Mark','Doan','2','8456524626',NULL,1,'7960','1','422595036455','1976-03-12',382),
    (1369,'Catherine','Gerald','Oneil','2','3091410876',NULL,1,'3032','2','253675304125','1958-04-08',596),
    (1370,'Mildred','Gene','Cox','2','9129501449',NULL,1,'7066','1','356379483430','1959-11-27',553),
    (1371,'Willie','Kevin','Carey','2','2232882127',NULL,1,'1075','1','616550298722','1953-06-06',16),
    (1372,'Vernon','Scott','Placencia','2','9538296440',NULL,1,'9521','1','862253183794','1949-10-10',1212),
    (1373,'Elizabeth','Luis','Lankford','2','2588232385',NULL,1,'9622','1','173016619475','1951-10-07',364),
    (1374,'John','Jana','Falk','1','5813052036',NULL,1,'7082','1','292563962571','1954-07-14',1219),
    (1375,'Timothy','Janet','Ridenour','2','8716955283',NULL,1,'6993','2','269339421556','1952-12-16',853),
    (1376,'Corina','Jeremy','Taylor','1','1547986012',NULL,1,'1730','1','165683741151','1959-03-22',422),
    (1377,'Annie','Amanda','Cabrera','1','2965572461',NULL,1,'9656','1','230847596590','1989-01-02',159),
    (1378,'Marjorie','Karl','Meeter','1','1924521795',NULL,1,'2975','1','976886560501','1953-03-20',358),
    (1379,'Alden','Warren','Cooper','1','2005362240',NULL,1,'2245','1','585096166765','1985-11-17',858),
    (1380,'Barbara','Herb','Chan','2','1155133779',NULL,1,'6660','1','730608443288','1977-05-08',743),
    (1381,'Jeremy','James','Stephens','1','3601079582',NULL,1,'7111','2','272093197588','1996-12-06',672),
    (1382,'Robert','Linda','Lawson','2','7202027963',NULL,1,'2365','2','157743668915','1970-04-03',640),
    (1383,'Lance','Michael','Coles','1','3883674592',NULL,1,'9647','2','435765127934','1969-06-23',237),
    (1384,'Deana','Glory','Stanley','2','5464665929',NULL,1,'8824','2','541768862182','1966-01-12',694),
    (1385,'Melvin','Oscar','Maciasz','2','6456446702',NULL,1,'8310','1','522419529609','1988-04-09',1100),
    (1386,'Thomas','Robert','Galvan','2','3030892842',NULL,1,'8570','1','258490349911','1946-04-25',947),
    (1387,'Maria','Douglas','Rousseau','1','8361845429',NULL,1,'1532','2','989123201794','1962-04-19',54),
    (1388,'Raymond','James','Gates','2','2003433138',NULL,1,'7114','1','341827639476','1990-02-06',196),
    (1389,'Nellie','Frances','Fong','2','6498402689',NULL,1,'2686','1','268322670700','1985-03-10',325),
    (1390,'Adam','Kara','Mcleod','1','3459618283',NULL,1,'2446','2','759797210444','1988-09-20',1116),
    (1391,'Nancy','Jeffry','Vanetta','2','5653947128',NULL,1,'4964','2','653598379486','1948-03-26',327),
    (1392,'Antonio','Robert','Stark','1','4772172392',NULL,1,'7222','2','138382822470','1961-11-05',779),
    (1393,'Joseph','Earl','Labeau','2','4949499683',NULL,1,'9779','2','520968827971','1962-08-23',530),
    (1394,'Nola','Darla','Watkins','1','6413264014',NULL,1,'1689','1','621925709089','1979-06-04',775),
    (1395,'Jackie','Irvin','Peterson','2','7139804172',NULL,1,'6275','1','849022232585','1955-09-19',334),
    (1396,'Almeda','Michael','Dean','2','6487036045',NULL,1,'7913','1','391891338769','1981-02-26',363),
    (1397,'Laura','Rayford','Hensley','2','8633720961',NULL,1,'7863','2','580441618621','1981-05-11',1258),
    (1398,'Zachary','Alan','Lopez','1','8974120816',NULL,1,'1596','1','433163199124','1942-08-07',47),
    (1399,'Bruce','Michael','Walden','2','3264879471',NULL,1,'1999','2','111388302461','1984-12-20',1037),
    (1400,'Ashely','Thomas','Drummond','2','6566286921',NULL,1,'5917','1','363331078035','1993-10-23',67),
    (1401,'Mark','Betty','Gilchrist','2','8215837586',NULL,1,'1662','2','252471660553','1968-05-06',986),
    (1402,'Diana','David','Stakkeland','1','7863364257',NULL,1,'1879','2','286434767422','1944-05-13',770),
    (1403,'John','Emanuel','Patton','1','1966128973',NULL,1,'9428','2','683514233118','1965-08-22',530),
    (1404,'Sarah','Jessica','Samuel','2','8907884345',NULL,1,'3755','2','735377069001','1973-03-19',1050),
    (1405,'Thelma','Hazel','Ramirez','1','5036699249',NULL,1,'9083','1','615525608771','1943-10-03',213),
    (1406,'Josh','Denise','Dixon','2','3599218095',NULL,1,'8146','2','278919609114','1956-11-29',961),
    (1407,'Phyllis','Joel','Owens','2','7692220677',NULL,1,'9213','2','726752799669','1946-02-17',903),
    (1408,'Eric','Ruth','Williams','1','9724932707',NULL,1,'9516','1','123646660548','1988-08-10',256),
    (1409,'Evelyn','Mary','Winchenbach','1','4978706416',NULL,1,'8711','2','921378429983','1972-06-19',885),
    (1410,'Stuart','Donald','White','1','5658564501',NULL,1,'2851','2','281124319093','1941-12-26',17),
    (1411,'Todd','Joey','Sanyaro','2','6405902465',NULL,1,'2959','1','270647112426','1945-12-10',864),
    (1412,'Gary','Keith','Jamison','1','2011872843',NULL,1,'3537','1','702664623788','1993-06-30',1035),
    (1413,'Monica','Jana','Sherman','2','1688272169',NULL,1,'9863','2','556841032621','1960-07-18',756),
    (1414,'Adrian','Pauline','Ingram','2','6743422420',NULL,1,'2452','1','727583442083','1942-12-11',818),
    (1415,'Thomas','Louise','Jenkins','1','9704924613',NULL,1,'8911','1','133886953855','1993-10-22',1265),
    (1416,'Danna','Wm','Mcintosh','1','3155866137',NULL,1,'1414','2','924158419339','1957-01-07',418),
    (1417,'Evangelina','Cheryl','Devine','2','9417127278',NULL,1,'6628','1','471881539128','1994-07-09',388),
    (1418,'Scot','John','Firth','1','8881465045',NULL,1,'6899','2','288357986713','1997-01-30',750),
    (1419,'Andrew','Donna','Tangerman','2','8263981586',NULL,1,'3709','1','733668793160','1994-01-06',993),
    (1420,'Charles','Janet','Little','2','2905956512',NULL,1,'5384','2','467258731686','1952-01-18',955),
    (1421,'Leigh','Cherise','Owczarzak','2','2337171808',NULL,1,'8398','1','822933942127','1948-05-14',223),
    (1422,'Mary','Annie','Ivancic','2','3912794901',NULL,1,'6815','2','337049479580','1971-04-25',1044),
    (1423,'John','James','Baker','1','6028484733',NULL,1,'5177','2','205542865005','1973-08-24',110),
    (1424,'Stephen','Rod','Seery','1','1564708325',NULL,1,'3572','1','669838558033','1980-09-10',1049),
    (1425,'Delbert','Richard','Nunez','1','9432908408',NULL,1,'5514','2','581717936752','1987-11-01',733),
    (1426,'Joseph','Gary','Lloyd','1','4459379387',NULL,1,'6639','2','811303534468','1942-07-12',459),
    (1427,'Bennett','Mao','Cherry','2','3010780846',NULL,1,'3464','1','503982766323','1946-08-19',50),
    (1428,'Charles','Valerie','Simmons','2','4406713160',NULL,1,'8133','1','501738889049','1971-02-13',916),
    (1429,'Isabel','Cynthia','Kaupp','2','8106639217',NULL,1,'4382','2','105862651675','1969-08-03',905),
    (1430,'Dean','Randall','Castilla','1','7403382327',NULL,1,'1532','1','768655459747','1974-12-04',761),
    (1431,'Roselle','Emmitt','Horowitz','2','7811526665',NULL,1,'5964','1','143301132832','1994-02-24',1139),
    (1432,'Alvin','Apolonia','Brown','1','4691751438',NULL,1,'7556','2','446885386473','1955-10-01',517),
    (1433,'Jeanene','Nancy','Lowery','1','4544884313',NULL,1,'6321','1','189835939660','1944-02-17',1101),
    (1434,'Maria','Linda','Collette','1','9877456441',NULL,1,'3672','1','541810565728','1969-01-09',813),
    (1435,'Cindy','Damon','Price','2','7523821748',NULL,1,'1566','2','155862091408','1965-12-19',325),
    (1436,'Donna','Debra','Sotelo','2','8390623274',NULL,1,'9062','2','554105282102','1956-07-02',107),
    (1437,'Peter','Dixie','Royster','2','3593215830',NULL,1,'5445','2','343987940763','1967-11-22',820),
    (1438,'Thomas','Kevin','Hilgert','1','6932161824',NULL,1,'5795','2','729102713342','1954-10-01',1077),
    (1439,'Willie','Lupe','Robertson','1','6314898639',NULL,1,'5185','1','735042873591','1993-09-06',1059),
    (1440,'Kenneth','Monica','Johnson','1','4774395341',NULL,1,'3096','1','418500997222','1988-05-26',834),
    (1441,'Carrie','Michael','Lewis','2','2428321419',NULL,1,'5306','2','592968547480','1943-08-10',993),
    (1442,'Sammie','Edwin','Bloomquist','2','1005338819',NULL,1,'8220','2','714370901586','1947-06-22',1239),
    (1443,'Delbert','Tom','Szychowski','1','7067462407',NULL,1,'1904','1','837791582099','1956-01-21',13),
    (1444,'Betty','Mary','Willis','2','9407783018',NULL,1,'5751','2','182253515487','1979-12-15',867),
    (1445,'Juana','Letitia','Grimes','2','6969625939',NULL,1,'8848','2','557844272649','1991-12-14',1100),
    (1446,'Dawne','Philip','Graves','2','5325659718',NULL,1,'2006','2','552267622250','1980-01-09',234),
    (1447,'Raul','Gladys','Marks','1','6342290794',NULL,1,'2263','2','332216809889','1951-01-23',422),
    (1448,'Justin','Robert','Waddell','1','9668253321',NULL,1,'9307','2','312598605210','1947-06-13',614),
    (1449,'Raymond','Darrell','Koonce','2','6054668788',NULL,1,'3328','2','212809333360','1952-02-10',905),
    (1450,'Judith','Margarita','Lee','2','9260389865',NULL,1,'6947','2','554339405254','1983-12-20',456),
    (1451,'Timothy','Sylvia','Salinas','1','3878680728',NULL,1,'6299','2','352985334335','1948-01-23',207),
    (1452,'Florence','Jacqueline','Stengel','2','4251721891',NULL,1,'1714','1','128782966651','1987-04-11',196),
    (1453,'Peter','John','Atkeson','2','4431250183',NULL,1,'4918','1','788738071932','1986-08-15',465),
    (1454,'Diana','Raymond','Milano','1','1300926448',NULL,1,'1234','1','682149042217','1959-12-21',1133),
    (1455,'Ellen','Florence','Pedigo','2','5375273512',NULL,1,'1377','2','346866698226','1982-12-07',567),
    (1456,'Denise','Catalina','Lusk','1','8505885204',NULL,1,'5629','1','708286841158','1969-05-28',307),
    (1457,'Steven','Joseph','Oniel','2','1203961520',NULL,1,'7641','2','208209528683','1953-05-12',1047),
    (1458,'Mildred','Dennis','Scott','2','5646975246',NULL,1,'7582','1','368367352385','1940-11-30',585),
    (1459,'Leon','Phillip','Allen','2','2766851416',NULL,1,'9838','1','395576247237','1975-01-03',1038),
    (1460,'Timothy','Owen','Pittman','1','5609470675',NULL,1,'9103','1','612273770061','1989-01-22',245),
    (1461,'Frances','Dawn','Jones','1','6982020025',NULL,1,'5982','1','981222853599','1993-09-14',548),
    (1462,'Antonio','Sabrina','Six','1','5993493303',NULL,1,'5022','1','747806923695','1971-02-05',409),
    (1463,'Frances','Lauren','Newman','2','5155523712',NULL,1,'3491','1','456534392961','1965-05-31',1249),
    (1464,'Nellie','Jason','Hoang','2','7922625632',NULL,1,'3194','1','581976954942','1959-11-15',572),
    (1465,'Joseph','David','Sheridan','2','8332225167',NULL,1,'6568','1','299513895404','1955-10-11',1051),
    (1466,'Donald','Larry','Maughan','1','8787021552',NULL,1,'5274','1','275600917633','1965-05-10',740),
    (1467,'Kerry','Patricia','Johnson','2','8846595400',NULL,1,'3336','1','309476302380','1975-10-29',59),
    (1468,'Gary','Aaron','Rosenthal','2','4362954441',NULL,1,'9247','1','942118125455','1983-06-10',910),
    (1469,'Raymond','Robert','Alvarado','2','2249660454',NULL,1,'7677','2','876788415392','1982-03-09',801),
    (1470,'Delinda','Diane','Messina','2','3790014351',NULL,1,'1415','2','944486332160','1962-12-28',116),
    (1471,'Timothy','Beverly','Leab','1','2923722846',NULL,1,'8581','1','603625973388','1966-05-19',1300),
    (1472,'Peter','William','Adams','2','8032791486',NULL,1,'7564','1','857072376426','1957-08-25',443),
    (1473,'Linda','Leo','Replogle','2','4582570506',NULL,1,'9031','1','336418605817','1944-02-15',796),
    (1474,'Fred','Dorothy','Green','2','8561380500',NULL,1,'8010','1','471111142197','1955-11-28',971),
    (1475,'Vickie','Ida','Teter','2','6625993822',NULL,1,'2479','1','106628878884','1950-08-13',1237),
    (1476,'Barbara','Todd','Ortega','2','3247644424',NULL,1,'5148','1','685247861208','1962-08-23',695),
    (1477,'Randy','Lawrence','Smith','2','8776720254',NULL,1,'2576','1','525870774844','1955-11-10',957),
    (1478,'Georgia','Sabrina','Gifford','1','5283908480',NULL,1,'2808','1','933868640339','1940-07-17',486),
    (1479,'Jackie','Clifford','Tuthill','1','2175874260',NULL,1,'1489','2','793585067270','1948-01-05',489),
    (1480,'Curtis','Walter','Page','2','4808267706',NULL,1,'7333','2','533898572646','1973-04-11',1269),
    (1481,'Keith','Tom','Smith','2','3454352914',NULL,1,'9660','2','307454204678','1958-02-24',182),
    (1482,'Darrell','Joe','Buikema','2','7252221969',NULL,1,'8798','2','508609629147','1996-07-11',1265),
    (1483,'Jamie','Guy','Whittington','2','1729332553',NULL,1,'5805','1','987930120188','1948-05-31',1122),
    (1484,'Mervin','Phyllis','Olivia','2','1399794645',NULL,1,'4385','2','232206586504','1979-11-07',2),
    (1485,'Laura','Michelle','Latsko','2','8677109183',NULL,1,'2124','1','912058023238','1975-02-01',151),
    (1486,'Elizabeth','Ethel','Kellner','2','6925452160',NULL,1,'5638','1','569619878916','1948-02-13',1163),
    (1487,'Marcus','Cynthia','Pare','2','6474209641',NULL,1,'3426','1','876481106892','1986-09-24',1118),
    (1488,'Neville','Heather','Rose','2','9397348691',NULL,1,'1558','2','683199391210','1966-11-13',987),
    (1489,'Phyllis','Josephine','Beckwith','2','2868035249',NULL,1,'2912','1','605780674142','1977-12-03',148),
    (1490,'David','Gregory','Jones','2','6061793855',NULL,1,'9299','1','175954936435','1963-12-19',11),
    (1491,'Leon','Janice','Collins','1','8295965991',NULL,1,'7750','2','728672826718','1989-07-21',371),
    (1492,'Scott','Allene','Edwards','1','9216116438',NULL,1,'1552','1','613300161915','1965-07-27',1),
    (1493,'Lloyd','Perla','Johnson','2','6915716483',NULL,1,'1958','1','523962428460','1968-01-26',927),
    (1494,'Manuel','Alvin','Godsey','2','9906532749',NULL,1,'6705','2','445254848870','1970-09-07',1295),
    (1495,'William','Edith','Mcarthur','2','2367677136',NULL,1,'4626','1','371956205421','1940-10-22',220),
    (1496,'David','Dorothy','Christ','1','6238316794',NULL,1,'5033','1','150831194035','1996-04-17',755),
    (1497,'Wendy','Kevin','Hathaway','2','3249592146',NULL,1,'8340','1','968152911895','1962-02-02',213),
    (1498,'Christina','Robert','Rosen','1','6973489775',NULL,1,'8210','1','495971721803','1957-01-05',815),
    (1499,'Jonathan','Melissa','Delong','2','9501562038',NULL,1,'4425','2','783618122404','1943-10-12',1033),
    (1500,'Sandra','Elizabeth','Singleton','1','3793340409',NULL,1,'6918','2','894814732094','1951-04-13',12),
    (1501,'Latonya','Elvin','Salas','2','6194438978',NULL,1,'1200','2','839436146770','1958-11-18',276),
    (1502,'Gerald','Mary','Hilliard','1','1173618879',NULL,1,'4526','1','630116484032','1979-05-08',55),
    (1503,'Homer','Daniel','Morris','1','8306046196',NULL,1,'2292','2','449923796231','1981-09-30',444),
    (1504,'Brett','Deborah','Schmitz','2','7192189571',NULL,1,'1571','2','538507364570','1963-02-23',785),
    (1505,'Tracy','Sherry','Gaines','2','6737247616',NULL,1,'8481','1','116135096542','1946-11-28',512),
    (1506,'Andrew','Wanda','Fernandez','2','9693919234',NULL,1,'4629','2','337965906729','1975-03-15',954),
    (1507,'Barry','Joseph','Anderson','1','3415782496',NULL,1,'8026','1','543614365677','1952-08-06',1090),
    (1508,'Lawrence','Mary','Nichols','2','5021646448',NULL,1,'3765','2','449636857673','1973-07-12',195),
    (1509,'Kimberly','Brenda','Mysliwiec','1','1588067848',NULL,1,'2041','2','816453741955','1996-11-22',650),
    (1510,'Jesus','Pamela','Skoog','2','8608907297',NULL,1,'4927','1','982109960993','1941-07-05',292),
    (1511,'Kimberly','Hans','Laffey','2','4036529761',NULL,1,'6277','1','697311566011','1967-12-22',655),
    (1512,'Joseph','Dennis','Patten','2','6565971449',NULL,1,'8446','1','831979103531','1953-10-09',1242),
    (1513,'Patricia','Herman','Hillsgrove','1','1530078963',NULL,1,'7313','1','441584328024','1991-02-15',284),
    (1514,'Elmer','Patricia','Taylor','2','5673873055',NULL,1,'7265','2','740566965235','1945-05-01',343),
    (1515,'Monroe','Brenda','Mcclain','1','9852782373',NULL,1,'2857','2','140453190356','1958-04-28',1052),
    (1516,'Mary','Karin','Lovelady','1','8278755227',NULL,1,'8830','1','560543788371','1943-04-02',1287),
    (1517,'Julie','Wilda','Hundley','2','8889254620',NULL,1,'9801','1','982959978981','1963-02-06',226),
    (1518,'Matthew','Krystina','Paxson','2','7793898122',NULL,1,'1886','1','771686802946','1986-10-22',178),
    (1519,'Margaret','Mary','Croy','2','2084273667',NULL,1,'2898','1','199194004869','1958-08-30',1018),
    (1520,'Kasey','Kelly','Buroker','2','7934611800',NULL,1,'3383','2','488001705878','1975-03-25',547),
    (1521,'Nelia','Nelson','Corzo','2','9135368327',NULL,1,'4865','1','806219221816','1994-03-24',310),
    (1522,'Karen','Bobby','Serviss','2','9539308234',NULL,1,'2435','2','113153046185','1961-07-25',669),
    (1523,'Patrick','Laura','Aran','1','6493848088',NULL,1,'5965','2','281188340706','1962-12-21',19),
    (1524,'Christine','Scott','Robbins','1','5578723968',NULL,1,'6595','1','416130684613','1958-05-18',177),
    (1525,'Carlos','Neil','Fultz','2','6386684183',NULL,1,'8057','2','359713305546','1940-08-13',978),
    (1526,'James','Michael','Nealon','2','9448870124',NULL,1,'5857','1','886855954988','1953-06-30',825),
    (1527,'Alan','Theresa','Mcneil','1','4126823162',NULL,1,'1325','2','234476383455','1963-12-28',361),
    (1528,'Barbara','Anthony','Hall','1','3594451679',NULL,1,'7444','2','918534414520','1977-12-07',91),
    (1529,'Dale','Robert','Perez','1','9577041123',NULL,1,'3594','2','491344906139','1996-04-15',695),
    (1530,'Robert','Grover','Keller','2','4643659462',NULL,1,'2839','1','637705504558','1982-07-08',251),
    (1531,'Darin','Jeanette','Foster','2','1239643468',NULL,1,'6486','1','406121300916','1977-07-07',1224),
    (1532,'Michael','Ruby','Crosswell','2','6757528368',NULL,1,'9651','1','330074230985','1982-07-29',148),
    (1533,'Mary','Mary','Mcdonnell','2','3038411081',NULL,1,'3152','2','113245463620','1980-11-27',755),
    (1534,'Cecil','Jeffrey','Ragland','1','1457861978',NULL,1,'6978','1','119703669988','1983-05-23',260),
    (1535,'Alla','Michelle','Williams','1','6539658853',NULL,1,'1875','2','933671916707','1954-05-21',934),
    (1536,'Alfred','Mildred','Rowell','2','5688182191',NULL,1,'7756','2','782063477189','1995-10-19',1138),
    (1537,'Dorothy','Aisha','Walden','1','8188834318',NULL,1,'3330','2','268002130282','1973-08-17',133),
    (1538,'Cindy','George','Pena','2','4368716228',NULL,1,'8743','2','501974078205','1949-09-17',1231),
    (1539,'Carl','Gloria','Strickland','2','1221183045',NULL,1,'7539','2','339621196019','1966-07-23',1299),
    (1540,'Brian','Michael','Chapman','2','8776457040',NULL,1,'6364','1','210387283204','1957-05-18',1291),
    (1541,'Carrie','Guadalupe','Thompson','1','7458864215',NULL,1,'5505','1','525109006700','1956-02-23',348),
    (1542,'Lillie','Latasha','Leach','2','3729434836',NULL,1,'3380','1','108688985349','1995-02-02',28),
    (1543,'Edward','Louis','Hodgkins','2','7601553989',NULL,1,'5183','1','981482126045','1988-08-16',1203),
    (1544,'Kevin','Justin','Givens','1','3303922530',NULL,1,'3623','2','909140233443','1996-10-31',746),
    (1545,'Michael','Shannon','Ramesh','2','2085524404',NULL,1,'4011','2','890426066794','1979-03-05',1164),
    (1546,'Jay','John','Riddle','2','4954591990',NULL,1,'7191','2','838747699585','1982-10-27',557),
    (1547,'Nana','John','Collins','1','8979100156',NULL,1,'4834','2','715525647447','1993-11-03',593),
    (1548,'Rita','Prudence','Rodgers','2','2859229082',NULL,1,'8302','2','197043365432','1974-02-24',665),
    (1549,'Joyce','Elyse','Durham','2','5852365909',NULL,1,'8081','2','945677691440','1986-03-17',544),
    (1550,'Paula','Karen','Peterson','1','7807102706',NULL,1,'8623','1','270048248159','1976-08-03',1129),
    (1551,'Jose','Lonnie','Burson','2','9880754217',NULL,1,'5482','1','289935103225','1942-04-11',171),
    (1552,'Bertha','Janette','Aguilar','2','9877538449',NULL,1,'5854','1','289582328712','1953-10-22',426),
    (1553,'Jan','Lee','Barron','1','7707564476',NULL,1,'1491','1','537780180530','1970-09-19',1162),
    (1554,'Lai','Gloria','Hooper','2','7705030895',NULL,1,'5890','1','591899082831','1962-12-02',320),
    (1555,'Jason','Kip','Soileau','2','2772691184',NULL,1,'7567','1','356300489318','1974-09-05',62),
    (1556,'William','Steve','Bockelman','1','5282787967',NULL,1,'8642','1','919586365782','1947-06-05',1173),
    (1557,'Danielle','Susan','Barlow','2','3181100137',NULL,1,'4137','2','665326919381','1972-11-14',866),
    (1558,'Latoya','Scott','Lustig','1','3360034994',NULL,1,'5768','2','772738624896','1941-01-25',980),
    (1559,'David','Henrietta','Webb','1','9074343141',NULL,1,'3791','2','767832049250','1949-02-27',436),
    (1560,'Edna','Dorothy','Dixon','2','9318206479',NULL,1,'2941','2','952057036697','1979-12-18',653),
    (1561,'Andrea','Lemuel','Meredith','1','3783685863',NULL,1,'4292','2','661273746751','1952-02-13',1170),
    (1562,'Rosie','Korey','Young','1','4150389127',NULL,1,'8812','1','689934610799','1941-05-18',1173),
    (1563,'Mimi','Michael','Severy','1','9956508968',NULL,1,'8322','1','301379909530','1982-01-09',435),
    (1564,'Larry','Anthony','Anderson','1','1634876038',NULL,1,'4751','2','391573087407','1954-12-14',848),
    (1565,'Cliff','Michael','Benson','1','7864982830',NULL,1,'3047','1','650494556576','1955-07-15',706),
    (1566,'Brain','Delores','Adams','2','6170948315',NULL,1,'6686','2','104171449223','1951-03-17',942),
    (1567,'Darren','Doretha','Burkhalter','2','4358341167',NULL,1,'8662','2','139621588661','1989-02-03',720),
    (1568,'Bonnie','Alexandra','Cormier','2','7901681505',NULL,1,'3615','1','734054579844','1959-11-23',605),
    (1569,'Malcolm','Valerie','Seth','2','9576859315',NULL,1,'2620','1','791137386084','1984-06-11',1226),
    (1570,'Jerry','Emily','Watkins','1','7961750218',NULL,1,'2518','2','965429864092','1990-01-01',422),
    (1571,'John','Joyce','York','1','7671467132',NULL,1,'3283','2','179187485406','1994-03-28',90),
    (1572,'Deborah','Mike','Roberts','2','8927841638',NULL,1,'9743','1','378229218193','1990-06-27',369),
    (1573,'Cathy','Charles','Adams','2','2416662832',NULL,1,'9807','2','605554459279','1993-02-03',1027),
    (1574,'Dolores','Joann','Wrede','1','9721701126',NULL,1,'8644','1','302006720391','1967-07-03',1169),
    (1575,'Dolly','Joanna','Maine','2','1012616273',NULL,1,'7342','1','398359598795','1945-11-16',1052),
    (1576,'Michael','Michael','Lomasney','1','7097564247',NULL,1,'6706','2','421779088294','1947-06-01',52),
    (1577,'Jesse','Natalie','Smallwood','1','7718719146',NULL,1,'1240','2','130575454557','1943-04-03',141),
    (1578,'Marie','Howard','Reine','2','3522386251',NULL,1,'6358','2','928310665635','1954-01-14',923),
    (1579,'Tom','Juanita','Kitsmiller','1','2065019464',NULL,1,'6926','1','187791265392','1949-04-06',678),
    (1580,'Whitney','Andrew','Evetts','1','9325963679',NULL,1,'7005','2','559064155337','1958-08-15',297),
    (1581,'Howard','Cindy','Welchel','2','1158440688',NULL,1,'4204','1','766739470313','1987-01-26',357),
    (1582,'Neva','Michael','Doremus','1','8068023928',NULL,1,'4205','1','625485081123','1964-02-19',995),
    (1583,'Beverly','Breanna','Denardo','2','7396209526',NULL,1,'8876','2','681371874787','1964-03-16',801),
    (1584,'Eddie','Rosemary','Hansen','1','7871661536',NULL,1,'3869','1','101153482617','1979-03-19',521),
    (1585,'Linda','Eric','Deleon','2','2187464145',NULL,1,'5070','1','767243053746','1966-01-31',324),
    (1586,'William','Gary','Adriance','1','8160470501',NULL,1,'4973','1','455518366692','1992-10-24',1262),
    (1587,'Dawn','Felicia','Bates','1','4238880303',NULL,1,'1193','1','675773567678','1978-04-07',836),
    (1588,'Jorge','Malinda','Jagow','2','4106851045',NULL,1,'9439','2','193159223538','1980-07-20',231),
    (1589,'Russell','Ricardo','Harper','2','8389828723',NULL,1,'6022','2','112296894256','1951-07-11',644),
    (1590,'Heidi','Tyrone','Richardson','2','4501866214',NULL,1,'4449','2','289443900469','1951-04-19',452),
    (1591,'Mark','Jonathan','Blanchard','2','4099480068',NULL,1,'1692','2','430737529836','1944-02-14',1026),
    (1592,'Jonathan','Marie','Munoz','2','4838017175',NULL,1,'6251','1','841525009092','1975-01-12',705),
    (1593,'Olive','Consuelo','Gendel','2','4704086280',NULL,1,'5221','1','648519935887','1951-12-16',1064),
    (1594,'Elissa','Grady','Thompson','1','9134694432',NULL,1,'9793','2','986392922604','1942-11-03',269),
    (1595,'Rebecca','Clayton','Viola','2','7678712313',NULL,1,'4402','2','874850517612','1982-04-03',326),
    (1596,'Maude','Xavier','Huddleston','2','9617470984',NULL,1,'8051','2','515257931816','1940-10-08',886),
    (1597,'Rosa','Justin','Agudo','2','2074066168',NULL,1,'2958','1','863153785959','1991-01-12',1239),
    (1598,'James','Daniel','Kolb','2','9613220576',NULL,1,'1949','2','801559047984','1970-06-18',1130),
    (1599,'Dave','Todd','Millhouse','2','7353791000',NULL,1,'5861','1','413207230640','1950-05-13',362),
    (1600,'Stella','Blanca','Nichols','2','7104018244',NULL,1,'7635','2','618284272929','1946-01-02',368),
    (1601,'Edith','Barbara','Ingole','1','2547914650',NULL,1,'1786','2','117861193972','1996-04-01',110),
    (1602,'Tami','Timothy','Neumeyer','2','4627358666',NULL,1,'2252','2','120168563497','1941-11-27',1148),
    (1603,'Amy','Millie','Jones','1','8874515959',NULL,1,'2334','1','924826836131','1981-04-26',931),
    (1604,'Kenya','Perry','Parrales','2','6404690046',NULL,1,'2457','2','475477867326','1990-01-12',1278),
    (1605,'Patricia','Kevin','Marshall','2','7739077094',NULL,1,'8634','1','313137849423','1965-07-29',994),
    (1606,'Burton','Virginia','Greenbaum','1','7113874971',NULL,1,'3851','2','705295283712','1941-03-27',665),
    (1607,'Angel','Lauralee','Ellingwood','2','4590269930',NULL,1,'6872','2','630281859519','1977-09-04',937),
    (1608,'Maryellen','Albert','Hubertus','1','8790550859',NULL,1,'6068','2','660806194009','1967-10-10',664),
    (1609,'Dawn','Kathleen','Simpson','2','3621542377',NULL,1,'6326','2','673373782007','1991-09-09',40),
    (1610,'Dorothy','Harold','Kim','1','1711855612',NULL,1,'8976','1','283085379426','1968-10-07',563),
    (1611,'Fredrick','Claudette','Esmond','2','1508234626',NULL,1,'9704','2','926335172187','1979-10-19',358),
    (1612,'Jonathon','Edward','Quinones','2','1644384290',NULL,1,'5517','1','334453024029','1975-01-03',1093),
    (1613,'Jessica','Todd','Owens','1','3553626241',NULL,1,'8858','1','299108293796','1945-12-28',501),
    (1614,'Verna','Michael','Mares','2','4812957270',NULL,1,'9615','1','480162183254','1989-08-15',1243),
    (1615,'Chin','Brian','Thompson','2','6827533151',NULL,1,'6186','2','775466139757','1995-01-30',563),
    (1616,'Amy','Derek','Lueck','1','9013291054',NULL,1,'4091','1','293563214740','1975-11-15',702),
    (1617,'Harold','Arnold','Owens','1','9770302587',NULL,1,'2018','1','530195659026','1944-06-22',213),
    (1618,'Karen','Mary','Kyles','1','9423109619',NULL,1,'4249','2','718154811609','1955-08-07',811),
    (1619,'Blanca','Karl','Hall','2','5187063060',NULL,1,'8889','2','975325151530','1992-10-29',148),
    (1620,'Timothy','Daniel','Muldowney','2','8446866704',NULL,1,'1376','2','253367033248','1966-05-21',206),
    (1621,'Brenda','James','Love','2','9870077605',NULL,1,'5415','2','603028181324','1981-04-19',1075),
    (1622,'Leona','Hannah','Quintana','2','6218301258',NULL,1,'9231','2','621311924668','1948-05-23',160),
    (1623,'Alexander','Jina','Mckenzie','1','2079919976',NULL,1,'9228','1','667215609721','1944-03-18',830),
    (1624,'Michael','Cynthia','Averill','1','3170127581',NULL,1,'5384','2','426299147255','1948-09-05',894),
    (1625,'Irish','Grace','Lopez','2','3254737001',NULL,1,'6930','1','439515649534','1944-11-20',407),
    (1626,'Sara','Marie','Calk','1','5593565434',NULL,1,'7450','2','817621412039','1993-07-28',664),
    (1627,'Christine','Martha','Jenkins','2','1165446928',NULL,1,'1456','1','692215406364','1973-05-14',1230),
    (1628,'Patricia','Will','Love','1','4687569246',NULL,1,'7691','1','510655988098','1946-08-02',187),
    (1629,'Robert','Sharon','Rhodes','2','5331744552',NULL,1,'5723','2','549268724007','1955-06-15',620),
    (1630,'Roger','Mark','Pogue','1','6302584371',NULL,1,'9595','2','500788093285','1945-10-05',1095),
    (1631,'Mary','Antonio','Barnes','1','4354558537',NULL,1,'9742','1','836373657202','1960-11-22',773),
    (1632,'Grace','Wayne','Runyon','2','6125763437',NULL,1,'2040','1','708235851357','1972-08-06',797),
    (1633,'Ladonna','Robert','Evans','2','7902559568',NULL,1,'2892','1','104035256289','1974-04-01',1116),
    (1634,'Carroll','Ted','Blount','1','2510198641',NULL,1,'5219','2','204945226097','1993-06-26',1042),
    (1635,'Albert','Carmen','Thomas','2','8893273864',NULL,1,'5885','2','425213181174','1978-10-06',658),
    (1636,'Leslie','Stephen','Pena','1','8074413411',NULL,1,'2412','1','709515392750','1969-12-06',346),
    (1637,'Mark','Rosemary','Frederick','1','4972540654',NULL,1,'9006','2','403548012487','1941-06-18',288),
    (1638,'Lucy','Zachary','Burton','1','9873697307',NULL,1,'4480','2','837276114608','1984-03-13',510),
    (1639,'Gwen','Nina','Smith','2','8336048383',NULL,1,'4922','1','882492540523','1975-10-29',208),
    (1640,'Ann','Ernest','Tribble','1','3531310745',NULL,1,'3858','2','235001389123','1987-03-26',868),
    (1641,'Joyce','Hal','Brennan','1','3119893573',NULL,1,'2458','2','499448488568','1972-05-18',853),
    (1642,'Kim','Georgia','Swain','2','4564566095',NULL,1,'1031','1','835899425944','1959-01-08',125),
    (1643,'Pamela','Fredrick','Creel','1','7337044398',NULL,1,'5947','1','961730551157','1959-05-06',546),
    (1644,'Douglas','Amy','Greany','1','9971378754',NULL,1,'8851','2','649060101852','1942-09-10',821),
    (1645,'Maggie','Diane','Jackson','1','5428748305',NULL,1,'3518','2','711292416548','1963-10-07',529),
    (1646,'Eddie','Mabel','Thompson','1','3816750182',NULL,1,'8949','1','300550502244','1982-12-24',1209),
    (1647,'Perry','Kevin','Valentine','1','5059720782',NULL,1,'2218','2','497395308197','1994-12-13',1041),
    (1648,'Joel','Kenneth','Szabat','1','7488278633',NULL,1,'4125','2','930365556667','1955-05-20',1030),
    (1649,'Charity','Gary','Coon','1','7373289654',NULL,1,'1309','1','300527466090','1979-04-05',422),
    (1650,'Diane','Charlene','Boyd','2','3332703522',NULL,1,'2308','2','532650325248','1947-07-09',224),
    (1651,'Donna','Larry','Adams','2','6317871690',NULL,1,'5863','2','564866015820','1944-09-11',154),
    (1652,'Daniel','Mary','Rodriguez','2','5597478161',NULL,1,'2950','2','538749144462','1961-07-21',898),
    (1653,'Steve','Corrine','Proctor','1','7710857836',NULL,1,'1637','2','118722661563','1952-11-22',797),
    (1654,'Linda','Mollie','Kiefer','2','6240493528',NULL,1,'7813','2','336900558207','1959-10-31',7),
    (1655,'Kevin','Mae','Coffell','1','4180964803',NULL,1,'8834','2','481044704575','1982-04-22',429),
    (1656,'Rachel','Mark','Wahl','2','1762004885',NULL,1,'5004','1','311735489414','1955-07-04',359),
    (1657,'Gary','Carolyn','Asuncion','2','6700548911',NULL,1,'9899','1','947467564963','1986-09-10',589),
    (1658,'Mary','Kristen','Mitchell','2','6936705588',NULL,1,'1950','1','763164796898','1941-01-10',1269),
    (1659,'John','Jennifer','Smith','1','7512526435',NULL,1,'9900','2','367476667214','1983-03-06',808),
    (1660,'Daniel','Brian','Fraser','1','7058161479',NULL,1,'5810','2','274513162250','1984-08-13',360),
    (1661,'Ron','Katherine','Harper','1','2177928123',NULL,1,'7373','2','607022294461','1961-02-13',838),
    (1662,'Andrew','Kathryn','Stolte','1','3437292128',NULL,1,'6815','2','205761085120','1973-04-12',1137),
    (1663,'Harold','Mary','Meyer','1','1352167716',NULL,1,'9675','1','411693383068','1953-10-13',1056),
    (1664,'Mary','Melissa','Cardenas','1','8001326673',NULL,1,'2304','1','304773529017','1986-03-01',904),
    (1665,'Cami','Brian','Deshields','1','2457945350',NULL,1,'8097','1','349466443030','1961-07-09',69),
    (1666,'Juan','Linda','Robbins','1','1569126515',NULL,1,'7676','1','609796713426','1969-07-12',1106),
    (1667,'Kristina','Benjamin','Kitchen','2','8036199366',NULL,1,'1481','2','405427097809','1952-03-22',391),
    (1668,'Joseph','Gary','Ogilvie','1','5359937328',NULL,1,'4990','2','393431115852','1991-08-17',244),
    (1669,'Laura','Mary','Woodall','2','3558555210',NULL,1,'8253','1','648718824785','1995-11-21',366),
    (1670,'Edwin','Penny','Race','1','7691453529',NULL,1,'9201','2','448012104175','1964-06-06',1219),
    (1671,'Jeffery','Jack','Woody','1','7921418443',NULL,1,'2737','1','834786160055','1987-03-14',552),
    (1672,'Mabel','Joan','Hunt','2','6532303482',NULL,1,'9731','2','734241033645','1972-03-01',392),
    (1673,'Donna','Chester','Marriott','1','4125227378',NULL,1,'2552','2','819430491161','1972-08-19',132),
    (1674,'Mary','Tammy','Dick','2','7064517349',NULL,1,'8535','2','665840827842','1983-03-24',743),
    (1675,'Edwin','Michael','King','2','1467422350',NULL,1,'6873','1','823075383158','1941-06-22',654),
    (1676,'Sandra','Anissa','Ellinger','2','3897966961',NULL,1,'5297','1','699044654089','1984-09-16',255),
    (1677,'Joe','Connie','Reid','2','6359433514',NULL,1,'5554','1','951986790009','1978-09-04',1085),
    (1678,'Hilda','Laura','Rarden','2','2620204640',NULL,1,'6699','1','339831540339','1959-11-17',715),
    (1679,'William','Tommy','Johnson','2','8301608159',NULL,1,'6002','1','474876539191','1976-10-08',1011),
    (1680,'Donte','Elise','Calloway','1','5561002926',NULL,1,'7354','1','180175631359','1949-02-10',12),
    (1681,'Frankie','Mary','Berry','1','5322851854',NULL,1,'1503','2','353634311701','1996-08-06',61),
    (1682,'Sharon','James','Evans','2','3567335728',NULL,1,'4436','2','557857719024','1945-09-16',926),
    (1683,'Helen','Ellen','Shoemaker','1','4068231925',NULL,1,'9761','1','963094308185','1989-10-13',445),
    (1684,'Anna','Georgia','Jump','2','2924807171',NULL,1,'4446','1','656081599048','1971-01-29',35),
    (1685,'Mary','Phillip','Chin','2','8083438712',NULL,1,'4650','1','739816063813','1991-07-06',1182),
    (1686,'Edwin','Jodie','Rowe','1','1366814217',NULL,1,'4841','1','661555636022','1992-04-29',741),
    (1687,'Lucy','Rachel','Weidner','2','6799872145',NULL,1,'4359','1','544105427339','1944-05-09',903),
    (1688,'Justin','Eva','Meder','1','3319898903',NULL,1,'5723','1','249698846986','1963-06-24',883),
    (1689,'Pearl','Dennis','Martin','2','1909182240',NULL,1,'4567','2','612413430634','1988-07-09',167),
    (1690,'Christopher','Jennifer','Parker','1','7712216364',NULL,1,'9329','1','320337775630','1951-11-18',966),
    (1691,'Jeffrey','Ashley','Andrews','2','9287074861',NULL,1,'2812','1','410551397923','1993-11-24',1189),
    (1692,'Jennifer','Frank','Zerbe','2','5996586958',NULL,1,'9580','1','370641240236','1984-11-30',1161),
    (1693,'Mary','John','Lemus','1','8087183102',NULL,1,'7697','2','184407385342','1963-01-01',1132),
    (1694,'Kenneth','Annie','Mayberry','1','1709096859',NULL,1,'2343','1','202016295388','1966-05-22',934),
    (1695,'Scott','Nell','Goldstein','1','3414137660',NULL,1,'6970','1','457891976627','1955-12-06',964),
    (1696,'Bobby','Thomas','Cordero','2','5406334547',NULL,1,'5234','2','870582922568','1941-07-13',328),
    (1697,'Alyce','John','Sheneman','2','2131828510',NULL,1,'5177','2','430580983798','1993-08-31',1024),
    (1698,'Keisha','Morris','Hudson','2','3230303607',NULL,1,'6776','2','678633521744','1962-04-05',1165),
    (1699,'Timothy','Georgia','Chance','1','6593470415',NULL,1,'8058','1','193691217234','1968-03-09',367),
    (1700,'Bobby','Alice','Abrew','1','7691044991',NULL,1,'2067','2','356663852312','1977-02-14',540),
    (1701,'Constance','Marie','Gillman','2','9840000603',NULL,1,'2834','1','763957032317','1954-12-20',458),
    (1702,'Eleanor','Buster','Compton','1','3904509941',NULL,1,'9250','1','321894363599','1994-11-14',850),
    (1703,'James','Alex','Pach','1','5137274020',NULL,1,'4259','2','676293605793','1995-01-07',1258),
    (1704,'Ross','Roger','Jones','2','5837259294',NULL,1,'2007','2','839082276520','1941-02-03',1106),
    (1705,'Richard','Regina','Bruner','2','7112986700',NULL,1,'3374','1','588804062217','1945-05-31',680),
    (1706,'Paul','Helene','Fisher','1','2530612187',NULL,1,'7538','2','242163614583','1985-09-01',200),
    (1707,'Tricia','John','Lusk','2','1692660079',NULL,1,'2856','1','766699365551','1949-10-25',1116),
    (1708,'Robert','Elwood','Arrant','2','9295018673',NULL,1,'7007','2','881375707866','1976-01-01',1210),
    (1709,'Ann','Erika','Givens','2','5532918542',NULL,1,'3084','2','758918935510','1954-12-28',857),
    (1710,'Gary','Mary','Oster','2','4577205980',NULL,1,'2543','2','806494789582','1963-07-06',639),
    (1711,'Becky','Karen','Ledford','2','9454626466',NULL,1,'9261','2','230401527706','1956-11-06',1029),
    (1712,'Carlton','Michele','Mathewson','2','6017448633',NULL,1,'8637','1','662391348565','1944-03-03',744),
    (1713,'Frances','Evie','England','1','3928755913',NULL,1,'2536','2','446135719866','1983-07-31',1004),
    (1714,'Jeanette','Douglas','Davis','1','1932504797',NULL,1,'4826','1','443771224471','1968-09-03',956),
    (1715,'Miriam','Kimberly','Hutchins','1','1553938641',NULL,1,'5839','2','631931516968','1993-01-28',1201),
    (1716,'Christina','Thomas','Torres','2','2952072212',NULL,1,'5594','1','707887191953','1966-06-23',998),
    (1717,'Derek','Timmy','Whitaker','1','5850085674',NULL,1,'9668','1','296682886493','1964-09-04',109),
    (1718,'Darnell','Thomas','Vines','1','7525796586',NULL,1,'3248','2','636562458089','1967-09-11',892),
    (1719,'Daniel','Raquel','Moody','2','6758147489',NULL,1,'6709','1','956218213835','1990-01-28',703),
    (1720,'Thomas','Nelson','Lampe','1','7449294913',NULL,1,'8104','2','547284288998','1977-04-02',854),
    (1721,'Anna','Elizabeth','Morgen','2','7726364705',NULL,1,'4260','2','716146672237','1962-05-28',776),
    (1722,'Marlyn','Maria','Hammond','2','8255560723',NULL,1,'6246','1','948226218524','1996-07-31',1209),
    (1723,'Janet','Brandon','Boyd','1','2363625335',NULL,1,'9204','2','577391939966','1942-02-06',909),
    (1724,'Daniel','Delois','Hamilton','1','6459244648',NULL,1,'5227','1','641643040256','1967-08-23',66),
    (1725,'Courtney','Linda','Bonner','1','1099010888',NULL,1,'4678','2','342757548535','1981-10-27',335),
    (1726,'Robert','Monica','Allen','1','7375399410',NULL,1,'1488','1','433423524491','1949-05-15',1126),
    (1727,'Anthony','Karl','Cameron','2','5681408174',NULL,1,'1854','1','474421844443','1974-06-30',368),
    (1728,'Albert','Esther','Whittaker','2','5567100120',NULL,1,'5652','2','806158351570','1989-11-26',277),
    (1729,'Stephanie','Carolyn','Tallent','2','2800698328',NULL,1,'9154','1','285912175991','1941-12-02',97),
    (1730,'Mary','Marlana','Morrison','2','8221554578',NULL,1,'7166','1','118811564864','1957-07-19',389),
    (1731,'Anita','Larry','Ostrowski','2','4642507157',NULL,1,'8934','1','645183310332','1958-04-19',561),
    (1732,'Arnette','Douglas','Marshall','2','5268705483',NULL,1,'8717','1','342227340408','1979-03-01',179),
    (1733,'Paul','William','Proctor','2','1198817506',NULL,1,'5366','2','932546055398','1967-08-01',936),
    (1734,'Tim','Katherine','Tindall','1','2667864351',NULL,1,'7976','1','731199691886','1969-09-08',1166),
    (1735,'Natalie','Laurie','Kubik','2','9679645926',NULL,1,'3432','2','318387056467','1958-12-03',792),
    (1736,'Carolyn','Virginia','Renee','2','6043186537',NULL,1,'9324','1','501638912901','1979-05-30',750),
    (1737,'Ethan','Casey','Martinez','2','3110313707',NULL,1,'1905','1','489418908949','1962-05-20',73),
    (1738,'Lillian','David','Davis','1','3899144548',NULL,1,'7130','1','603143221080','1979-11-18',586),
    (1739,'Paul','Neil','Yates','2','7763369951',NULL,1,'7127','2','882153143799','1956-07-15',1193),
    (1740,'Kay','Shirley','Lawless','2','4405660396',NULL,1,'2113','1','799659262765','1981-10-05',583),
    (1741,'Jeff','Lisa','Lyons','2','9224539657',NULL,1,'7393','2','688881205352','1944-04-25',181),
    (1742,'Gabriela','Wanda','Lakey','2','6913830938',NULL,1,'7900','2','699967778117','1940-10-16',821),
    (1743,'Leona','Susan','Tola','1','5945032625',NULL,1,'7347','2','377602188667','1960-08-04',446),
    (1744,'Christina','Debbie','Nelson','1','8427179863',NULL,1,'7235','2','826631877832','1989-05-13',1267),
    (1745,'Robert','Martha','Gentry','1','9108181851',NULL,1,'8953','1','620153828369','1944-10-30',1062),
    (1746,'Catherine','Diane','Jackson','1','9859005817',NULL,1,'6624','1','923426873569','1969-03-10',21),
    (1747,'Brenda','Mary','Young','1','9430973111',NULL,1,'4489','2','723684123709','1968-02-02',417),
    (1748,'Luke','Natasha','Bellinger','1','7651387868',NULL,1,'9749','2','249185426429','1960-05-20',502),
    (1749,'Shirley','Dwight','Shah','2','6269579257',NULL,1,'4520','2','605676046145','1986-10-28',187),
    (1750,'John','Leonard','Crandall','1','6836255436',NULL,1,'5293','1','638488506235','1952-03-04',227),
    (1751,'Joseph','Frank','Nowak','2','8268564162',NULL,1,'6670','1','960414614804','1959-11-09',488),
    (1752,'Bell','Thomas','Gomez','1','3405061212',NULL,1,'3278','1','580521373314','1987-05-10',940),
    (1753,'Michael','Tracy','Beliles','1','9361264011',NULL,1,'9627','2','940331697348','1944-04-17',1262),
    (1754,'Elizabeth','Guy','Blessing','1','4433706179',NULL,1,'1552','2','751204272688','1974-04-02',275),
    (1755,'Marie','Helen','Mills','2','5267655273',NULL,1,'2969','2','693441930900','1960-02-19',71),
    (1756,'Jody','John','Whitfield','1','4713800841',NULL,1,'5474','1','602246117842','1992-05-13',666),
    (1757,'Theresa','George','Green','1','3577145746',NULL,1,'1621','1','594437414597','1966-12-10',1151),
    (1758,'Bonita','Kelvin','Hilker','1','6121724664',NULL,1,'2099','2','723934986260','1958-09-01',891),
    (1759,'Marcus','Bernice','Banks','1','2271123281',NULL,1,'3187','2','273311065869','1951-02-04',81),
    (1760,'Agnes','Sheryl','Carlson','1','3435479644',NULL,1,'1650','2','945844737877','1965-08-31',1195),
    (1761,'Thomas','Lisa','Abbott','2','7287309685',NULL,1,'2661','2','121104370709','1945-08-21',647),
    (1762,'Paulette','Lena','Denham','1','5165215801',NULL,1,'7564','1','244304465759','1973-10-12',1063),
    (1763,'Pearl','Virgil','Spikes','2','1443555497',NULL,1,'9370','1','166766022204','1987-07-31',172),
    (1764,'Christina','Suzanne','Moreland','1','3180021043',NULL,1,'9812','1','862435046047','1954-08-10',542),
    (1765,'Lazaro','Ann','Beckman','1','6999177391',NULL,1,'4803','2','556006143006','1986-06-09',144),
    (1766,'Catherine','William','Hartman','2','4767303645',NULL,1,'1542','2','540644723493','1972-09-08',1247),
    (1767,'Gladys','Tammy','Brantley','2','7016679207',NULL,1,'1675','1','201298803014','1961-07-06',371),
    (1768,'Christine','Meaghan','Erickson','1','9588055644',NULL,1,'4403','2','296697009948','1962-02-04',566),
    (1769,'Adam','Deborah','Pence','2','5844035792',NULL,1,'6880','1','372025602447','1948-08-25',1223),
    (1770,'Shawn','Margaret','Smart','1','6995987559',NULL,1,'4518','2','771994447967','1954-06-24',1220),
    (1771,'Raul','Jo','Messinger','2','3110448232',NULL,1,'6946','1','487525233324','1961-08-11',1264),
    (1772,'Desmond','Steven','Friday','2','9649388160',NULL,1,'4625','1','722630585481','1978-04-21',1215),
    (1773,'Celia','Audrey','Sharp','1','7945220112',NULL,1,'2007','1','876957047399','1963-08-01',147),
    (1774,'Margaret','Margaret','Boren','2','7757380764',NULL,1,'9841','1','418419768348','1971-08-19',513),
    (1775,'Millie','Roger','Bruner','2','9383688615',NULL,1,'2155','1','635005145560','1956-01-02',11),
    (1776,'Marilyn','David','Kearney','1','2721962895',NULL,1,'1694','2','933459536406','1960-01-17',556),
    (1777,'Nelly','Raymond','Henshaw','2','3793970734',NULL,1,'4783','2','919374645696','1944-06-20',442),
    (1778,'Denny','Manuel','Sollars','1','6885998971',NULL,1,'8752','1','955091724418','1979-01-19',441),
    (1779,'Ana','William','Hansen','1','5349364373',NULL,1,'5536','2','410576633654','1954-07-07',132),
    (1780,'Dana','Tracy','Gray','1','9790254478',NULL,1,'1934','2','600856943982','1987-04-12',601),
    (1781,'Kenneth','Laura','Freed','2','8425594733',NULL,1,'7983','2','336250785041','1974-03-22',1051),
    (1782,'Diane','Richard','Kelly','1','7752473780',NULL,1,'7994','2','165150566758','1969-02-11',38),
    (1783,'Gregory','Thomas','Simpson','1','6156271262',NULL,1,'9106','2','503874633806','1984-05-24',391),
    (1784,'Mark','Joseph','Revering','2','5483089451',NULL,1,'4720','2','190952800463','1948-10-21',527),
    (1785,'Jorge','Thomas','Walker','1','6671122636',NULL,1,'9955','1','128339008751','1984-08-25',572),
    (1786,'Ben','Katy','Parker','2','6259710138',NULL,1,'8923','2','350138549443','1964-02-01',240),
    (1787,'Bruce','Frank','Booth','2','4788732634',NULL,1,'2246','1','292387927693','1959-03-31',1097),
    (1788,'Alicia','Marni','George','1','3411136422',NULL,1,'4695','1','311249200436','1979-11-21',288),
    (1789,'Sandra','Mary','Ou','2','9586549521',NULL,1,'9178','1','997705299986','1990-03-10',587),
    (1790,'Rita','Paul','Lerer','1','3377572552',NULL,1,'9225','2','562954569003','1963-01-11',1293),
    (1791,'Richard','Deborah','Randle','1','3179102738',NULL,1,'3954','1','507233121632','1993-08-23',1167),
    (1792,'Leroy','Walter','Morales','1','3261088059',NULL,1,'5582','1','876453357524','1968-09-11',804),
    (1793,'Carl','Daniel','Martin','2','8890913589',NULL,1,'4278','1','177312127158','1979-12-04',716),
    (1794,'Brian','Lewis','Cobbins','2','7867906154',NULL,1,'2479','2','203424440558','1962-05-09',448),
    (1795,'Anthony','Ruth','Maltba','2','6951381026',NULL,1,'3349','2','522377595318','1952-05-28',153),
    (1796,'Sara','Ronald','Faulkner','2','3397432620',NULL,1,'2174','2','581112980238','1957-05-29',795),
    (1797,'Nicholas','Bob','Barker','2','5389131746',NULL,1,'3462','1','469894206426','1993-12-24',473),
    (1798,'John','Tammy','Monjaras','1','7264305264',NULL,1,'1659','2','219321422266','1946-03-30',741),
    (1799,'Denise','Linda','Jones','2','2909720342',NULL,1,'2555','1','534884262181','1984-09-28',1199),
    (1800,'Jonathan','Bryan','Mcginnis','1','2024466087',NULL,1,'7935','2','721146770232','1981-10-31',231),
    (1801,'Roberto','Ralph','Garcia','1','7759245430',NULL,1,'2178','1','918318205446','1956-04-27',356),
    (1802,'Harvey','James','Martin','1','1072372432',NULL,1,'8628','1','755171209823','1952-03-18',628),
    (1803,'Jessie','Susan','Pelfrey','2','2726231456',NULL,1,'4672','1','184116363090','1961-08-31',1088),
    (1804,'William','Leona','Tosh','2','6448351436',NULL,1,'5511','1','491882864006','1960-07-02',291),
    (1805,'Deborah','Robert','Westendorf','2','1883437797',NULL,1,'2652','2','979090753365','1997-02-22',1138),
    (1806,'Linda','Larry','Chicoine','2','8380917928',NULL,1,'5864','1','823651667312','1956-11-27',1079),
    (1807,'Richard','Kelsey','Hardy','1','9830526890',NULL,1,'5249','1','180909004967','1957-03-11',301),
    (1808,'Ruth','Monica','Demora','1','4680457785',NULL,1,'5887','2','791844149111','1986-02-11',358),
    (1809,'Shawn','William','Whittington','2','6448683717',NULL,1,'8912','1','720842771181','1958-07-03',85),
    (1810,'Bill','Walter','Erskine','1','8812994379',NULL,1,'6819','2','587875924798','1958-09-03',251),
    (1811,'Jack','Erin','Noble','2','3260747337',NULL,1,'9038','1','551585077628','1980-12-17',1118),
    (1812,'Roberta','Amanda','Kerr','1','8098093846',NULL,1,'9261','2','605381000379','1978-11-04',1082),
    (1813,'Helen','Nina','Tillman','2','2059117082',NULL,1,'4373','1','116793975228','1951-02-09',96),
    (1814,'Michael','Melissa','Diaz','1','6992440214',NULL,1,'6076','1','998291615921','1950-06-19',353),
    (1815,'Mildred','John','Blain','1','6445527796',NULL,1,'3999','1','202095423069','1952-01-02',60),
    (1816,'Joseph','David','French','1','7611411840',NULL,1,'9385','1','535160497091','1988-07-11',1240),
    (1817,'Clarence','Cynthia','Johnson','2','7007890480',NULL,1,'1676','1','375628191038','1965-01-06',647),
    (1818,'Antonio','Donna','Najera','2','2855606217',NULL,1,'4188','1','570490191304','1995-03-26',502),
    (1819,'Randell','Joyce','Rison','2','7714203105',NULL,1,'9576','2','280699077848','1981-09-09',65),
    (1820,'Mallory','Alan','Valentine','1','1248574159',NULL,1,'6267','2','785106764772','1973-06-10',289),
    (1821,'Cindy','John','Culp','2','1035070927',NULL,1,'3203','2','636103078557','1983-04-17',47),
    (1822,'Greta','Brian','Kaiser','1','4763501559',NULL,1,'9793','2','583227720119','1988-03-28',300),
    (1823,'Alex','Sharon','Potthoff','1','3687787500',NULL,1,'8789','2','334378246151','1996-03-07',1082),
    (1824,'Ila','Janice','Wesley','2','3945006188',NULL,1,'2173','1','984142048613','1962-09-09',423),
    (1825,'Michelle','James','Anderson','1','5917330429',NULL,1,'3612','1','759934712970','1995-05-24',1287),
    (1826,'Allen','William','Holifield','1','1111817356',NULL,1,'4139','1','678097475403','1996-10-06',738),
    (1827,'Clarice','Vilma','Utley','1','2341501539',NULL,1,'4976','1','156752238057','1952-08-28',817),
    (1828,'Owen','Yvonne','Wells','2','8585734889',NULL,1,'7029','2','352545081781','1968-04-09',692),
    (1829,'Ronnie','Esther','Porter','2','2447645835',NULL,1,'2229','2','442738285751','1991-06-24',31),
    (1830,'James','Theodore','Johnson','1','9735429225',NULL,1,'7329','2','637446570656','1983-01-12',726),
    (1831,'Brenda','Masako','Pollmann','2','5110437761',NULL,1,'2640','2','282005990627','1997-05-21',722),
    (1832,'James','Juanita','Zack','1','4848667961',NULL,1,'2882','2','516854536950','1962-11-22',87),
    (1833,'Tina','William','Sweeney','2','3843748698',NULL,1,'4035','1','104099884838','1975-05-29',359),
    (1834,'Minnie','Charleen','Shields','1','2814009684',NULL,1,'7946','2','219286100647','1965-10-28',1008),
    (1835,'Gabrielle','Thomas','King','1','3785510401',NULL,1,'2382','2','562101917044','1975-12-21',730),
    (1836,'Arnold','Moses','Grabe','2','8865165917',NULL,1,'7664','1','879779932736','1953-05-24',888),
    (1837,'Kathy','Patricia','Kelly','1','9142437786',NULL,1,'4039','2','842303848261','1982-01-08',1165),
    (1838,'Carolyn','Stanley','Suhr','2','1115377398',NULL,1,'4299','2','183422586545','1964-09-12',874),
    (1839,'Kerstin','June','James','2','2628412613',NULL,1,'9134','1','477716428772','1984-07-02',175),
    (1840,'Jack','Marilyn','Avallone','2','8781937160',NULL,1,'5087','2','655675048755','1984-09-09',420),
    (1841,'Lisa','Burl','Bundy','1','3901485463',NULL,1,'4679','1','484749274473','1986-03-11',481),
    (1842,'William','Larry','Twitchell','2','1949665499',NULL,1,'6101','1','977413465778','1970-12-20',40),
    (1843,'Jeff','Lorraine','Stroud','2','2206105461',NULL,1,'9410','1','889129834934','1983-07-22',1089),
    (1844,'Steven','Fred','Mahabir','1','5970690913',NULL,1,'5133','2','776664791625','1967-04-02',548),
    (1845,'Richard','Dwayne','Kennamore','1','7027038632',NULL,1,'7728','2','112778598540','1949-04-17',810),
    (1846,'Marvin','Rachel','Sniezek','1','8902336031',NULL,1,'2537','2','910022692845','1955-10-21',8),
    (1847,'Charles','Elsie','Gibson','1','3592131893',NULL,1,'5353','1','625093547325','1994-12-06',15),
    (1848,'Linda','Garry','Mcleod','2','1241845896',NULL,1,'3955','2','390923221573','1951-02-12',1266),
    (1849,'Sherri','Joseph','Irby','1','9509353920',NULL,1,'9407','2','466588031729','1966-08-18',139),
    (1850,'Debra','Pauline','Morgan','2','3641271100',NULL,1,'7737','2','771724803464','1959-08-20',641),
    (1851,'Wayne','Lorie','Stewart','2','7827206192',NULL,1,'7488','2','345339402513','1965-06-13',109),
    (1852,'Adelle','Greg','Kantor','2','6706997059',NULL,1,'8522','2','819422326522','1964-12-02',1130),
    (1853,'Matthew','Shannon','Whittle','1','8401362427',NULL,1,'1136','2','640187635339','1956-11-15',348),
    (1854,'Mary','Natalie','Collier','2','8913247317',NULL,1,'6632','2','364483950691','1994-03-01',939),
    (1855,'Christine','Wallace','Cortez','2','9350613272',NULL,1,'3496','2','285262969172','1994-02-06',1083),
    (1856,'James','Jacinta','Bishop','2','6401431402',NULL,1,'8442','1','488800892196','1943-04-22',1075),
    (1857,'Elizabeth','Linda','Oneill','2','2871573063',NULL,1,'1527','1','714634818190','1941-01-20',562),
    (1858,'Margaret','Winona','Klopfenstein','2','5882668609',NULL,1,'2808','1','461148034783','1987-06-18',1258),
    (1859,'Patrick','Phillip','Delatorre','1','2503953935',NULL,1,'6917','2','795070338530','1984-07-02',559),
    (1860,'Evelyn','Robert','Ford','2','4107852635',NULL,1,'4778','2','800054787498','1946-11-27',172),
    (1861,'Audrey','Christiana','Leek','1','9077831203',NULL,1,'8711','2','853725240994','1948-08-01',1280),
    (1862,'Jacqualine','Raymond','Lee','1','1583245071',NULL,1,'3890','2','597077236272','1969-08-29',903),
    (1863,'Thomas','Stanley','Hancock','2','2021410265',NULL,1,'1569','2','117535511299','1954-01-04',260),
    (1864,'Shannon','Michelle','James','2','6774475311',NULL,1,'3246','1','828058897233','1945-12-24',1129),
    (1865,'Grace','Linda','Coleman','2','6842311300',NULL,1,'8836','1','528013913491','1985-12-05',246),
    (1866,'Betty','Luisa','Murry','1','4685316896',NULL,1,'9082','1','947395695367','1991-06-01',835),
    (1867,'Byron','Lina','Gallusser','2','9184809224',NULL,1,'1571','2','701379404577','1992-09-26',705),
    (1868,'Michael','Ernest','Dunn','2','3046298924',NULL,1,'6451','1','305850343965','1974-10-14',576),
    (1869,'Magali','Tracy','Knutson','2','8783449809',NULL,1,'9414','2','849700761638','1954-06-02',226),
    (1870,'David','Lesley','Mccarthy','2','6371346930',NULL,1,'8361','1','839914184069','1949-03-08',148),
    (1871,'Linda','Manuel','Kelly','2','8834579011',NULL,1,'4575','2','649183359817','1964-03-29',271),
    (1872,'Greg','Jack','Book','1','2049959960',NULL,1,'4865','1','790791507638','1981-10-21',28),
    (1873,'Erica','Dorothy','Rivera','1','7308086624',NULL,1,'9973','1','758820802305','1951-08-17',321),
    (1874,'Mark','Cecelia','Walsh','2','8775181104',NULL,1,'1485','2','467949072356','1944-08-17',1103),
    (1875,'Alvaro','Joseph','Kosiorek','1','5680993795',NULL,1,'3695','1','796088914902','1943-06-04',812),
    (1876,'John','Bianca','Weber','2','1732070608',NULL,1,'1496','2','896497828699','1990-06-17',1157),
    (1877,'Theo','Matthew','Adams','1','6024151319',NULL,1,'5862','2','415630266242','1962-08-22',350),
    (1878,'Bryan','Althea','Moorer','2','7050899759',NULL,1,'4848','2','451236101681','1964-04-03',476),
    (1879,'Beth','Julie','Amos','2','4997177820',NULL,1,'3395','2','798650776742','1992-06-28',1159),
    (1880,'Jose','James','Stratton','2','6432880617',NULL,1,'2842','1','650701345553','1940-10-07',615),
    (1881,'Kimberly','David','Welch','2','2518444628',NULL,1,'8986','2','704109437037','1966-09-19',672),
    (1882,'Edward','Michael','Morris','1','2686038643',NULL,1,'4790','1','969830818138','1996-09-20',31),
    (1883,'James','Floyd','Landon','1','1023875104',NULL,1,'4518','2','185886359371','1964-07-11',254),
    (1884,'Valerie','Tiffany','Hinson','1','3896818189',NULL,1,'7118','1','234505987943','1946-12-24',223),
    (1885,'Edna','Diane','Smith','2','3029725785',NULL,1,'3244','2','926973221325','1968-10-01',130),
    (1886,'William','Maria','Prestwich','2','2040758585',NULL,1,'8114','2','415125386270','1983-03-08',825),
    (1887,'Freda','David','Borror','2','3286592546',NULL,1,'3236','2','331224524631','1990-07-08',150),
    (1888,'Lacey','William','Zawacki','1','8213502519',NULL,1,'3874','1','720364862798','1996-01-27',268),
    (1889,'Larry','Michael','Simpson','1','8023781574',NULL,1,'8767','2','196473606570','1968-02-13',246),
    (1890,'Harry','Michael','Jageman','2','9545195475',NULL,1,'7393','1','692871820888','1966-04-22',1026),
    (1891,'Carla','Kevin','Albarado','1','2954472946',NULL,1,'9956','1','689936212164','1989-05-18',568),
    (1892,'Philip','Larry','Witherspoon','1','8235327549',NULL,1,'5808','2','513922223935','1984-10-21',1153),
    (1893,'Cora','Richard','Kuan','1','3341605302',NULL,1,'4676','1','292663761215','1977-12-17',853),
    (1894,'Harry','Carleen','Brown','2','8775513140',NULL,1,'9480','2','212949416207','1962-02-28',1106),
    (1895,'Ross','Gerald','Clark','1','1632595113',NULL,1,'5475','2','710926543321','1986-04-06',290),
    (1896,'Maria','Shelley','Castle','2','4109632645',NULL,1,'5137','1','569331612126','1956-08-04',1292),
    (1897,'Michael','Marisol','Thai','1','1479389219',NULL,1,'3397','2','618687157885','1940-07-28',203),
    (1898,'Clyde','Tanya','Gonzalez','1','7893029529',NULL,1,'8355','2','215792175358','1972-01-24',937),
    (1899,'Rickie','George','Payne','2','2857521987',NULL,1,'1112','2','683852861505','1984-09-23',54),
    (1900,'Dave','Helen','Lamb','1','9348205877',NULL,1,'5320','2','462563796765','1985-05-19',571),
    (1901,'Roosevelt','Traci','Sterling','1','6148464691',NULL,1,'2920','1','467461520855','1975-03-13',452),
    (1902,'Michael','Donald','Gibson','1','9126254312',NULL,1,'5383','2','926376622649','1953-10-10',991),
    (1903,'Ruby','Anne','Seal','1','3543543792',NULL,1,'3060','1','204738490921','1975-06-02',341),
    (1904,'Paula','Frank','Dibble','2','6877074537',NULL,1,'3502','1','991819766398','1981-10-01',1105),
    (1905,'Roosevelt','Mary','Driscoll','2','5632786633',NULL,1,'4784','1','953453497957','1942-09-12',726),
    (1906,'Brian','Christopher','Reynolds','1','4863303085',NULL,1,'6239','1','139347334367','1984-10-27',1190),
    (1907,'Donald','Glenn','Lutz','2','2847533844',NULL,1,'3852','2','160209366866','1973-01-15',529),
    (1908,'Miguel','Michael','Kidwell','1','5884978683',NULL,1,'3046','1','650737211566','1968-09-14',388),
    (1909,'Chad','Nadine','Griffin','2','3118607432',NULL,1,'2995','2','650455915081','1956-02-21',112),
    (1910,'Danielle','Melanie','Matson','2','7391672722',NULL,1,'3151','2','899050979521','1967-02-05',506),
    (1911,'William','Freddie','Hoover','2','1319840180',NULL,1,'3188','2','407145600022','1987-12-14',125),
    (1912,'Jana','Phillip','Nieves','1','3476899866',NULL,1,'9516','2','646602030966','1981-12-05',270),
    (1913,'Eleanor','Jesus','Jeffries','2','8552254350',NULL,1,'4474','2','204792971991','1996-12-27',658),
    (1914,'Jacob','Jeremy','Buchauer','1','4856088742',NULL,1,'2270','2','154568375381','1978-08-30',768),
    (1915,'Alysia','Johnny','Jernigan','1','3024309351',NULL,1,'6950','1','907830236200','1944-01-17',362),
    (1916,'Brendon','Fay','Cruz','1','1932696566',NULL,1,'7914','1','978848609856','1986-02-12',548),
    (1917,'Michele','Erick','Vellekamp','2','8094658090',NULL,1,'8708','1','408576387488','1984-10-29',1117),
    (1918,'Laura','Thomas','Hopkins','2','5451241226',NULL,1,'4056','2','944568360436','1959-02-05',1135),
    (1919,'Kenneth','Robert','Sonsino','2','7198670441',NULL,1,'3831','1','981405670275','1976-01-06',360),
    (1920,'Miguel','Elizabeth','Newell','2','4020727516',NULL,1,'6896','1','470658185533','1981-07-17',786),
    (1921,'Ryan','Frank','Flynn','2','3192579221',NULL,1,'8849','2','622781152976','1955-04-07',1146),
    (1922,'Janis','Christine','Simitian','2','5895252551',NULL,1,'4867','2','916901066707','1973-04-16',441),
    (1923,'Carol','Dale','Mckie','2','6005113825',NULL,1,'8344','1','275673179696','1946-03-22',870),
    (1924,'William','Mary','Allen','2','7874067494',NULL,1,'8199','2','419062661891','1963-11-04',99),
    (1925,'Karen','Nina','Martinez','2','1559626047',NULL,1,'2589','1','932972758305','1945-02-03',972),
    (1926,'Gary','Tameka','Carr','1','8131586159',NULL,1,'5051','2','415828976749','1977-12-11',1160),
    (1927,'David','Sharla','Lee','2','3635159319',NULL,1,'2853','2','152014066441','1992-06-27',926),
    (1928,'Donald','Kristina','Conner','1','9053002451',NULL,1,'7584','1','404163990575','1988-02-26',168),
    (1929,'Harold','Jennifer','Butler','1','1647948985',NULL,1,'7826','1','242178366354','1970-01-18',274),
    (1930,'Pattie','Larry','Lane','2','3293752024',NULL,1,'6275','2','830174558661','1949-06-25',1047),
    (1931,'David','James','Cox','2','6825131703',NULL,1,'7065','2','702306849175','1978-05-12',943),
    (1932,'Stefanie','William','Hazlewood','1','8087357583',NULL,1,'9804','2','574538074921','1947-11-17',991),
    (1933,'Rosetta','Gayle','Neblett','1','2835138668',NULL,1,'1160','2','859384684895','1975-02-16',314),
    (1934,'Mary','Kelly','Swanson','2','3989565831',NULL,1,'8196','2','452668395138','1945-04-08',1167),
    (1935,'Robert','Latoya','Daggett','2','3531907919',NULL,1,'8353','2','923614236780','1969-10-29',987),
    (1936,'Sherry','Anita','Mendez','2','2816905963',NULL,1,'4614','1','936014930065','1954-02-03',1222),
    (1937,'Robert','Harold','Furnace','1','1867760428',NULL,1,'1257','1','566555749970','1943-11-25',394),
    (1938,'Eric','Patricia','Griffith','2','4901774125',NULL,1,'9788','1','998550275488','1959-04-17',877),
    (1939,'Anthony','William','Edge','2','5458954345',NULL,1,'8054','2','722040567011','1957-05-11',554),
    (1940,'Bradley','Phoebe','Olson','1','8106286649',NULL,1,'7124','1','260523761423','1956-10-11',4),
    (1941,'Dominque','Judi','Roundtree','2','8103715099',NULL,1,'4779','2','980036190057','1984-05-11',1296),
    (1942,'Rebekah','Marisa','Mather','1','8975393697',NULL,1,'6194','2','423323160330','1947-02-21',967),
    (1943,'James','Nan','Klumpp','1','2183097999',NULL,1,'8970','2','530790809528','1940-09-25',587),
    (1944,'Amy','Edward','Jenkins','2','1302603649',NULL,1,'6253','1','105994708626','1955-01-21',489),
    (1945,'Felicia','William','Lefever','2','4938017956',NULL,1,'5477','1','740936400490','1986-03-15',781),
    (1946,'Michael','Josh','Berger','2','3880208077',NULL,1,'7162','2','148986573183','1957-09-21',847),
    (1947,'Donna','Keisha','Wehausen','1','9822189794',NULL,1,'3060','1','988423315542','1962-09-25',1028),
    (1948,'Dustin','Marilyn','Owens','1','4354057211',NULL,1,'5490','1','716290832394','1951-02-16',192),
    (1949,'Michael','Christopher','Mouw','1','2966588890',NULL,1,'3490','2','558821641891','1941-09-25',273),
    (1950,'Steven','Betty','Scott','2','4203752544',NULL,1,'1682','1','562190802138','1970-10-20',681),
    (1951,'Charles','Louis','Zurasky','1','3995748720',NULL,1,'9213','2','952366860502','1970-01-07',1224),
    (1952,'Anthony','Erin','Timme','2','2418995643',NULL,1,'5261','1','214124706706','1992-12-28',282),
    (1953,'Chad','Neil','Neally','1','5779144647',NULL,1,'1645','1','384375116328','1978-10-11',545),
    (1954,'David','Dane','Dotter','2','3253888003',NULL,1,'9046','2','189973112376','1975-12-09',457),
    (1955,'Marie','Joseph','Weil','2','5146224953',NULL,1,'9764','2','986561061098','1992-02-12',812),
    (1956,'James','Eliseo','Martin','2','9380434716',NULL,1,'2035','2','489018844913','1957-10-16',1093),
    (1957,'Gerard','Jesus','Wood','2','6637552069',NULL,1,'1128','2','710287109169','1983-07-01',1279),
    (1958,'Cora','Thomas','Joseph','2','6791149430',NULL,1,'3599','2','350643771712','1958-02-18',23),
    (1959,'Mary','Suzanne','Rainwater','1','5069516740',NULL,1,'3754','1','831186377633','1945-02-03',1298),
    (1960,'Ronald','Matthew','Galvin','1','6612292944',NULL,1,'1451','1','303769896467','1969-01-05',674),
    (1961,'Elizabeth','Chris','Cunningham','1','8705035967',NULL,1,'9506','1','363331826364','1959-06-17',463),
    (1962,'Marylyn','Jefferson','Warren','2','4250579946',NULL,1,'6317','1','767292514153','1947-08-17',128),
    (1963,'John','Ernestine','Loy','1','2242747449',NULL,1,'5343','2','592407078473','1959-08-08',776),
    (1964,'Larry','Mose','Roberson','1','1829950599',NULL,1,'8458','1','759207876679','1995-07-01',1234),
    (1965,'Janice','Shantay','Ballard','1','2426375321',NULL,1,'2487','2','743148112816','1958-03-01',819),
    (1966,'John','Timothy','Cho','2','6905475963',NULL,1,'3499','2','456876431555','1969-08-26',800),
    (1967,'Angelita','Mario','Wallander','2','5316287012',NULL,1,'6089','1','674772342396','1994-10-02',352),
    (1968,'Jason','Priscilla','Starkey','2','2159965156',NULL,1,'9743','1','468544415702','1955-06-10',472),
    (1969,'Victor','Robin','Tourville','2','1234052108',NULL,1,'3265','1','743916636080','1990-03-12',437),
    (1970,'Mae','Rita','Shelton','2','5506299208',NULL,1,'2286','1','361302121365','1955-07-17',71),
    (1971,'Will','Nancy','Cearley','2','7882861858',NULL,1,'9538','1','143468872345','1956-11-13',589),
    (1972,'Gilbert','George','Harris','2','2254433928',NULL,1,'7328','2','728453806919','1945-11-19',386),
    (1973,'Vivian','Lisa','Dowdy','2','6826361164',NULL,1,'6727','1','948015155477','1941-07-21',640),
    (1974,'Clarence','Ralph','Tacker','2','9618827560',NULL,1,'9753','2','543070189418','1978-12-20',327),
    (1975,'Matthew','Christopher','Stokes','2','7076868231',NULL,1,'4445','1','145750596397','1957-06-04',913),
    (1976,'David','Gloria','Howze','2','7193509649',NULL,1,'8612','2','130655387523','1950-07-29',470),
    (1977,'June','Fred','Hovis','1','6201714255',NULL,1,'6732','2','548792194142','1942-12-23',1135),
    (1978,'Toni','James','Weaver','2','1008696483',NULL,1,'7825','2','512340433364','1966-03-02',1297),
    (1979,'Shaun','Debra','Anderson','1','8292430433',NULL,1,'7848','2','828378538071','1997-02-22',621),
    (1980,'Suzanne','Ernestine','Weeks','1','7700926514',NULL,1,'5490','1','426169774904','1948-01-16',1169),
    (1981,'Marlin','Diana','Richardson','1','1426160328',NULL,1,'1787','1','298847794187','1973-03-29',10),
    (1982,'Kevin','Kendrick','Mckinney','1','2557587189',NULL,1,'2607','2','809488374738','1957-09-19',1171),
    (1983,'Michael','Odette','Dunn','1','5923928021',NULL,1,'4537','1','453383774870','1986-11-12',1043),
    (1984,'Gordon','Wesley','Jurasek','1','5407614269',NULL,1,'4781','1','928162622227','1965-10-19',616),
    (1985,'Timothy','Evelyn','Rives','2','2978594815',NULL,1,'8691','2','465242015481','1982-08-13',912),
    (1986,'Ruth','Henrietta','Gibson','1','2419299599',NULL,1,'7386','2','537148488365','1970-12-03',686),
    (1987,'Nathan','Pearl','Vang','1','8964768772',NULL,1,'7583','1','997986368917','1951-08-20',880),
    (1988,'Gwendolyn','Colin','Goldston','2','5082431448',NULL,1,'9216','1','721432926713','1963-08-05',1283),
    (1989,'William','Antony','Brooks','2','1892404746',NULL,1,'8079','1','289440240695','1994-02-11',1058),
    (1990,'Jerrod','Fernando','Brooks','1','4005272926',NULL,1,'2674','1','723719117331','1986-09-05',897),
    (1991,'Caitlin','Sage','Overton','2','9999054180',NULL,1,'9549','1','730859764119','1946-04-01',479),
    (1992,'Denise','John','Stormo','1','9957323372',NULL,1,'6449','2','625978797447','1955-10-11',579),
    (1993,'Frank','Joseph','Fisher','1','1849526225',NULL,1,'1925','1','689987329721','1942-10-06',757),
    (1994,'Lloyd','Don','Byrd','1','8631256386',NULL,1,'9818','1','157745252517','1989-03-30',1213),
    (1995,'Peter','Michael','Steinberg','1','8450356608',NULL,1,'6960','2','293520917360','1953-09-30',318),
    (1996,'Alton','Sandra','Ice','1','8477550062',NULL,1,'9922','1','388350103423','1968-02-25',755),
    (1997,'Carrie','Sarah','Lorenzo','1','3319841647',NULL,1,'7591','2','882346079184','1968-10-09',85),
    (1998,'Tanya','Nathan','Anthon','1','6734372547',NULL,1,'8086','2','714885852343','1954-10-15',220),
    (1999,'Jesus','Scott','Forbes','2','9922692100',NULL,1,'6569','1','961484109086','1955-08-19',294),
    (2000,'Raymond','Jessie','Martinez','1','3624174265',NULL,1,'9896','1','764101308596','1988-12-15',930),
    (2001,'Terrell','James','Joseph','1','6988582313',NULL,1,'7348','1','420808308309','1967-02-18',389),
    (2002,'June','Roy','Pileggi','1','5149726002',NULL,1,'2049','1','603815293707','1988-07-14',1110),
    (2003,'Josephine','Samuel','Boeding','1','9947000501',NULL,1,'3748','1','215914224715','1957-01-15',247),
    (2004,'Jacqueline','Robert','Lake','2','4320075844',NULL,1,'6376','2','645605158601','1952-07-30',181),
    (2005,'James','David','Ford','2','7945011498',NULL,1,'9829','1','791522433785','1950-01-23',555),
    (2006,'Hazel','Theodore','Nichols','2','5575637898',NULL,1,'2356','2','349928223526','1970-12-06',630),
    (2007,'Robert','Yolanda','Maroney','2','9520807122',NULL,1,'6704','2','412021675886','1984-04-25',811),
    (2008,'Matthew','Jan','Marsh','1','1859334483',NULL,1,'6861','2','269748697074','1951-07-11',286),
    (2009,'Carolyn','Donald','Smith','1','3644063252',NULL,1,'7665','1','527686666284','1982-02-18',226),
    (2010,'Ike','Teresa','Mcintyre','2','7772603843',NULL,1,'6864','2','385631482689','1988-02-08',1158),
    (2011,'Philip','Antonio','Brown','1','8163621978',NULL,1,'8339','2','873030306332','1951-11-02',218),
    (2012,'Marcia','Shirley','Pantoni','1','3222828545',NULL,1,'6235','2','364241932484','1949-08-19',597),
    (2013,'Kenneth','Josephine','Bonilla','1','6001837981',NULL,1,'8814','2','966051733787','1961-07-13',1193),
    (2014,'Catherine','Anna','Hupp','2','6371482065',NULL,1,'1307','1','397814419190','1950-07-09',1174),
    (2015,'Holly','George','Williams','1','9702973547',NULL,1,'5684','2','819502100085','1941-08-25',1266),
    (2016,'Angela','Travis','Greenberg','2','3187534852',NULL,1,'8670','2','389032592368','1976-11-30',31),
    (2017,'Byron','Marta','Moore','1','9701019551',NULL,1,'2186','1','375417512784','1971-10-25',800),
    (2018,'James','Keith','Stewart','1','9081205581',NULL,1,'6029','1','191649413619','1950-04-13',789),
    (2019,'Becky','Shanda','Spice','2','1222545915',NULL,1,'7511','2','773809959357','1995-01-14',715),
    (2020,'Elaine','Stanley','Fry','2','8596812964',NULL,1,'4896','1','606091093309','1968-05-04',1300),
    (2021,'Terry','Michael','Abbott','1','1687731158',NULL,1,'8505','2','126021781437','1980-03-30',323),
    (2022,'Julie','Robert','Worth','2','4363430021',NULL,1,'7470','2','357149756938','1994-11-16',952),
    (2023,'Steven','Jana','Beckman','2','1164427072',NULL,1,'1292','2','712291381602','1961-09-06',514),
    (2024,'Gerald','Thomas','Harms','2','9675146658',NULL,1,'2694','1','535568924404','1993-06-30',864),
    (2025,'Jordan','Tonya','Caudill','1','9024585387',NULL,1,'7585','1','998389675197','1943-11-25',239),
    (2026,'Doris','Betty','Hendrickson','2','4704227239',NULL,1,'8648','1','659583832541','1966-01-24',871),
    (2027,'Samuel','Filiberto','Strawderman','1','9122085653',NULL,1,'6733','1','946174187082','1948-03-10',750),
    (2028,'Phillip','Patrick','Butterworth','1','6926079120',NULL,1,'2927','1','164138646993','1951-09-13',625),
    (2029,'Frank','Bailey','Huntley','2','2504238721',NULL,1,'4174','2','248068374513','1955-12-22',200),
    (2030,'Pat','Jan','Pantoja','2','5584889309',NULL,1,'6555','1','858825242237','1946-10-05',232),
    (2031,'Margaret','Tyrone','Smith','1','5855627359',NULL,1,'6992','2','985226685033','1975-06-06',547),
    (2032,'Donald','Sasha','Wright','2','2655611606',NULL,1,'8443','2','564667632787','1987-01-25',1175),
    (2033,'Kenneth','Imelda','Thompson','1','3404065919',NULL,1,'1850','1','148322083586','1950-03-15',930),
    (2034,'Peggy','Joaquin','Driscoll','1','3977501401',NULL,1,'2193','1','769545009039','1987-12-03',1233),
    (2035,'Russell','Sage','Popovich','1','9676793144',NULL,1,'9494','2','927490188041','1985-04-11',739),
    (2036,'Jessie','Juan','Biermann','1','6758221087',NULL,1,'7533','2','109195901890','1968-12-08',1238),
    (2037,'William','Ryan','Michelson','1','4801663040',NULL,1,'4776','1','420778283587','1961-03-11',533),
    (2038,'Dolores','Edward','Gregg','1','9760434920',NULL,1,'3434','2','303420975501','1983-06-04',1017),
    (2039,'Tomas','Gloria','Jones','1','4692932920',NULL,1,'7119','1','557102260076','1962-12-23',9),
    (2040,'Michael','Carole','Comans','2','3131250434',NULL,1,'5095','1','565083464882','1958-01-11',140),
    (2041,'Steven','Michael','Hughes','1','4776663815',NULL,1,'4075','2','552774913217','1959-07-14',1234),
    (2042,'Michael','David','Cangelosi','1','3669809503',NULL,1,'8717','1','854116882248','1984-02-01',620),
    (2043,'Bradley','Rebecca','Talbot','1','7725939306',NULL,1,'6623','1','589431292137','1972-10-07',735),
    (2044,'Ruben','Mary','Zehner','2','4914849567',NULL,1,'3178','1','985909895277','1950-08-20',804),
    (2045,'Latonya','Erin','Ryan','2','7986057274',NULL,1,'7192','2','648325043449','1969-10-27',985),
    (2046,'John','Edward','Urbine','2','5903023545',NULL,1,'6184','2','784874733899','1987-08-22',98),
    (2047,'Mimi','Kenneth','Hilsinger','1','3034482416',NULL,1,'3857','2','508599170266','1955-11-22',745),
    (2048,'Willie','Paul','Claiborne','1','4388641093',NULL,1,'9299','2','912299583357','1964-01-06',1244),
    (2049,'Christine','Robert','Mori','1','1975349207',NULL,1,'2193','1','346358879636','1971-11-08',548),
    (2050,'Peter','Mary','Jodon','1','8938440876',NULL,1,'8455','2','328193632201','1978-06-14',101),
    (2051,'Laura','Corazon','Aycock','1','4182532151',NULL,1,'6758','2','241548847479','1940-07-13',260),
    (2052,'Mandy','Barbara','Casey','2','3974523769',NULL,1,'9793','1','489391401002','1961-09-25',751),
    (2053,'Lisa','Cindy','Coatney','1','3409705780',NULL,1,'2097','1','522998709407','1991-05-14',1026),
    (2054,'Gloria','Juan','Schiavone','1','2759760920',NULL,1,'9859','2','736056548860','1990-03-25',475),
    (2055,'Colin','Alexander','Berkowitz','1','5405665560',NULL,1,'8033','2','461529682204','1960-10-11',233),
    (2056,'Christina','Robert','Abbott','2','5520810366',NULL,1,'3266','1','702450078539','1976-04-26',1120),
    (2057,'Essie','Michael','Marco','2','2375829312',NULL,1,'1350','2','545618624487','1979-10-09',34),
    (2058,'Andrea','Esmeralda','Knapp','2','2653786535',NULL,1,'8148','1','573752612247','1965-12-05',27),
    (2059,'Carolyn','Edward','Hoover','1','5302382293',NULL,1,'8178','1','179185158284','1982-09-19',580),
    (2060,'Jose','Leah','Will','2','1385559589',NULL,1,'9218','1','201331654728','1942-03-22',1270),
    (2061,'Gladys','Thomas','Richards','1','9907040345',NULL,1,'6367','2','930564331568','1944-12-13',74),
    (2062,'Lena','Douglas','Stall','1','2241772603',NULL,1,'7673','2','790903212038','1976-09-16',411),
    (2063,'Patricia','Ralph','Robbins','2','6112850939',NULL,1,'1274','2','333275112717','1980-04-03',657),
    (2064,'Charles','Jarvis','Thurman','1','6443844004',NULL,1,'6865','1','174996990807','1945-09-05',72),
    (2065,'Lon','Lola','Ashworth','2','4208191511',NULL,1,'2015','1','975406910772','1954-04-22',161),
    (2066,'Paul','Michael','Plunkett','1','9694366202',NULL,1,'9309','2','670943571790','1991-11-01',911),
    (2067,'Danielle','Maurice','Caulder','1','4618328193',NULL,1,'1613','1','260219951760','1947-03-19',9),
    (2068,'Sandra','Leonard','Argento','1','2255433397',NULL,1,'2014','2','155293929048','1963-10-12',420),
    (2069,'George','Mark','Velez','1','2811984698',NULL,1,'6337','1','992550389244','1979-04-20',223),
    (2070,'Daniel','Kevin','Martinez','1','2585751645',NULL,1,'7022','1','152279340616','1978-01-05',273),
    (2071,'Patrica','Herlinda','Marton','2','1347668114',NULL,1,'3194','2','221147231105','1995-02-05',627),
    (2072,'Alan','Kim','Bell','1','6006974202',NULL,1,'6111','1','173201185155','1983-05-09',1018),
    (2073,'Amy','Christopher','Marrs','1','2701555454',NULL,1,'2973','1','296326223414','1960-08-31',326),
    (2074,'Mary','Amanda','Manning','1','8124396261',NULL,1,'9412','2','383498400393','1941-10-19',39),
    (2075,'Brain','Steven','Kenney','1','3955768161',NULL,1,'2729','2','278220344093','1995-12-29',831),
    (2076,'Jessica','Trina','Faust','2','2404253914',NULL,1,'1947','1','679203439661','1945-05-05',814),
    (2077,'Katherine','Kristal','Wilson','1','1156725858',NULL,1,'2326','2','813464856087','1942-12-30',46),
    (2078,'Irene','John','Ziegler','1','8090662320',NULL,1,'9901','2','828734838765','1978-03-28',1248),
    (2079,'Robert','Luis','Martinez','1','6784843384',NULL,1,'6272','1','388634666663','1962-11-14',425),
    (2080,'Kristie','Donald','George','2','4450292019',NULL,1,'5902','1','886022037174','1960-11-04',826),
    (2081,'Charles','Fredrick','Tate','1','1518113236',NULL,1,'4969','1','514783792806','1960-11-28',1074),
    (2082,'Patricia','Lance','Yi','2','9618819348',NULL,1,'7340','1','633243242574','1944-11-22',770),
    (2083,'Shelia','David','Hayes','1','1848121875',NULL,1,'2021','1','188839295212','1975-05-07',1130),
    (2084,'Norman','Susan','Hector','1','2604539204',NULL,1,'7630','1','698401245144','1943-07-17',905),
    (2085,'Sylvia','Walter','Halman','2','7572767525',NULL,1,'8525','2','464743565246','1988-05-16',635),
    (2086,'Dorothy','Sheryll','Long','2','6095177644',NULL,1,'7393','1','588265827642','1969-05-25',1113),
    (2087,'Darwin','Earl','Holt','1','2411020785',NULL,1,'6271','1','194221803582','1965-09-04',632),
    (2088,'Allen','Theresa','Villarreal','1','8642228342',NULL,1,'8073','1','720279428510','1993-10-17',389),
    (2089,'Lorraine','Willie','Gerrior','2','2122664046',NULL,1,'2017','2','673695120564','1971-08-16',952),
    (2090,'Yvette','Natalie','Schmelzer','2','6921358414',NULL,1,'2759','1','335713079497','1973-10-01',954),
    (2091,'Mervin','Wanda','Rossetti','2','7305056381',NULL,1,'8408','2','107165106292','1947-06-16',859),
    (2092,'Beverly','Joel','Grover','1','3432533495',NULL,1,'8738','2','338136189646','1973-05-03',1016),
    (2093,'Carol','Loretta','Anderson','2','3567866191',NULL,1,'6831','1','831496917560','1948-10-03',60),
    (2094,'Cheryl','Carlton','Vest','1','7576320116',NULL,1,'7845','2','673061376580','1951-10-12',820),
    (2095,'Eva','Alice','Macomber','2','6152264206',NULL,1,'7481','1','442142570950','1990-01-03',644),
    (2096,'Marsha','Emmett','Liao','2','4438143169',NULL,1,'2472','2','879561891353','1949-12-14',984),
    (2097,'Mary','Ashley','Maco','1','6088892892',NULL,1,'5991','1','960464398922','1965-07-04',365),
    (2098,'Megan','Kevin','Corchado','2','1608908104',NULL,1,'9743','1','549239965864','1995-04-04',1127),
    (2099,'Elaine','John','Lipkin','1','4149636342',NULL,1,'3610','1','603163500902','1982-05-12',956),
    (2100,'Rebecca','Dominic','Schuck','1','9665438269',NULL,1,'7038','2','960567176646','1957-01-06',395),
    (2101,'Willie','Heather','Maciel','1','7059907618',NULL,1,'8624','1','860022654045','1957-01-19',195),
    (2102,'Carol','Rubie','Fontillas','2','4200259951',NULL,1,'9489','1','843509922279','1959-06-14',721),
    (2103,'Roger','Clyde','Foster','1','2836744971',NULL,1,'9019','2','472726824361','1991-12-17',13),
    (2104,'Peggy','Edward','Lummus','1','7679298185',NULL,1,'9427','1','470237126057','1982-09-12',217),
    (2105,'James','Christopher','Cassady','2','3319051507',NULL,1,'9603','1','311079069404','1980-09-03',933),
    (2106,'Sharon','Hector','Glinski','1','9487525968',NULL,1,'6354','2','275830217417','1957-10-12',615),
    (2107,'Linda','Adrian','Delacruz','2','3480351454',NULL,1,'5738','2','606907253811','1944-05-28',921),
    (2108,'Agustin','Jack','Young','1','1668463826',NULL,1,'1443','2','676297123614','1950-05-15',37),
    (2109,'Jimmy','Michael','Welter','1','8153824055',NULL,1,'7354','2','581903323990','1940-10-28',116),
    (2110,'Sonya','Marjorie','Johnson','1','1219702349',NULL,1,'1014','1','432806399185','1953-07-23',526),
    (2111,'Mauricio','Amanda','Shaw','2','6150739888',NULL,1,'4038','1','982687010881','1948-09-25',361),
    (2112,'Ella','April','Anderson','1','6791010195',NULL,1,'8550','2','257052626303','1983-11-03',456),
    (2113,'Edwin','Bernard','Torres','2','4493609473',NULL,1,'6422','2','412801268739','1950-03-28',625),
    (2114,'Jose','Sandra','Romano','2','3929738641',NULL,1,'5541','2','437158745682','1945-07-26',499),
    (2115,'Patricia','Miles','Willis','1','7545657045',NULL,1,'1235','1','643554814316','1979-09-16',1196),
    (2116,'Rodolfo','William','Eubanks','2','4823931872',NULL,1,'6807','1','809249441449','1957-09-17',1141),
    (2117,'Deana','Catherine','Moore','2','9069169840',NULL,1,'2053','1','653734918829','1957-11-22',380),
    (2118,'Corliss','Kristin','Dunagan','1','9095605742',NULL,1,'6628','1','668203861214','1987-12-25',427),
    (2119,'Barbera','Forrest','Skees','2','8823632393',NULL,1,'4456','1','237779293557','1995-03-21',758),
    (2120,'Carleen','Maria','Bilyeu','1','1096275200',NULL,1,'7099','1','439179330368','1946-12-23',301),
    (2121,'John','Janel','Grainger','2','2773759362',NULL,1,'4193','2','202379646854','1976-12-05',1295),
    (2122,'Nancy','Lauren','Hampton','2','6513404558',NULL,1,'8590','2','664339838054','1973-06-22',398),
    (2123,'Sonja','James','Hornbeck','2','2112858458',NULL,1,'9718','1','958657741602','1982-01-27',194),
    (2124,'Tonya','Gary','Mendez','2','9137022793',NULL,1,'9379','2','997729060322','1960-09-09',138),
    (2125,'Shelly','Michael','Solis','1','4155191920',NULL,1,'6126','2','227007450669','1997-04-18',303),
    (2126,'Carol','Stephanie','Saylors','1','7278820076',NULL,1,'1419','1','374016879514','1954-12-27',303),
    (2127,'Frederick','Juanita','Dixson','1','9463788573',NULL,1,'1414','2','262528659521','1957-07-14',1190),
    (2128,'Jacquetta','Kimberly','Garza','1','5793462087',NULL,1,'4807','2','527520002540','1980-09-09',173),
    (2129,'Caroyln','William','Campbell','1','8818476577',NULL,1,'5215','2','160436218229','1963-07-14',972),
    (2130,'Carolyn','Mary','Strange','2','9089250603',NULL,1,'7811','2','266491269067','1970-10-29',1150),
    (2131,'Paula','Maureen','Sweigart','2','1909423207',NULL,1,'7408','2','675839621130','1968-10-30',1188),
    (2132,'Jerome','Henry','Beabout','1','5996140687',NULL,1,'2290','2','288742839505','1988-02-09',799),
    (2133,'Raymond','Dianne','Henderson','1','2428365662',NULL,1,'1919','2','510386459656','1986-05-28',1005),
    (2134,'Bruce','Gustavo','Miller','1','6588104090',NULL,1,'9110','2','945943014085','1953-09-03',1162),
    (2135,'Serafina','Alice','Vantassel','2','4902373568',NULL,1,'5430','1','194605884406','1965-02-19',482),
    (2136,'Timothy','Linda','Santiago','1','2906220850',NULL,1,'2424','1','527531234907','1990-03-15',981),
    (2137,'Joshua','Terrance','Stokes','2','4858442325',NULL,1,'6279','2','838268800700','1986-08-20',925),
    (2138,'Denise','Francisco','Clowes','2','4078645780',NULL,1,'4367','1','634301688872','1986-01-13',1007),
    (2139,'Greg','Michele','West','1','7637979351',NULL,1,'9072','2','852684229423','1966-05-19',1115),
    (2140,'Kenneth','Margaret','Savala','2','2267729529',NULL,1,'1399','2','558830688180','1963-07-14',846),
    (2141,'Paula','Steve','Lloyd','1','8977842865',NULL,1,'1977','1','848775596749','1966-10-08',665),
    (2142,'Sandra','Robert','Morrissey','2','8881111135',NULL,1,'8520','1','530459126022','1948-09-12',937),
    (2143,'Maria','Michael','Luhn','1','5991757264',NULL,1,'1735','1','590176817194','1965-02-24',473),
    (2144,'Ricardo','Latasha','Coffelt','2','7819734980',NULL,1,'5375','2','900734318252','1971-12-04',837),
    (2145,'Kristen','Raymond','Armstrong','1','5925231558',NULL,1,'3668','1','543044702905','1974-11-19',822),
    (2146,'Marilyn','Nathan','Webb','2','7747595666',NULL,1,'7074','2','675059277843','1991-01-25',976),
    (2147,'Tracy','Nina','Postel','1','9588822148',NULL,1,'9053','2','157476204708','1968-04-08',14),
    (2148,'Lois','Virginia','Foster','2','2476882325',NULL,1,'1053','2','485083563233','1950-06-08',245),
    (2149,'Richard','Walter','Bryant','1','5969291630',NULL,1,'1441','2','555901101111','1965-05-12',730),
    (2150,'George','Elizabeth','Musumeci','1','9909737917',NULL,1,'5367','1','905740994133','1981-08-24',479),
    (2151,'Machelle','Pamela','Malloy','2','1950017567',NULL,1,'5757','2','564052090736','1943-06-01',1170),
    (2152,'Wanda','Nelson','Howell','2','7743841911',NULL,1,'4416','2','288310155199','1976-09-17',165),
    (2153,'Frank','Walter','Gonzalez','1','3040976597',NULL,1,'2229','2','755003511420','1956-06-01',567),
    (2154,'Coral','Christopher','Larose','1','7391505926',NULL,1,'3210','1','734823658520','1972-11-01',1),
    (2155,'Sandra','Martin','Mccubbin','1','2440269427',NULL,1,'5382','2','990856856642','1941-03-13',188),
    (2156,'John','Brian','Lawler','1','8867965997',NULL,1,'3635','2','255557485466','1983-02-24',1117),
    (2157,'Steven','Susan','Dawson','2','3151253525',NULL,1,'5657','1','791692524252','1979-05-17',638),
    (2158,'Justin','Joey','Sharpe','2','6151933182',NULL,1,'5032','1','181540983435','1975-03-07',896),
    (2159,'Brian','Michael','Maranto','1','9818144889',NULL,1,'6259','2','113657503308','1951-05-31',679),
    (2160,'Francisco','Vernita','Ovalle','1','2086787995',NULL,1,'2196','1','788768986620','1987-09-20',1124),
    (2161,'Brian','Anne','Hall','2','2836170800',NULL,1,'1386','1','566816425009','1976-11-23',1065),
    (2162,'Angelica','Gena','Gadwah','2','7124026025',NULL,1,'3988','1','878390880938','1981-07-23',678),
    (2163,'Ray','Pamela','Benitez','2','6012832456',NULL,1,'1973','2','727971482717','1953-05-01',80),
    (2164,'Lonnie','Jenifer','Katechis','2','1179271282',NULL,1,'4396','2','983340354232','1997-04-24',488),
    (2165,'Cathy','Jean','Ribron','1','1472040744',NULL,1,'3985','1','315609344212','1989-04-10',806),
    (2166,'Millie','Clayton','Walsh','2','8048954162',NULL,1,'1791','2','131156930379','1966-10-04',1052),
    (2167,'Linda','Veronica','Ragland','2','6213324941',NULL,1,'7281','2','754537336561','1972-09-17',513),
    (2168,'Anthony','Joyce','Leachman','2','7179914531',NULL,1,'9546','1','140712593621','1943-10-29',36),
    (2169,'Megan','Elizabeth','Mendoza','1','9347947328',NULL,1,'2557','2','211798561834','1968-01-04',321),
    (2170,'Lily','John','Xiong','2','6718251758',NULL,1,'7451','2','736953342310','1984-08-27',729),
    (2171,'Ella','Jimmie','Orr','2','3738774280',NULL,1,'9660','1','384982800968','1957-02-06',944),
    (2172,'Christopher','Erica','Rodriguez','2','3461699698',NULL,1,'3893','1','448485791501','1940-07-06',307),
    (2173,'Brittany','Rodney','Shepard','1','9014812407',NULL,1,'2685','2','606904345434','1967-07-17',1115),
    (2174,'Cyril','Doris','Horne','2','8377954275',NULL,1,'9939','1','237862582272','1942-10-07',1108),
    (2175,'Darren','Kristal','Duffin','1','9044726828',NULL,1,'2609','1','943419425726','1993-01-21',338),
    (2176,'Joshua','Raymond','Hackney','1','4450229728',NULL,1,'9201','1','965371392157','1981-05-13',36),
    (2177,'Vivian','Gloria','Peters','1','5400268303',NULL,1,'7104','2','993017689918','1940-06-27',215),
    (2178,'James','David','Lopez','1','4670246001',NULL,1,'1118','2','439220637218','1978-12-16',858),
    (2179,'Adela','Owen','Mitchell','2','4478001180',NULL,1,'5932','2','153998797931','1980-12-29',451),
    (2180,'Anna','Donna','Russ','1','8845034169',NULL,1,'2637','2','633552475030','1981-01-13',1053),
    (2181,'Beverly','Aaron','Thor','2','5842984345',NULL,1,'4676','1','446925667930','1992-05-24',405),
    (2182,'William','Joseph','Jones','1','9394116519',NULL,1,'7641','2','823288219610','1982-04-26',346),
    (2183,'William','Marlene','Jewell','2','7747899441',NULL,1,'7033','2','306521549912','1981-07-06',199),
    (2184,'Lorna','Sheryl','Silva','2','3346063562',NULL,1,'9749','2','570596752371','1995-06-14',655),
    (2185,'Dawn','Bryan','Dillion','1','6217218099',NULL,1,'9978','1','157261289353','1988-09-09',1098),
    (2186,'Tracy','David','Haggett','2','4216798484',NULL,1,'2391','1','245612002148','1973-08-24',865),
    (2187,'Lori','Melissa','Erickson','2','5566342205',NULL,1,'1794','2','281993557756','1956-11-08',374),
    (2188,'Kristin','Leticia','Garson','1','5562408564',NULL,1,'7462','1','148788717460','1966-05-26',485),
    (2189,'Antonio','Eric','Kelley','1','6783621283',NULL,1,'6160','2','891478373496','1971-12-22',684),
    (2190,'Shirley','Michael','Morales','1','8173289707',NULL,1,'7991','1','383435799625','1969-01-28',43),
    (2191,'Joshua','Steve','Hanson','1','8134365817',NULL,1,'5579','2','919185620933','1980-11-06',287),
    (2192,'Leonard','John','Wilkinson','2','8079569627',NULL,1,'7455','2','184707947889','1994-06-03',36),
    (2193,'Migdalia','Boyd','Reeves','2','3393535016',NULL,1,'4305','1','775048962533','1983-12-08',217),
    (2194,'Roderick','Nancy','Harris','2','7269026049',NULL,1,'9351','2','447777844712','1941-08-12',1167),
    (2195,'Reyes','Brenda','Phillips','1','3131517754',NULL,1,'4167','1','623840729592','1971-10-04',500),
    (2196,'Charles','Carl','Swims','2','7745266725',NULL,1,'9123','2','883365986225','1981-10-24',1287),
    (2197,'Carla','Isabel','Hollingsworth','1','2312999445',NULL,1,'8822','2','131944356499','1942-08-12',1210),
    (2198,'Kenny','Bridget','Flannery','2','2235586592',NULL,1,'1493','1','740848206649','1995-03-03',643),
    (2199,'Jerry','Judy','Daniels','2','8580352472',NULL,1,'4760','2','766696366940','1946-07-11',547),
    (2200,'John','Ricardo','Parker','2','2453791512',NULL,1,'4810','2','657168601490','1974-11-20',13),
    (2201,'Yvonne','Jane','Gay','2','6960067054',NULL,1,'1578','1','388422888965','1953-09-20',309),
    (2202,'Lois','Edward','Hardin','1','1971193187',NULL,1,'2850','2','890703740203','1966-06-14',46),
    (2203,'Peter','John','Gibson','2','9621832661',NULL,1,'3865','2','712907773192','1979-09-14',1125),
    (2204,'Paul','Raymond','Whitman','2','1023492126',NULL,1,'4518','1','629119308409','1967-10-04',561),
    (2205,'Tammy','Angela','Roberts','1','7236702082',NULL,1,'3993','1','672990858350','1985-02-04',822),
    (2206,'Kenneth','Kimberly','Christensen','1','4800681012',NULL,1,'9519','2','948406482433','1994-06-14',1026),
    (2207,'Vicki','Nathan','Calisto','2','9873780352',NULL,1,'1211','1','565413897922','1952-03-22',835),
    (2208,'Dennis','James','Gould','1','1333375631',NULL,1,'6527','2','977396630645','1946-01-18',864),
    (2209,'Michael','Donald','Daniel','1','8015074300',NULL,1,'7995','2','480803572664','1990-07-15',934),
    (2210,'Robert','Paul','Valles','2','7991150453',NULL,1,'2061','1','649067555744','1950-04-22',523),
    (2211,'Kyle','William','Sterlace','2','2754227813',NULL,1,'8858','2','398742913187','1942-02-01',729),
    (2212,'Colby','Lillian','Pittman','1','2058593696',NULL,1,'8346','1','272919803249','1953-11-15',1012),
    (2213,'Blake','Jennifer','Chapman','2','6883697173',NULL,1,'9296','1','884856953087','1981-06-02',1224),
    (2214,'Alicia','Elizabeth','Williams','2','1952108130',NULL,1,'6634','1','368172004762','1997-01-07',226),
    (2215,'Chelsea','Roy','Straw','2','6883457031',NULL,1,'6847','1','190008425014','1958-04-20',1035),
    (2216,'Michael','Melissa','Small','2','8559865824',NULL,1,'8379','1','692125776327','1981-05-08',1078),
    (2217,'James','Marco','Vanduyn','1','3132482129',NULL,1,'2754','1','126924174851','1979-10-19',523),
    (2218,'Pamela','Glen','Coleman','1','9003501752',NULL,1,'5787','2','376759064129','1942-10-28',528),
    (2219,'Jane','Amos','Cummings','1','4123605729',NULL,1,'4336','1','815030728651','1955-03-11',64),
    (2220,'Agnes','Patricia','Ferrell','1','4955962058',NULL,1,'5234','2','913207070719','1996-05-02',263),
    (2221,'Irene','Julie','Rowe','2','9833246199',NULL,1,'6026','2','819552698060','1993-04-24',50),
    (2222,'Lori','Trent','Scott','2','2929824211',NULL,1,'7644','1','462237963609','1988-03-20',609),
    (2223,'Diane','Eulalia','Bower','2','4324984875',NULL,1,'4254','2','449233350836','1945-03-25',640),
    (2224,'Tania','Bobbie','Eberhard','1','2966271678',NULL,1,'3054','1','147533678176','1968-12-21',596),
    (2225,'Wendi','Phillip','Gray','1','3117992306',NULL,1,'4990','2','173202827599','1946-11-14',1074),
    (2226,'Lynn','Jamie','Wright','1','7522166370',NULL,1,'1167','2','274481885163','1960-07-03',194),
    (2227,'Mercedes','Ken','Donner','2','1674891853',NULL,1,'5937','2','600810326097','1986-07-14',448),
    (2228,'Earl','Johnny','Lawrence','1','9522315846',NULL,1,'2546','2','108388578731','1975-10-05',898),
    (2229,'Sheila','Karen','Lubin','1','8500024114',NULL,1,'1703','2','901423594337','1950-07-05',1012),
    (2230,'Helen','Beulah','Green','1','1320927398',NULL,1,'3520','2','710186157564','1972-03-28',1290),
    (2231,'Latoya','Danny','Jensen','1','6888372256',NULL,1,'6231','1','205385993624','1944-10-30',203),
    (2232,'Reva','Dominic','Bush','2','8809176684',NULL,1,'9396','1','328557799424','1962-09-17',371),
    (2233,'Jonathan','Jean','Porter','2','7592532611',NULL,1,'2756','1','468442512718','1994-12-31',1093),
    (2234,'Larry','Kerry','Godoy','2','9301251135',NULL,1,'3499','1','237458138423','1987-11-17',486),
    (2235,'Sandra','John','Biggs','1','1772445927',NULL,1,'8867','1','304713441302','1997-02-13',108),
    (2236,'Rebecca','Christopher','Maloney','1','3868731542',NULL,1,'8871','1','142156702437','1970-05-11',1111),
    (2237,'Jacqueline','David','Madison','2','1084108593',NULL,1,'2390','2','182521311357','1994-04-01',368),
    (2238,'Lisa','Verlie','Wilson','1','4059199666',NULL,1,'1394','2','194637204937','1941-11-04',855),
    (2239,'Lisa','Edna','Ratterree','1','8456688783',NULL,1,'8253','2','720262719997','1968-08-15',705),
    (2240,'Evelyn','Travis','Ranallo','1','8386346867',NULL,1,'9132','1','732008362450','1958-11-03',996),
    (2241,'Harold','John','Tillman','1','9605270946',NULL,1,'7503','1','939617040879','1967-04-20',24),
    (2242,'Keith','Frank','Stevenson','1','5545091184',NULL,1,'5547','1','357126781969','1950-10-16',203),
    (2243,'Beverly','Renee','Bibbins','1','5573551010',NULL,1,'7060','1','290924319228','1972-12-21',834),
    (2244,'Robin','Diana','Forbus','2','2046031093',NULL,1,'9700','1','101546089741','1954-07-08',803),
    (2245,'Kim','Effie','Adams','1','8688593787',NULL,1,'5147','2','218279335083','1966-12-31',535),
    (2246,'Matthew','Karen','Silva','1','2936844624',NULL,1,'4787','2','818791055178','1962-09-08',552),
    (2247,'David','Robert','Spiker','1','7291083378',NULL,1,'9044','2','236697963124','1956-10-15',286),
    (2248,'Harold','Scott','Reyes','1','1741550120',NULL,1,'7757','2','861022971118','1946-02-16',956),
    (2249,'Christopher','Lydia','Johnson','1','3548939620',NULL,1,'6461','1','613954339412','1966-07-21',839),
    (2250,'William','Marc','Watkins','2','7263183135',NULL,1,'2377','1','990447390342','1973-10-15',657),
    (2251,'Patricia','Tammy','Waldeck','1','8743990409',NULL,1,'9653','2','331814586488','1959-08-12',928),
    (2252,'Trista','Donald','Yanes','1','3775578030',NULL,1,'9614','2','282420235490','1952-07-05',115),
    (2253,'Yvonne','Joyce','Faulk','2','3324070214',NULL,1,'5010','1','594112910787','1992-04-28',672),
    (2254,'Victor','Samuel','Emily','1','6758974914',NULL,1,'9964','1','173086143965','1943-09-27',43),
    (2255,'Susan','Darryl','Gentry','1','9449582773',NULL,1,'8839','1','249349958110','1947-05-23',650),
    (2256,'Dorothy','Thomas','Gallagher','2','5015922359',NULL,1,'2219','2','422066677745','1982-09-08',578),
    (2257,'Frances','Kiana','Lynch','2','8928483137',NULL,1,'7466','1','364885628711','1978-03-21',1055),
    (2258,'Lawrence','Shirley','Small','1','6468716913',NULL,1,'1495','2','539005613743','1973-05-13',587),
    (2259,'Catherine','Susan','Etheridge','1','9493514555',NULL,1,'6877','2','389732321373','1956-12-20',680),
    (2260,'Carol','Joan','Tewell','1','4033921343',NULL,1,'5593','2','900367443378','1946-08-28',41),
    (2261,'Tracey','Joyce','Noble','1','8850617945',NULL,1,'4009','1','933410313836','1980-03-18',797),
    (2262,'Jarrod','Bryan','Messler','1','3198583374',NULL,1,'6503','2','147259571663','1995-03-04',652),
    (2263,'Aleisha','Tammy','Hupp','2','2184768958',NULL,1,'3126','1','168784201230','1948-03-14',865),
    (2264,'Alice','Ruben','Martinez','1','7637026126',NULL,1,'7424','1','604820620661','1968-01-15',933),
    (2265,'Shirley','Amelia','Miller','2','9009257976',NULL,1,'4537','2','232013542325','1980-02-13',1060),
    (2266,'Charles','Tiffany','Stone','1','1735130822',NULL,1,'2887','1','293369280758','1958-12-09',1240),
    (2267,'Judith','Paul','Bellas','2','6846448975',NULL,1,'7361','2','992586268953','1983-01-31',297),
    (2268,'William','Frances','Burns','2','9380046672',NULL,1,'3126','1','599115488328','1967-05-12',397),
    (2269,'Pauline','Scott','Ales','1','8275561411',NULL,1,'4438','2','675742168145','1997-02-05',263),
    (2270,'Rae','Martha','Scott','2','3316488219',NULL,1,'4722','2','151765275703','1940-07-13',1252),
    (2271,'Adrienne','Gerald','Braddy','1','6722217609',NULL,1,'3324','1','959622077685','1978-02-12',824),
    (2272,'Nellie','Denise','Cruz','1','5929022214',NULL,1,'6184','2','820352957007','1949-11-23',844),
    (2273,'Dean','Virginia','Mercedes','1','9359658150',NULL,1,'1595','1','582350293024','1982-07-01',1020),
    (2274,'Ben','Angelica','Cox','2','8888074906',NULL,1,'1149','2','990456016119','1995-01-28',951),
    (2275,'Michael','Taylor','Maldonado','1','3162085149',NULL,1,'7437','2','427740695370','1946-04-05',293),
    (2276,'Joyce','William','Lord','2','8371427269',NULL,1,'6330','2','484120984890','1987-12-21',420),
    (2277,'Angelia','Herbert','Wolff','1','5093714113',NULL,1,'4517','2','402734645533','1945-05-18',906),
    (2278,'Marcos','Jeremy','Thomas','2','8602294828',NULL,1,'8465','2','406783708302','1985-03-17',903),
    (2279,'Velma','Gregory','Chelton','1','2669210607',NULL,1,'2564','2','492055582425','1943-05-27',1048),
    (2280,'Theresa','Helen','Dowling','1','4800738012',NULL,1,'9145','1','788597289751','1972-05-25',703),
    (2281,'Brian','Jeanette','Key','2','5551302178',NULL,1,'9749','2','484209902661','1944-03-27',275),
    (2282,'Kathleen','Christopher','Eldred','1','6814384515',NULL,1,'9190','2','123805149857','1985-10-21',137),
    (2283,'Dominic','Reginia','Sirois','2','7814251523',NULL,1,'2056','2','368559253689','1960-10-10',581),
    (2284,'Bertha','Kenneth','Mcfarlane','2','3128858132',NULL,1,'9303','1','922812646968','1968-08-17',731),
    (2285,'James','Ted','Crigger','1','8346296232',NULL,1,'9983','2','997380156411','1967-06-01',1031),
    (2286,'Samuel','Angela','Ewart','1','7982844646',NULL,1,'3710','2','829829409115','1978-12-25',582),
    (2287,'Donna','Annie','West','1','7586270454',NULL,1,'9048','2','578337505966','1979-07-23',607),
    (2288,'Tiffany','Brandy','Johnson','2','2391613134',NULL,1,'6247','2','444772407431','1968-07-17',1091),
    (2289,'Daniel','Victor','Dunn','1','9857740927',NULL,1,'1204','2','891016880996','1941-02-14',1071),
    (2290,'Margaret','Aimee','Wehner','2','2940302435',NULL,1,'3785','2','972074342509','1957-08-24',301),
    (2291,'Donald','Ginger','Merrick','1','3270172210',NULL,1,'2914','2','357318061600','1986-12-17',969),
    (2292,'Jacob','Horace','Carr','1','4955671409',NULL,1,'3646','2','944690548552','1971-06-11',456),
    (2293,'Sheila','Teresa','Springer','1','4515466054',NULL,1,'9161','2','155780366433','1941-11-28',891),
    (2294,'Elvira','David','Klein','2','9592962869',NULL,1,'3683','1','589260382860','1957-05-28',992),
    (2295,'Eleanor','Jeremy','Taylor','1','7117014616',NULL,1,'4324','2','634088702994','1975-01-25',954),
    (2296,'Eddy','Richard','Munson','2','4087404232',NULL,1,'4310','1','840882126732','1981-08-14',863),
    (2297,'Dawn','Domenic','Stuckey','1','7040635102',NULL,1,'2988','2','493573248425','1989-12-09',601),
    (2298,'Amanda','Carol','Tetreault','1','3065687702',NULL,1,'9240','2','936249441995','1980-08-31',1087),
    (2299,'Rachel','Anthony','Tatum','1','1633628492',NULL,1,'4427','2','897212191983','1949-03-24',1124),
    (2300,'Noreen','Gilda','Vansant','2','9889434225',NULL,1,'5591','1','983527712125','1971-05-24',1123),
    (2301,'Janice','Christal','Wilson','2','9486591827',NULL,1,'1376','2','166164601432','1964-06-16',204),
    (2302,'Arturo','Andrew','Fernandez','2','6727805374',NULL,1,'2786','1','876533262398','1983-01-22',835),
    (2303,'Ed','Dorothy','Aguilar','2','6703103056',NULL,1,'4643','1','343400109522','1977-02-18',757),
    (2304,'Gary','Erin','Smith','1','1481535648',NULL,1,'8808','1','722527092450','1974-11-24',724),
    (2305,'Hope','Judy','Adu','2','7274924585',NULL,1,'4577','2','664588452833','1948-11-28',96),
    (2306,'Jonathan','Lee','Eaton','2','6998956926',NULL,1,'2715','2','818083679158','1996-05-07',711),
    (2307,'Stanley','Kelvin','Carter','2','1957414107',NULL,1,'3860','1','136645013332','1963-12-27',289),
    (2308,'Katie','Felicia','Bell','1','9474595380',NULL,1,'7661','1','143215235895','1972-01-06',48),
    (2309,'Betty','Toby','Hart','2','7069600904',NULL,1,'8676','2','601887846800','1986-05-25',330),
    (2310,'Crystal','Rodolfo','Cardenas','2','2657899441',NULL,1,'9364','2','467718288529','1950-01-25',840),
    (2311,'Joyce','Sharon','Kirkland','1','1333451153',NULL,1,'7594','1','300237542956','1964-10-03',212),
    (2312,'Laura','Stella','Jones','2','4080449385',NULL,1,'4537','1','606900839015','1980-07-06',653),
    (2313,'Sabrina','Denise','Gonzalez','2','7639735603',NULL,1,'8474','1','605168107605','1952-09-20',508),
    (2314,'Jennifer','Thomas','Krause','1','7569911505',NULL,1,'5275','1','585788443056','1957-03-03',696),
    (2315,'Mae','Mary','Gaskamp','1','3342601494',NULL,1,'1694','1','951222173097','1989-04-12',30),
    (2316,'Daniel','Luisa','Lennon','1','6408010369',NULL,1,'1339','2','785588827839','1969-11-05',834),
    (2317,'Michael','Mary','Levine','2','4019581537',NULL,1,'6547','1','709365335992','1994-03-17',1139),
    (2318,'Frances','Bethany','Melnick','2','7438800026',NULL,1,'6516','2','480921963129','1953-03-06',419),
    (2319,'Gail','James','Shirah','1','5392456444',NULL,1,'5470','1','579123131811','1951-08-07',102),
    (2320,'Julio','Debra','Montes','2','7627918284',NULL,1,'1298','1','751882626722','1994-02-17',719),
    (2321,'Cathleen','Kathleen','Omar','1','7938606700',NULL,1,'4501','2','671149811146','1970-05-27',1251),
    (2322,'Alice','Leana','Wallace','1','1218593149',NULL,1,'9991','1','924829973472','1968-02-04',395),
    (2323,'Margaret','Robert','Jones','2','5269815912',NULL,1,'7764','2','434913828179','1944-10-20',307),
    (2324,'Michelle','Michael','Franklin','2','7438291183',NULL,1,'8570','1','510197046252','1964-02-03',555),
    (2325,'Autumn','Juan','Roberts','2','7735976269',NULL,1,'1347','2','417542771849','1986-05-11',1192),
    (2326,'Arlene','Steven','Cronin','1','1719136812',NULL,1,'6418','1','373950513538','1940-08-07',473),
    (2327,'Charles','Monica','Behan','1','1514897232',NULL,1,'4609','2','586952439093','1969-02-12',552),
    (2328,'Adam','Frances','Gay','2','2702607546',NULL,1,'8406','2','107067554458','1959-05-21',340),
    (2329,'Joann','Kristi','Rankins','1','3901918775',NULL,1,'2423','1','378087158434','1970-08-07',3),
    (2330,'Grady','Floyd','Douglas','1','2453888866',NULL,1,'3477','1','723142823854','1948-07-28',266),
    (2331,'Gertrude','Daniel','Adams','2','6512440345',NULL,1,'8048','2','947741168926','1964-05-07',258),
    (2332,'Karen','Heidi','Griggs','2','7749358025',NULL,1,'1700','2','547450455914','1964-07-23',1257),
    (2333,'Matthew','Gregory','Lynd','2','8980169201',NULL,1,'5274','1','601213886867','1955-02-10',382),
    (2334,'Robert','Diane','Ebinger','2','3887116797',NULL,1,'6074','1','609628587698','1949-06-21',268),
    (2335,'Tiffany','Richard','Weech','1','2862375640',NULL,1,'3254','1','638240577884','1977-10-13',1279),
    (2336,'Erika','Elma','Freeders','2','3166435363',NULL,1,'6942','2','809540008888','1959-09-09',158),
    (2337,'Edward','Ronnie','Turner','2','9964463380',NULL,1,'6307','2','800163812187','1941-06-20',608),
    (2338,'Elizabeth','Donna','Mcelroy','2','8734944003',NULL,1,'1182','1','744383248029','1980-07-07',6),
    (2339,'Ronny','Virginia','Mcmakin','2','4666216774',NULL,1,'7551','2','324800094643','1996-06-12',61),
    (2340,'Carin','Jacqueline','Merhar','2','3921276631',NULL,1,'3557','1','622822210055','1989-05-28',252),
    (2341,'Alphonso','John','Warren','2','3701883147',NULL,1,'1715','1','370318530384','1966-03-01',1018),
    (2342,'Gerard','Teddy','Bomar','1','7359206175',NULL,1,'2979','1','144789406870','1954-06-16',72),
    (2343,'Celia','Pamela','Myers','2','6073136989',NULL,1,'5672','2','247381243304','1947-07-17',872),
    (2344,'Sheryl','Mildred','Elliot','1','7846636594',NULL,1,'9998','2','191629574427','1963-09-12',219),
    (2345,'Stephen','Paul','West','2','9062257822',NULL,1,'5512','1','886405804406','1972-02-08',55),
    (2346,'Brandi','Laura','Laseter','2','4947586743',NULL,1,'3273','1','758215895969','1978-05-07',938),
    (2347,'Brett','Kathryn','Ayaia','1','3065361943',NULL,1,'3747','1','120243834283','1975-11-09',244),
    (2348,'Floyd','Rodney','Wood','2','4307033425',NULL,1,'4417','2','283606271722','1995-04-16',176),
    (2349,'Nina','Jennifer','Ramos','2','1500890334',NULL,1,'7563','1','113155762541','1976-11-08',437),
    (2350,'Russell','Margie','Butler','1','6912678686',NULL,1,'4505','2','389926211166','1946-02-18',1126),
    (2351,'Mildred','James','Colbert','1','6609203182',NULL,1,'3989','2','793530006037','1950-01-04',1113),
    (2352,'Paul','Dean','Garrett','1','7174089427',NULL,1,'1222','1','391607901948','1969-12-01',474),
    (2353,'Leona','Gertrude','Cook','2','4252133608',NULL,1,'1194','2','528885854785','1994-03-17',165),
    (2354,'Jimmie','Christine','Holliday','2','4491409232',NULL,1,'9840','2','512512935345','1976-10-21',859),
    (2355,'Robert','Samuel','Younger','2','3295230225',NULL,1,'3117','2','796381362893','1940-08-08',1001),
    (2356,'Ethel','John','Cruz','2','3704544701',NULL,1,'7098','2','211685984366','1995-07-25',751),
    (2357,'Lee','Ellis','Mccoy','2','3848689138',NULL,1,'2486','1','421671933504','1949-02-24',908),
    (2358,'Maureen','Nicholas','Bowlin','2','1645907601',NULL,1,'1737','1','980110696069','1952-11-05',298),
    (2359,'Juana','Donna','Jester','2','5452505547',NULL,1,'6301','1','887932411813','1996-02-29',427),
    (2360,'Wanda','Barbara','Howard','1','2685600584',NULL,1,'2595','1','271182064412','1948-11-28',1211),
    (2361,'Ruben','Barbara','Giannavola','2','9106775547',NULL,1,'5456','2','805498861975','1973-11-13',512),
    (2362,'David','Bonnie','Jackson','1','7139936707',NULL,1,'2942','1','820681666267','1986-04-25',986),
    (2363,'Florence','Nora','Pastrano','1','8447686925',NULL,1,'7290','1','456085988230','1948-06-18',35),
    (2364,'Armando','Alma','Smith','1','1643191626',NULL,1,'4190','2','865749037543','1949-11-28',1066),
    (2365,'Walter','Benjamin','Wilusz','2','4003014161',NULL,1,'1874','2','403081006702','1989-10-02',999),
    (2366,'Mark','Kathryn','Sapp','1','2353913929',NULL,1,'8727','1','105674986858','1963-11-21',876),
    (2367,'Nicholas','Zachery','Anderson','1','3800262882',NULL,1,'9429','2','946512577206','1940-09-10',799),
    (2368,'Andrea','Jillian','Blight','2','7248674708',NULL,1,'2091','2','368832811842','1954-09-03',900),
    (2369,'Brandon','Michael','Gibson','1','9903723416',NULL,1,'4503','1','918979132878','1968-10-14',585),
    (2370,'Jerry','Victoria','Collins','2','8497240576',NULL,1,'2857','1','944954016409','1987-01-03',1204),
    (2371,'Jay','Robert','Caples','1','4622618717',NULL,1,'9375','1','808790965936','1959-04-20',128),
    (2372,'Ronald','Willie','Mader','1','1551910045',NULL,1,'3324','2','753206468051','1940-09-29',714),
    (2373,'Eloise','Maggie','Moroney','2','4972381332',NULL,1,'2550','2','433897523260','1995-09-16',913),
    (2374,'Paul','Miles','Roberts','1','6852922548',NULL,1,'2718','1','155389130630','1960-03-07',316),
    (2375,'Alene','Carol','Huey','1','8888343422',NULL,1,'6906','1','563233163973','1947-08-14',61),
    (2376,'Michael','Helen','Desrochers','1','2556870079',NULL,1,'5929','2','625355608206','1983-02-18',945),
    (2377,'Sharon','Regina','Bowie','1','1514748122',NULL,1,'9502','2','321275521020','1943-07-15',41),
    (2378,'Jared','Melinda','Neely','1','1465693023',NULL,1,'3464','1','236736650090','1988-09-04',661),
    (2379,'Darrin','Donald','Brown','2','9346956104',NULL,1,'6935','2','861878340705','1980-01-14',277),
    (2380,'Glenn','Elmer','Seller','2','1236776754',NULL,1,'5248','2','186616927576','1949-01-24',426),
    (2381,'Joann','Lloyd','Newman','1','8324988344',NULL,1,'1342','1','768681017703','1974-12-06',1271),
    (2382,'Bruce','Susan','Dechant','2','3926939713',NULL,1,'2018','2','252389515390','1983-12-02',1243),
    (2383,'Drew','Warren','Maxfield','1','1661746355',NULL,1,'5751','2','175442097864','1975-10-25',772),
    (2384,'Tim','Mai','Bryant','2','1929046940',NULL,1,'6915','1','666942157406','1994-07-16',1031),
    (2385,'Daniel','Cynthia','Willie','2','2061564112',NULL,1,'5104','1','281918505069','1968-07-15',947),
    (2386,'Frankie','Theresa','Rodriguez','2','9515109578',NULL,1,'6109','2','483876072878','1970-02-20',185),
    (2387,'Rachell','Alton','Aubin','2','5325408610',NULL,1,'9418','1','703979316972','1979-12-04',26),
    (2388,'Christopher','Jordan','Cruz','2','6543603165',NULL,1,'9522','1','257091112989','1947-08-29',356),
    (2389,'Jose','Kathy','Peter','1','5085521186',NULL,1,'5048','2','503849475099','1951-06-28',356),
    (2390,'Marianne','Monserrate','Sauer','2','6988234615',NULL,1,'4560','2','747014986418','1990-09-23',780),
    (2391,'Amber','Thomas','Minier','2','2445387744',NULL,1,'4616','1','130165277966','1962-10-24',814),
    (2392,'Ronald','John','Frank','1','9100944794',NULL,1,'1109','1','416599344158','1991-01-20',1052),
    (2393,'Andrea','Malik','Peak','1','4574450399',NULL,1,'8959','1','640709015429','1968-04-01',922),
    (2394,'Lucia','Corinna','Patrick','2','9452179010',NULL,1,'3491','2','694874490219','1978-12-22',305),
    (2395,'Michael','Gary','Roland','2','9778103668',NULL,1,'2879','2','869068939035','1987-05-20',603),
    (2396,'Amanda','Sandra','Johnson','1','3728394819',NULL,1,'4790','1','778399240529','1972-10-25',891),
    (2397,'Fred','Anita','Bienenstock','2','4071737810',NULL,1,'1548','2','248952269340','1972-05-08',370),
    (2398,'Herman','Paul','Scott','2','3935639628',NULL,1,'3586','2','816775452084','1965-01-15',415),
    (2399,'Arielle','Arthur','Parker','1','3583932779',NULL,1,'4494','1','679016261311','1979-08-10',858),
    (2400,'Corina','Judy','Shehan','2','7565716011',NULL,1,'1668','1','625525576154','1976-04-09',469),
    (2401,'Tameka','Ruth','Baskett','1','3253494786',NULL,1,'3314','1','344395873014','1976-01-26',1209),
    (2402,'Katherine','James','Hatch','1','5434647430',NULL,1,'9270','2','417181380771','1972-08-21',447),
    (2403,'Catherine','Linda','Mosier','1','5338571178',NULL,1,'4493','2','866541439280','1950-02-04',1212),
    (2404,'Bob','John','Walker','2','1072867546',NULL,1,'8620','2','367394024629','1945-08-15',451),
    (2405,'Justin','Rolando','Jewell','2','7301560927',NULL,1,'4461','2','563664343992','1942-05-02',1165),
    (2406,'Kathryn','Shoshana','Woodley','2','3833018221',NULL,1,'7229','1','679622708121','1949-05-07',231),
    (2407,'Donald','Kristina','Watson','2','9142055505',NULL,1,'2013','1','455117160470','1968-11-23',753),
    (2408,'Frederick','John','Hyde','1','7584374790',NULL,1,'8157','1','820109225981','1973-09-24',459),
    (2409,'Sandra','Tracy','Labo','1','8814442261',NULL,1,'3762','1','753877639224','1973-05-09',239),
    (2410,'Spencer','Greg','Bowen','1','3048048671',NULL,1,'5282','1','937538850264','1942-07-18',971),
    (2411,'Catherine','Bettye','Tookes','1','2113562993',NULL,1,'7278','1','698133455662','1988-01-10',603),
    (2412,'Tina','James','Peacock','2','5178388175',NULL,1,'6988','1','500125460146','1940-12-02',247),
    (2413,'Miguel','Gary','Crouse','1','2489575996',NULL,1,'8403','1','117108190180','1980-09-03',1197),
    (2414,'William','Robert','Perry','2','6761954263',NULL,1,'3234','2','220102421819','1948-05-26',1006),
    (2415,'Patrick','Carl','Morales','1','7136707015',NULL,1,'2884','2','440815699360','1949-09-12',694),
    (2416,'Ethel','Anette','Conroy','1','3564521579',NULL,1,'3491','1','236393994719','1972-04-17',1186),
    (2417,'Jonathan','Joan','Karp','1','8610957907',NULL,1,'3741','1','602233410167','1955-02-24',1225),
    (2418,'Sean','Louis','Hise','1','4162768321',NULL,1,'4066','1','445489066551','1972-11-20',920),
    (2419,'Mario','Lucy','Patterson','2','8974803169',NULL,1,'3663','1','939186640967','1982-09-06',534),
    (2420,'Maude','Tina','Gidney','2','4210039915',NULL,1,'4193','2','976763663127','1994-08-29',147),
    (2421,'Dustin','Daniel','Ellis','2','8988820174',NULL,1,'7506','1','604805219180','1943-10-22',1095),
    (2422,'Louis','Sharon','Conley','1','5962097245',NULL,1,'9758','1','770458005449','1995-04-04',472),
    (2423,'Charles','Becky','Layton','1','5541206016',NULL,1,'3523','2','799864171654','1983-10-11',1112),
    (2424,'Veronica','Marie','Braxton','2','5736529760',NULL,1,'9855','2','720591064346','1991-12-10',983),
    (2425,'Reba','John','Gonzalez','1','8831128656',NULL,1,'7623','2','189689227557','1981-05-22',157),
    (2426,'Jennifer','John','Hosking','2','6148685109',NULL,1,'9906','1','943925492312','1981-09-03',607),
    (2427,'Josephine','Jeffery','Klarich','1','6684615326',NULL,1,'2077','1','388840682045','1982-11-11',298),
    (2428,'Martha','Jacob','Landry','1','9349055238',NULL,1,'3295','2','350891847206','1995-07-09',328),
    (2429,'Craig','Craig','Scruggs','1','8468314888',NULL,1,'7091','1','432433834014','1991-05-29',987),
    (2430,'Norma','Angela','Fletcher','1','9196517175',NULL,1,'3435','1','136410516151','1958-10-21',50),
    (2431,'Kathryn','Dahlia','Harrington','1','3864766789',NULL,1,'9213','2','743110468504','1967-05-28',1220),
    (2432,'Linda','James','Watkins','2','3396578437',NULL,1,'1734','2','674199948551','1967-05-30',131),
    (2433,'Ona','Christopher','Cameron','1','4851463486',NULL,1,'3844','1','669756118700','1968-02-16',388),
    (2434,'Genevieve','David','Candland','2','7012928359',NULL,1,'5900','1','979861658310','1940-09-14',1069),
    (2435,'Virginia','Thaddeus','Gallegas','1','5828120516',NULL,1,'9896','2','279212806548','1942-03-06',1099),
    (2436,'John','Flor','Oliver','2','2887511248',NULL,1,'4403','2','927595568818','1952-09-02',425),
    (2437,'Michael','Bertie','Smith','1','1916625315',NULL,1,'5660','2','751229375119','1944-05-12',197),
    (2438,'April','Catherine','Boudreau','2','1064701669',NULL,1,'4716','1','732662891695','1993-07-01',1065),
    (2439,'David','Alfred','Hallberg','1','9536763705',NULL,1,'4729','2','559284344762','1967-12-29',221),
    (2440,'Phyllis','Lonny','Solt','1','9381300351',NULL,1,'2118','2','899666252356','1967-08-24',229),
    (2441,'Richard','Michelle','Higa','1','6614558648',NULL,1,'1412','1','608861976415','1959-03-06',978),
    (2442,'Richard','Ryan','Agro','1','9063116847',NULL,1,'9043','1','510161911346','1952-06-15',145),
    (2443,'David','Brian','Vaughn','2','2939344725',NULL,1,'2767','2','871725937402','1969-11-25',322),
    (2444,'Will','James','Bailey','1','4623863516',NULL,1,'4515','2','196833350744','1992-05-03',5),
    (2445,'Gay','Jeanette','Zimmerman','2','5625868787',NULL,1,'1700','2','728938550599','1975-07-24',793),
    (2446,'Mary','William','Johnson','1','8620777362',NULL,1,'3833','1','512458232382','1954-09-11',300),
    (2447,'James','Jimmy','Carhart','1','9594233840',NULL,1,'4599','2','244341161983','1995-08-23',987),
    (2448,'Mario','Vernon','Akers','2','6584024787',NULL,1,'4812','2','375257713162','1966-10-25',874),
    (2449,'Allen','Patricia','Grimsley','2','3487473838',NULL,1,'3562','1','220596225610','1986-12-31',54),
    (2450,'Christopher','Michael','Moyer','1','9611616128',NULL,1,'5050','2','790048095733','1995-11-12',1041),
    (2451,'Mary','Virginia','West','2','7004803333',NULL,1,'3581','1','551562401622','1958-03-08',1166),
    (2452,'Robin','Lincoln','Ballard','1','5075577892',NULL,1,'7027','2','956514968530','1966-02-07',501),
    (2453,'Kenneth','Marta','Alexander','2','4160664084',NULL,1,'3348','1','610118287745','1987-10-06',634),
    (2454,'Linda','Joseph','Smith','2','2824249116',NULL,1,'1259','2','170252954196','1961-09-25',522),
    (2455,'Shirley','Christopher','Mendez','1','9206162405',NULL,1,'7242','2','142674984407','1960-11-17',44),
    (2456,'Kristopher','Michael','Jefferson','2','7512973215',NULL,1,'4365','1','490328194541','1971-07-30',542),
    (2457,'Arthur','Kenneth','Day','1','7888464615',NULL,1,'8661','2','115608753055','1983-08-02',63),
    (2458,'Wendy','Jana','Williams','1','5475589025',NULL,1,'7350','2','782778112083','1949-09-11',634),
    (2459,'Scott','Jack','Thorpe','1','8494230129',NULL,1,'1399','1','163139890533','1973-04-18',445),
    (2460,'Sandra','Timothy','Schuler','1','6076096112',NULL,1,'8781','1','256544440689','1947-05-16',845),
    (2461,'Darrell','Barbara','Nakagawa','1','5925658018',NULL,1,'9011','2','293512138775','1951-08-14',707),
    (2462,'Marvin','Edgar','Mccurdy','2','7335833502',NULL,1,'1628','1','817900160857','1979-10-12',722),
    (2463,'Daniel','Scotty','Grande','1','1289228386',NULL,1,'1071','1','147062977861','1947-03-30',1189),
    (2464,'Lucille','Edna','Aiton','2','8477532779',NULL,1,'6977','2','696459366843','1971-02-22',931),
    (2465,'Sharon','Marc','Hamilton','2','9861183405',NULL,1,'2829','2','904367094955','1951-10-30',1249),
    (2466,'Troy','Sean','Mosholder','2','1179247950',NULL,1,'2121','2','577782608449','1973-01-10',933),
    (2467,'Larry','Linda','Balistrieri','1','6022402823',NULL,1,'5697','2','825177329518','1971-10-23',556),
    (2468,'Florence','Vicki','French','1','1815199429',NULL,1,'1730','1','480405988016','1990-10-15',315),
    (2469,'Yasmin','Mark','Schaeffer','2','7636544729',NULL,1,'7866','1','883613481400','1994-01-25',1204),
    (2470,'Josephine','Burl','Aguilar','2','7079024430',NULL,1,'5502','1','612781945942','1944-03-18',1125),
    (2471,'Vicki','Carlos','Weyandt','2','1097068766',NULL,1,'6516','2','323230877770','1981-02-03',522),
    (2472,'Donald','George','Huerta','1','4580703617',NULL,1,'9072','1','259395118009','1948-01-07',7),
    (2473,'Jeannette','Kevin','Russell','1','9772075612',NULL,1,'5543','1','964599531769','1989-10-04',793),
    (2474,'Terry','Carina','Kite','2','8782419955',NULL,1,'1163','1','278904737959','1955-06-04',322),
    (2475,'Cheryl','Bonita','Goon','1','8455101240',NULL,1,'8938','2','259278476489','1949-08-30',724),
    (2476,'Henry','Laverne','Jensen','2','1259277497',NULL,1,'9283','2','471323125352','1996-11-21',887),
    (2477,'Billy','Richard','Kirk','1','8890441415',NULL,1,'3987','2','251394722125','1977-01-07',28),
    (2478,'Jessica','Mitch','Bryant','1','6676951263',NULL,1,'4800','2','395545696099','1977-03-21',331),
    (2479,'Linda','Louise','Mottillo','2','8145361906',NULL,1,'4973','2','806715476121','1959-10-12',1152),
    (2480,'Marilyn','Chris','Tuttle','2','6231578253',NULL,1,'9031','2','705628351031','1989-05-07',1),
    (2481,'Cheryl','Brandon','Marriot','2','1724986628',NULL,1,'8454','1','277516826879','1968-06-05',828),
    (2482,'Gene','Debra','Mcghee','1','4038469035',NULL,1,'1952','1','141949528138','1971-06-15',402),
    (2483,'William','Shirley','Ambres','1','3329374895',NULL,1,'6795','2','385171734270','1945-11-03',44),
    (2484,'Grisel','Maria','Cahill','1','1412889459',NULL,1,'9141','2','565918657544','1947-08-19',36),
    (2485,'Alicia','Diane','Robinson','1','8495888444',NULL,1,'6106','2','547223804495','1966-03-10',831),
    (2486,'Amanda','Lucas','Lewis','2','2496175252',NULL,1,'1903','2','514956108618','1950-02-09',920),
    (2487,'Sheryl','James','Peoples','1','4954094762',NULL,1,'6862','1','559637246130','1973-03-06',940),
    (2488,'Gregory','Maribel','Saylors','1','6175799996',NULL,1,'6699','2','635184259535','1956-07-07',805),
    (2489,'Victor','Nathaniel','Derentis','1','7889443513',NULL,1,'9062','2','531893428857','1980-10-31',220),
    (2490,'Helen','Rhonda','Miller','1','4946715210',NULL,1,'1348','2','666736313834','1954-12-22',1294),
    (2491,'Gabriela','Suzette','Agrela','2','2032206831',NULL,1,'8094','2','948687227555','1948-03-09',1263),
    (2492,'Nathan','Doris','Christenberry','2','9441657568',NULL,1,'9137','2','243806777158','1944-02-23',468),
    (2493,'Richard','June','Webb','2','7974510791',NULL,1,'1567','2','874961984512','1986-05-27',589),
    (2494,'Robert','Kyle','Pella','2','3564123498',NULL,1,'8952','2','395666384698','1984-08-25',18),
    (2495,'Bobby','Ruth','Ramos','2','1781037810',NULL,1,'9997','1','164182884508','1974-04-26',607),
    (2496,'Justine','Ramon','Scott','2','3179382009',NULL,1,'9920','1','642207637475','1947-06-15',315),
    (2497,'Scott','Felix','Villanueva','2','9238841070',NULL,1,'5318','1','429513619229','1951-06-04',657),
    (2498,'Barbara','Oscar','Johnson','2','9194109980',NULL,1,'5177','2','529321973420','1969-04-27',806),
    (2499,'Elana','Bradley','Field','2','8999505737',NULL,1,'5786','2','952482135943','1951-02-16',588),
    (2500,'Concepcion','Sherwood','Hammond','1','6010843388',NULL,1,'3640','2','132777244300','1993-03-18',920),
    (2501,'Matt','Matthew','Jayne','1','3843329562',NULL,1,'4854','1','464914663621','1994-11-10',867),
    (2502,'William','Terry','Jones','2','3919807518',NULL,1,'9520','2','661354217135','1965-05-17',568),
    (2503,'David','Melissa','Villanvera','2','6587262015',NULL,1,'9778','1','853771126284','1955-01-21',496),
    (2504,'Julie','Alesia','Funkhouser','2','6525939814',NULL,1,'7460','1','189987517246','1969-04-01',67),
    (2505,'Maurice','Kimberly','Slivka','1','2340740180',NULL,1,'3632','1','461209269463','1957-02-14',1132),
    (2506,'Julia','Stacey','Merritt','2','8834575764',NULL,1,'7955','1','686032267514','1970-11-16',348),
    (2507,'Michael','Sara','Bowthorpe','2','1822038839',NULL,1,'8795','1','429314933411','1977-09-26',344),
    (2508,'Silvia','Marcia','Helbig','1','6005835684',NULL,1,'7500','1','880852373359','1946-08-05',1111),
    (2509,'Daniel','Amy','Eikleberry','2','7180233321',NULL,1,'2248','1','556514071140','1984-02-12',838),
    (2510,'Robert','John','Houston','1','1991964213',NULL,1,'1392','1','719134358693','1955-10-01',1223),
    (2511,'Colleen','Scott','James','1','8394044885',NULL,1,'4382','1','332445229533','1984-03-23',847),
    (2512,'Rick','Jeffery','Denard','1','7058550112',NULL,1,'1124','1','160148101480','1987-08-17',1114),
    (2513,'Lisa','Mike','Goff','2','4743071644',NULL,1,'2292','2','884532110507','1986-03-24',554),
    (2514,'Richard','Suzanna','Duchon','2','1457654975',NULL,1,'2523','1','129106712845','1982-05-22',212),
    (2515,'Rickie','Scott','Judd','1','8586624743',NULL,1,'6456','1','220432295952','1950-11-12',327),
    (2516,'Jane','Paul','Wagner','2','1540580340',NULL,1,'9542','1','702878687771','1993-07-28',311),
    (2517,'Kathy','Willie','Rogers','1','4132095952',NULL,1,'9900','2','170165469188','1977-09-24',1177),
    (2518,'Steve','May','Cressey','2','6534876538',NULL,1,'1465','1','691246846259','1973-07-08',932),
    (2519,'Cheryl','Kimberly','Amen','2','1762173884',NULL,1,'7446','2','770115411966','1992-11-30',920),
    (2520,'Gretta','Louise','Tallie','2','4280366789',NULL,1,'7509','1','299738894596','1978-02-27',520),
    (2521,'Jennifer','April','Cepero','1','3970133469',NULL,1,'5863','2','166047462882','1971-09-25',540),
    (2522,'Darren','Lawrence','Sessions','2','9135780263',NULL,1,'1052','1','700869921531','1988-01-07',59),
    (2523,'Gordon','Catherine','Evans','2','2480370502',NULL,1,'2992','1','241413758272','1965-02-13',788),
    (2524,'Linda','Josh','Brooks','1','2392227805',NULL,1,'7214','2','471689273147','1974-09-24',873),
    (2525,'William','William','Smith','1','7153881395',NULL,1,'4140','2','718350133814','1972-02-22',670),
    (2526,'Katie','Megan','Porraz','1','6082215190',NULL,1,'7994','1','619259515124','1973-03-07',609),
    (2527,'Clayton','Shirl','Allen','2','1761847789',NULL,1,'8492','1','309384077227','1984-11-18',1143),
    (2528,'Mason','Albert','Carrasco','2','8918632062',NULL,1,'5888','1','255544249153','1945-09-21',378),
    (2529,'Jessica','Sherry','Herrera','1','1622741152',NULL,1,'3228','1','298546904024','1981-01-17',966),
    (2530,'Thomas','Sergio','Lopez','2','7887171403',NULL,1,'8499','2','476043715934','1980-07-25',1022),
    (2531,'John','Dorothy','Walker','1','2171594194',NULL,1,'6834','1','633238277601','1976-10-09',22),
    (2532,'Willie','Jon','Mowery','2','1414471373',NULL,1,'5598','2','602143774250','1971-09-16',843),
    (2533,'Sandra','Dustin','Falk','2','1621698043',NULL,1,'7273','2','836859585219','1966-12-01',179),
    (2534,'Joel','Anna','Ellison','2','8466612719',NULL,1,'3061','2','779210602736','1975-12-22',1240),
    (2535,'Carlos','Howard','Hayes','1','6957712245',NULL,1,'2673','2','339654261610','1964-04-25',274),
    (2536,'Daphne','Deanna','Leach','2','4860938763',NULL,1,'2559','1','282563153862','1986-04-08',1157),
    (2537,'Maria','Wilbur','Martin','1','4081287484',NULL,1,'5883','2','431438043320','1953-07-13',596),
    (2538,'Judy','Mary','Corbin','2','1764365825',NULL,1,'4942','1','520179553372','1961-12-04',228),
    (2539,'Mark','Lillian','Burnett','2','7005918149',NULL,1,'2633','2','780864432995','1996-03-25',1110),
    (2540,'John','Patricia','Bratton','1','6604861059',NULL,1,'8295','2','213652736496','1973-02-27',398),
    (2541,'Nichole','Cathie','Miller','2','6833488382',NULL,1,'2751','1','622350954901','1963-04-29',308),
    (2542,'Kelly','Jason','Armenta','1','5700574989',NULL,1,'3967','1','392473146289','1977-03-21',906),
    (2543,'Jose','Brady','Foley','1','3750043074',NULL,1,'1416','1','123247138479','1997-02-09',566),
    (2544,'Brain','Leota','Goldstein','1','4212529844',NULL,1,'3925','2','227882343006','1970-04-25',112),
    (2545,'David','Marcus','Figueroa','2','1684092903',NULL,1,'8856','2','783869755528','1958-06-07',1029),
    (2546,'Margaret','Donna','Beltran','2','7419047083',NULL,1,'5817','1','292188065763','1955-04-18',822),
    (2547,'Melissa','Tina','Bautista','1','7551734695',NULL,1,'6639','1','166534394370','1942-09-06',920),
    (2548,'Mary','Patricia','Davis','1','7918019569',NULL,1,'8928','1','543619888480','1987-08-20',398),
    (2549,'Jesus','Sharon','Boyes','1','9645067025',NULL,1,'1652','1','110488660225','1968-03-21',90),
    (2550,'Cornell','Robert','Doran','2','4494861391',NULL,1,'8965','2','501270767552','1988-08-03',1267),
    (2551,'Arthur','Stanley','Pomeroy','2','9588546931',NULL,1,'3848','1','267408334474','1992-12-18',435),
    (2552,'Michael','Frances','Moreno','2','9809027332',NULL,1,'3131','2','664823022190','1988-10-25',444),
    (2553,'Roland','Janice','Ly','1','4019626543',NULL,1,'8349','1','460809205363','1976-05-31',50),
    (2554,'Esther','Lawrence','Lukasiewicz','1','5291210491',NULL,1,'2985','1','967432556319','1973-03-05',1202),
    (2555,'Michael','Adam','Costa','1','7519044996',NULL,1,'2443','1','677322287047','1946-10-16',143),
    (2556,'Candace','Jack','Crum','1','4660130591',NULL,1,'9268','2','403457024517','1985-04-12',1239),
    (2557,'Dave','Richard','Absher','1','8052064479',NULL,1,'5034','1','697874548808','1953-01-30',1234),
    (2558,'Robert','Marie','Mckendrick','2','6120597290',NULL,1,'7757','1','148098928650','1972-06-22',1258),
    (2559,'Maria','Marlon','Frerichs','2','5530207157',NULL,1,'6660','1','877123900084','1965-09-16',181),
    (2560,'Mary','Brain','Lara','1','1841159081',NULL,1,'9991','1','311145883016','1953-02-13',1019),
    (2561,'Roger','Brandi','Chambers','1','9951842794',NULL,1,'6736','2','272720786097','1983-12-01',748),
    (2562,'James','Woodrow','Guerra','2','6736858078',NULL,1,'1305','2','153413185818','1989-05-31',795),
    (2563,'Shelby','David','Andrews','2','3112351477',NULL,1,'9513','1','131998678854','1965-07-07',841),
    (2564,'Brian','Jason','Hays','2','2895998692',NULL,1,'6726','2','898076240067','1967-04-23',1194),
    (2565,'Jorge','Barbara','Smith','2','9491324424',NULL,1,'8539','2','911671084651','1984-12-22',575),
    (2566,'Marie','Robert','Todd','2','3275444865',NULL,1,'9016','2','964037148302','1960-06-01',607),
    (2567,'Marlene','Cyril','Crawford','2','8989868093',NULL,1,'1517','1','885066994582','1950-05-06',987),
    (2568,'Ralph','Richard','Reyes','1','4827300898',NULL,1,'4147','1','447407825810','1950-01-21',1279),
    (2569,'Herman','Brent','Garoutte','2','2474457104',NULL,1,'7135','2','832913297010','1991-03-19',1053),
    (2570,'Howard','Phyllis','Martell','2','3357606530',NULL,1,'6048','1','103962474656','1954-02-22',277),
    (2571,'Constance','Audrey','Schmidt','1','2523545266',NULL,1,'8131','1','446287496683','1949-05-22',531),
    (2572,'Jessica','Frederick','Wiley','1','5852403072',NULL,1,'6689','1','233944163325','1955-04-01',429),
    (2573,'Susan','Rick','Hastings','2','5969240849',NULL,1,'4049','1','240550011174','1945-12-04',422),
    (2574,'Ellis','Curtis','Gay','2','4913809046',NULL,1,'6779','2','993847279671','1944-06-15',378),
    (2575,'Monroe','Lorina','Saxton','2','3651539298',NULL,1,'6622','1','525589406073','1942-07-09',733),
    (2576,'Maria','Freeman','Weil','1','6555179598',NULL,1,'9031','2','183618122400','1972-12-11',439),
    (2577,'Peter','Donna','Miller','2','2085456332',NULL,1,'4273','1','868223871529','1993-01-22',1165),
    (2578,'Esmeralda','Clifton','Puga','1','4631802398',NULL,1,'9527','2','948843162997','1961-05-14',501),
    (2579,'Edward','Martina','Smith','2','5983872152',NULL,1,'8997','1','175084279576','1960-01-10',476),
    (2580,'Dillon','Gertrude','Martin','2','4773863855',NULL,1,'1313','1','725654957375','1967-04-20',1277),
    (2581,'Elizabeth','Nicholas','Pringle','1','8507236618',NULL,1,'8846','2','571632494631','1964-02-24',445),
    (2582,'Edgar','Gina','Vasquez','1','1765351456',NULL,1,'3728','1','803825665445','1986-08-24',290),
    (2583,'Jeffrey','Raymond','Araujo','1','2383944897',NULL,1,'1405','1','381169349181','1968-07-23',273),
    (2584,'Donald','Harry','Hopper','1','5258729294',NULL,1,'7362','2','990324288956','1971-06-21',303),
    (2585,'Leroy','Eusebio','Marsala','2','1142996753',NULL,1,'1448','2','634757779535','1942-02-22',179),
    (2586,'Latonya','Daniel','Marin','1','2671944812',NULL,1,'4419','2','123732633084','1987-07-13',1144),
    (2587,'Lewis','Rachel','Austin','1','4290756024',NULL,1,'3828','2','576935087974','1957-06-09',709),
    (2588,'Julie','Lindsey','Ruiz','2','5531286664',NULL,1,'3035','2','357176260964','1971-05-16',1056),
    (2589,'Carolyn','Jack','Miles','1','6453047169',NULL,1,'6407','1','877220065771','1973-03-26',419),
    (2590,'Leslie','Jean','Varner','1','4422976717',NULL,1,'1450','1','788671911634','1956-02-25',665),
    (2591,'Rita','Howard','Kiser','2','7624817371',NULL,1,'6040','1','447618955984','1947-03-14',1269),
    (2592,'Anita','Lucy','Clark','2','3176018048',NULL,1,'2099','2','176072130829','1961-10-22',356),
    (2593,'Ronald','Douglas','Boll','2','3878393854',NULL,1,'1438','2','364890006314','1944-02-15',404),
    (2594,'Zachary','Beverly','Alu','1','9624756486',NULL,1,'8670','1','109310661550','1949-03-16',321),
    (2595,'Anna','Alan','Clark','1','6024941839',NULL,1,'2881','2','275923878527','1947-09-03',789),
    (2596,'Bruce','Emily','Burkett','2','8492753386',NULL,1,'6634','1','965968562687','1968-09-07',1213),
    (2597,'Edward','Renate','Campbell','1','2773425286',NULL,1,'8292','2','957846562582','1945-05-29',937),
    (2598,'Sophia','Nettie','Andersen','2','6764030803',NULL,1,'7987','2','461905943271','1977-06-11',748),
    (2599,'Rochelle','Kenneth','Murray','2','9435576552',NULL,1,'3355','2','889438842488','1993-06-30',484),
    (2600,'Laura','Leonard','Reid','1','5354636420',NULL,1,'8089','1','159930912863','1977-12-23',574),
    (2601,'David','Samuel','Sanders','1','9788360950',NULL,1,'3694','2','357524995170','1950-02-13',147),
    (2602,'Penny','David','Caldwell','2','2911725898',NULL,1,'3236','1','114645319721','1973-10-15',692),
    (2603,'Shirley','Theresa','Rumph','2','2365508922',NULL,1,'6913','2','757493945077','1993-02-28',224),
    (2604,'Ronald','David','Kyle','2','2134838474',NULL,1,'6703','2','586634677809','1993-04-16',351),
    (2605,'Janice','Amy','Derosa','2','3543456309',NULL,1,'2242','1','174748966014','1966-03-30',300),
    (2606,'Brittany','Katherine','Massenburg','2','8015593633',NULL,1,'6860','2','575840709994','1990-07-23',652),
    (2607,'Kibera','Kibera','Kibera','1','0723132797',NULL,1,'3237','1','098762324','1990-04-01',393);
ALTER TABLE `voters` ENABLE KEYS;
UNLOCK TABLES;


LOCK TABLES `votes` WRITE;
ALTER TABLE `votes` DISABLE KEYS;
ALTER TABLE `votes` ENABLE KEYS;
UNLOCK TABLES;


LOCK TABLES `wards` WRITE;
ALTER TABLE `wards` DISABLE KEYS;
INSERT INTO `wards` (`created_on`, `changed_on`, `id`, `name`, `constituency_id`, `changed_by_fk`, `created_by_fk`) VALUES
    ('2015-03-15 00:24:27','2015-03-15 00:24:27',1,'ABAKAILE',39,1,1),
    ('2015-03-15 00:24:27','2015-03-15 00:24:27',2,'ABOGETA EAST',61,1,1),
    ('2015-03-15 00:24:27','2015-03-15 00:24:27',3,'ABOGETA WEST',61,1,1),
    ('2015-03-15 00:24:27','2015-03-15 00:24:27',4,'ABOTHUGUCHI CENTRAL',66,1,1),
    ('2015-03-15 00:24:27','2015-03-15 00:24:27',5,'ABOTHUGUCHI WEST',66,1,1),
    ('2015-03-15 00:24:27','2015-03-15 00:24:27',6,'ADAMASAJIDE',43,1,1),
    ('2015-03-15 00:24:27','2015-03-15 00:24:27',7,'ADU',25,1,1),
    ('2015-03-15 00:24:27','2015-03-15 00:24:27',8,'AGENG\'A NANGUBA',216,1,1),
    ('2015-03-15 00:24:27','2015-03-15 00:24:27',9,'AGUTHI-GAAKI',94,1,1),
    ('2015-03-15 00:24:27','2015-03-15 00:24:27',10,'AHERO',261,1,1),
    ('2015-03-15 00:24:27','2015-03-15 00:24:27',11,'AINABKOI/OLARE',134,1,1),
    ('2015-03-15 00:24:27','2015-03-15 00:24:27',12,'AINAMOI',188,1,1),
    ('2015-03-15 00:24:27','2015-03-15 00:24:27',13,'AIRBASE',1,1,1),
    ('2015-03-15 00:24:27','2015-03-15 00:24:27',14,'AIRPORT',290,1,1),
    ('2015-03-15 00:24:27','2015-03-15 00:24:27',15,'AKACHIU',63,1,1),
    ('2015-03-15 00:24:27','2015-03-15 00:24:27',16,'AKIRANG\'ONDU',64,1,1),
    ('2015-03-15 00:24:27','2015-03-15 00:24:27',17,'AKITHII',60,1,1),
    ('2015-03-15 00:24:27','2015-03-15 00:24:27',18,'ALALE',128,1,1),
    ('2015-03-15 00:24:27','2015-03-15 00:24:27',19,'ALANGO GOF',273,1,1),
    ('2015-03-15 00:24:27','2015-03-15 00:24:27',20,'AMALO',157,1,1),
    ('2015-03-15 00:24:27','2015-03-15 00:24:27',21,'AMUKURA CENTRAL',217,1,1),
    ('2015-03-15 00:24:27','2015-03-15 00:24:27',22,'AMUKURA EAST',217,1,1),
    ('2015-03-15 00:24:27','2015-03-15 00:24:27',23,'AMUKURA WEST',217,1,1),
    ('2015-03-15 00:24:27','2015-03-15 00:24:27',24,'AMWATHI',67,1,1),
    ('2015-03-15 00:24:27','2015-03-15 00:24:27',25,'ANG\'OROM',217,1,1),
    ('2015-03-15 00:24:27','2015-03-15 00:24:27',26,'ANG\'URAI EAST',214,1,1),
    ('2015-03-15 00:24:27','2015-03-15 00:24:27',27,'ANG\'URAI NORTH',214,1,1),
    ('2015-03-15 00:24:27','2015-03-15 00:24:27',28,'ANG\'URAI SOUTH',214,1,1),
    ('2015-03-15 00:24:27','2015-03-15 00:24:27',29,'ANGATA BARIKOI',169,1,1),
    ('2015-03-15 00:24:27','2015-03-15 00:24:27',30,'ANGATA NANYOKIE',131,1,1),
    ('2015-03-15 00:24:27','2015-03-15 00:24:27',31,'ANTUAMBUI',67,1,1),
    ('2015-03-15 00:24:27','2015-03-15 00:24:27',32,'ANTUBETWE KIONGO',67,1,1),
    ('2015-03-15 00:24:27','2015-03-15 00:24:27',33,'ARABIA',274,1,1),
    ('2015-03-15 00:24:27','2015-03-15 00:24:27',34,'ARBAJAHAN',43,1,1),
    ('2015-03-15 00:24:27','2015-03-15 00:24:27',35,'ARROR',130,1,1),
    ('2015-03-15 00:24:27','2015-03-15 00:24:27',36,'ASHABITO',50,1,1),
    ('2015-03-15 00:24:27','2015-03-15 00:24:27',37,'ATHI',78,1,1),
    ('2015-03-15 00:24:27','2015-03-15 00:24:27',38,'ATHI RIVER',86,1,1),
    ('2015-03-15 00:24:27','2015-03-15 00:24:27',39,'ATHIRU GAITI',63,1,1),
    ('2015-03-15 00:24:27','2015-03-15 00:24:27',40,'ATHIRU RUUJINE',64,1,1),
    ('2015-03-15 00:24:27','2015-03-15 00:24:27',41,'ATHWANA',60,1,1),
    ('2015-03-15 00:24:27','2015-03-15 00:24:27',42,'AWASI/ONJIKO',261,1,1),
    ('2015-03-15 00:24:27','2015-03-15 00:24:27',43,'BAAWA',131,1,1),
    ('2015-03-15 00:24:27','2015-03-15 00:24:27',44,'BABA DOGO',9,1,1),
    ('2015-03-15 00:24:27','2015-03-15 00:24:27',45,'BAHARI',31,1,1),
    ('2015-03-15 00:24:27','2015-03-15 00:24:27',46,'BAHATI',166,1,1),
    ('2015-03-15 00:24:27','2015-03-15 00:24:27',47,'BALAMBALA',37,1,1),
    ('2015-03-15 00:24:27','2015-03-15 00:24:27',48,'BAMBA',22,1,1),
    ('2015-03-15 00:24:27','2015-03-15 00:24:27',49,'BAMBURI',12,1,1),
    ('2015-03-15 00:24:27','2015-03-15 00:24:27',50,'BANGALE',29,1,1),
    ('2015-03-15 00:24:27','2015-03-15 00:24:27',51,'BANISSA',52,1,1),
    ('2015-03-15 00:24:27','2015-03-15 00:24:27',52,'BANJA',200,1,1),
    ('2015-03-15 00:24:27','2015-03-15 00:24:27',53,'BARAGWI',97,1,1),
    ('2015-03-15 00:24:27','2015-03-15 00:24:27',54,'BARAKI',42,1,1),
    ('2015-03-15 00:24:27','2015-03-15 00:24:27',55,'BARTABWA',150,1,1),
    ('2015-03-15 00:24:27','2015-03-15 00:24:27',56,'BARUT',163,1,1),
    ('2015-03-15 00:24:27','2015-03-15 00:24:27',57,'BARWAGO',48,1,1),
    ('2015-03-15 00:24:27','2015-03-15 00:24:27',58,'BARWESSA',150,1,1),
    ('2015-03-15 00:24:27','2015-03-15 00:24:27',59,'BASI BOGETAORIO',245,1,1),
    ('2015-03-15 00:24:27','2015-03-15 00:24:27',60,'BASI CENTRAL',245,1,1),
    ('2015-03-15 00:24:27','2015-03-15 00:24:27',61,'BASUBA',32,1,1),
    ('2015-03-15 00:24:27','2015-03-15 00:24:27',62,'BATALU',44,1,1),
    ('2015-03-15 00:24:27','2015-03-15 00:24:27',63,'BATEI',129,1,1),
    ('2015-03-15 00:24:27','2015-03-15 00:24:27',64,'BENANE',42,1,1),
    ('2015-03-15 00:24:27','2015-03-15 00:24:27',65,'BIASHARA',118,1,1),
    ('2015-03-15 00:24:27','2015-03-15 00:24:27',66,'BIBIRIONI',114,1,1),
    ('2015-03-15 00:24:27','2015-03-15 00:24:27',67,'BIDII',268,1,1),
    ('2015-03-15 00:24:27','2015-03-15 00:24:27',68,'BIRONGO',241,1,1),
    ('2015-03-15 00:24:27','2015-03-15 00:24:27',69,'BOBARACHO',241,1,1),
    ('2015-03-15 00:24:27','2015-03-15 00:24:27',70,'BOBASI BOITANGARE',245,1,1),
    ('2015-03-15 00:24:27','2015-03-15 00:24:27',71,'BOBASI CHACHE',245,1,1),
    ('2015-03-15 00:24:27','2015-03-15 00:24:27',72,'BOFU',16,1,1),
    ('2015-03-15 00:24:27','2015-03-15 00:24:27',73,'BOGEKA',248,1,1),
    ('2015-03-15 00:24:27','2015-03-15 00:24:27',74,'BOGETENGA',249,1,1),
    ('2015-03-15 00:24:27','2015-03-15 00:24:27',75,'BOGIAKUMU',247,1,1),
    ('2015-03-15 00:24:27','2015-03-15 00:24:27',76,'BOGICHORA',256,1,1),
    ('2015-03-15 00:24:27','2015-03-15 00:24:27',77,'BOGUSERO',248,1,1),
    ('2015-03-15 00:24:27','2015-03-15 00:24:27',78,'BOIKANG\'A',249,1,1),
    ('2015-03-15 00:24:27','2015-03-15 00:24:27',79,'BOITO',189,1,1),
    ('2015-03-15 00:24:27','2015-03-15 00:24:27',80,'BOKEIRA',255,1,1),
    ('2015-03-15 00:24:27','2015-03-15 00:24:27',81,'BOKIMONGE',246,1,1),
    ('2015-03-15 00:24:27','2015-03-15 00:24:27',82,'BOKOLI',291,1,1),
    ('2015-03-15 00:24:27','2015-03-15 00:24:27',83,'BOMANI',36,1,1),
    ('2015-03-15 00:24:27','2015-03-15 00:24:27',84,'BOMARIBA',247,1,1),
    ('2015-03-15 00:24:27','2015-03-15 00:24:27',85,'BOMBABA BORABU',246,1,1),
    ('2015-03-15 00:24:27','2015-03-15 00:24:27',86,'BOMORENDA',247,1,1),
    ('2015-03-15 00:24:27','2015-03-15 00:24:27',87,'BOMWAGAMO',255,1,1),
    ('2015-03-15 00:24:27','2015-03-15 00:24:27',88,'BONYAMATUTA',256,1,1),
    ('2015-03-15 00:24:27','2015-03-15 00:24:27',89,'BOOCHI BORABU',246,1,1),
    ('2015-03-15 00:24:27','2015-03-15 00:24:27',90,'BOOCHI/TENDERE',244,1,1),
    ('2015-03-15 00:24:27','2015-03-15 00:24:27',91,'BORABU / CHITAGO',249,1,1),
    ('2015-03-15 00:24:27','2015-03-15 00:24:27',92,'BOSAMARO',256,1,1),
    ('2015-03-15 00:24:27','2015-03-15 00:24:27',93,'BOSOTI/SENGERA',244,1,1),
    ('2015-03-15 00:24:27','2015-03-15 00:24:27',94,'BUKEMBE EAST',205,1,1),
    ('2015-03-15 00:24:27','2015-03-15 00:24:27',95,'BUKEMBE WEST',205,1,1),
    ('2015-03-15 00:24:27','2015-03-15 00:24:27',96,'BUKHAYO CENTRAL',219,1,1),
    ('2015-03-15 00:24:27','2015-03-15 00:24:27',97,'BUKHAYO EAST',219,1,1),
    ('2015-03-15 00:24:27','2015-03-15 00:24:27',98,'BUKHAYO NORTH/WALTSI',219,1,1),
    ('2015-03-15 00:24:27','2015-03-15 00:24:27',99,'BUKHAYO WEST',218,1,1),
    ('2015-03-15 00:24:27','2015-03-15 00:24:27',100,'BUKIRA CENTRL/IKEREGE',238,1,1),
    ('2015-03-15 00:24:27','2015-03-15 00:24:27',101,'BUKIRA EAST',238,1,1),
    ('2015-03-15 00:24:27','2015-03-15 00:24:27',102,'BULLA MPYA',274,1,1),
    ('2015-03-15 00:24:27','2015-03-15 00:24:27',103,'BULLA PESA',57,1,1),
    ('2015-03-15 00:24:27','2015-03-15 00:24:27',104,'BUMULA',209,1,1),
    ('2015-03-15 00:24:27','2015-03-15 00:24:27',105,'BUNYALA CENTRAL',220,1,1),
    ('2015-03-15 00:24:27','2015-03-15 00:24:27',106,'BUNYALA EAST',198,1,1),
    ('2015-03-15 00:24:27','2015-03-15 00:24:27',107,'BUNYALA NORTH',220,1,1),
    ('2015-03-15 00:24:27','2015-03-15 00:24:27',108,'BUNYALA SOUTH',220,1,1),
    ('2015-03-15 00:24:27','2015-03-15 00:24:27',109,'BUNYALA WEST',220,1,1),
    ('2015-03-15 00:24:27','2015-03-15 00:24:27',110,'BURA',41,1,1),
    ('2015-03-15 00:24:27','2015-03-15 00:24:27',111,'BURAT',57,1,1),
    ('2015-03-15 00:24:27','2015-03-15 00:24:27',112,'BURDER',45,1,1),
    ('2015-03-15 00:24:27','2015-03-15 00:24:27',113,'BURUMBA',218,1,1),
    ('2015-03-15 00:24:27','2015-03-15 00:24:27',114,'BUSALI',201,1,1),
    ('2015-03-15 00:24:27','2015-03-15 00:24:27',115,'BUSIBWABO',218,1,1),
    ('2015-03-15 00:24:27','2015-03-15 00:24:27',116,'BUTALI/CHEGULO',194,1,1),
    ('2015-03-15 00:24:27','2015-03-15 00:24:27',117,'BUTE',44,1,1),
    ('2015-03-15 00:24:27','2015-03-15 00:24:27',118,'BUTIYE',54,1,1),
    ('2015-03-15 00:24:27','2015-03-15 00:24:27',119,'BUTSOTSO CENTRAL',196,1,1),
    ('2015-03-15 00:24:27','2015-03-15 00:24:27',120,'BUTSOTSO EAST',196,1,1),
    ('2015-03-15 00:24:27','2015-03-15 00:24:27',121,'BUTSOTSO SOUTH',196,1,1),
    ('2015-03-15 00:24:27','2015-03-15 00:24:27',122,'BWAKE/LUUYA',212,1,1),
    ('2015-03-15 00:24:27','2015-03-15 00:24:27',123,'BWIRI',216,1,1),
    ('2015-03-15 00:24:27','2015-03-15 00:24:27',124,'CALIFORNIA',1,1,1),
    ('2015-03-15 00:24:27','2015-03-15 00:24:27',125,'CENTRAL',230,1,1),
    ('2015-03-15 00:24:27','2015-03-15 00:24:27',126,'CENTRAL  WARD',71,1,1),
    ('2015-03-15 00:24:27','2015-03-15 00:24:27',127,'CENTRAL ALEGO',226,1,1),
    ('2015-03-15 00:24:27','2015-03-15 00:24:27',128,'CENTRAL BUNYORE',204,1,1),
    ('2015-03-15 00:24:27','2015-03-15 00:24:27',129,'CENTRAL GEM',225,1,1),
    ('2015-03-15 00:24:27','2015-03-15 00:24:27',130,'CENTRAL KAMAGAMBO',240,1,1),
    ('2015-03-15 00:24:27','2015-03-15 00:24:27',131,'CENTRAL KANYAMKAGO',239,1,1),
    ('2015-03-15 00:24:27','2015-03-15 00:24:27',132,'CENTRAL KASIPUL',228,1,1),
    ('2015-03-15 00:24:27','2015-03-15 00:24:27',133,'CENTRAL KISUMU',262,1,1),
    ('2015-03-15 00:24:27','2015-03-15 00:24:27',134,'CENTRAL MARAGOLI',203,1,1),
    ('2015-03-15 00:24:27','2015-03-15 00:24:27',135,'CENTRAL NYAKACH',259,1,1),
    ('2015-03-15 00:24:27','2015-03-15 00:24:27',136,'CENTRAL SAKWA',237,1,1),
    ('2015-03-15 00:24:27','2015-03-15 00:24:27',137,'CENTRAL SEME',260,1,1),
    ('2015-03-15 00:24:27','2015-03-15 00:24:27',138,'CHAANI',290,1,1),
    ('2015-03-15 00:24:27','2015-03-15 00:24:27',139,'CHAIK',184,1,1),
    ('2015-03-15 00:24:27','2015-03-15 00:24:27',140,'CHAKOL NORTH',217,1,1),
    ('2015-03-15 00:24:27','2015-03-15 00:24:27',141,'CHAKOL SOUTH',217,1,1),
    ('2015-03-15 00:24:27','2015-03-15 00:24:27',142,'CHALA',36,1,1),
    ('2015-03-15 00:24:27','2015-03-15 00:24:27',143,'CHANGAMWE',290,1,1),
    ('2015-03-15 00:24:27','2015-03-15 00:24:27',144,'CHANIA',107,1,1),
    ('2015-03-15 00:24:27','2015-03-15 00:24:27',145,'CHARAGITA',284,1,1),
    ('2015-03-15 00:24:27','2015-03-15 00:24:27',146,'CHARI',57,1,1),
    ('2015-03-15 00:24:27','2015-03-15 00:24:27',147,'CHASIMBA',24,1,1),
    ('2015-03-15 00:24:27','2015-03-15 00:24:27',148,'CHAVAKALI',201,1,1),
    ('2015-03-15 00:24:27','2015-03-15 00:24:27',149,'CHAWIA',35,1,1),
    ('2015-03-15 00:24:27','2015-03-15 00:24:27',150,'CHEBOIN',250,1,1),
    ('2015-03-15 00:24:27','2015-03-15 00:24:27',151,'CHEBUNYO',251,1,1),
    ('2015-03-15 00:24:27','2015-03-15 00:24:27',152,'CHEKALINI',266,1,1),
    ('2015-03-15 00:24:27','2015-03-15 00:24:27',153,'CHEMAGEL',253,1,1),
    ('2015-03-15 00:24:27','2015-03-15 00:24:27',154,'CHEMANER',252,1,1),
    ('2015-03-15 00:24:27','2015-03-15 00:24:27',155,'CHEMELIL',264,1,1),
    ('2015-03-15 00:24:27','2015-03-15 00:24:27',156,'CHEMELIL/CHEMASE',146,1,1),
    ('2015-03-15 00:24:27','2015-03-15 00:24:27',157,'CHEMOSOT',250,1,1),
    ('2015-03-15 00:24:27','2015-03-15 00:24:27',158,'CHEMUCHE',194,1,1),
    ('2015-03-15 00:24:27','2015-03-15 00:24:27',159,'CHEMUNDU/KAPNG\'ETUNY',148,1,1),
    ('2015-03-15 00:24:27','2015-03-15 00:24:27',160,'CHENGONI/SAMBURU',17,1,1),
    ('2015-03-15 00:24:27','2015-03-15 00:24:27',161,'CHEPARERIA',129,1,1),
    ('2015-03-15 00:24:27','2015-03-15 00:24:27',162,'CHEPCHABAS',189,1,1),
    ('2015-03-15 00:24:27','2015-03-15 00:24:27',163,'CHEPCHOINA',267,1,1),
    ('2015-03-15 00:24:27','2015-03-15 00:24:27',164,'CHEPKORIO',142,1,1),
    ('2015-03-15 00:24:27','2015-03-15 00:24:27',165,'CHEPKUMIA',145,1,1),
    ('2015-03-15 00:24:27','2015-03-15 00:24:27',166,'CHEPKUNYUK',144,1,1),
    ('2015-03-15 00:24:27','2015-03-15 00:24:27',167,'CHEPLANGET',250,1,1),
    ('2015-03-15 00:24:27','2015-03-15 00:24:27',168,'CHEPSEON',187,1,1),
    ('2015-03-15 00:24:27','2015-03-15 00:24:27',169,'CHEPSIRO/KIPTOROR',270,1,1),
    ('2015-03-15 00:24:27','2015-03-15 00:24:27',170,'CHEPTAIS',206,1,1),
    ('2015-03-15 00:24:27','2015-03-15 00:24:27',171,'CHEPTERWAI',143,1,1),
    ('2015-03-15 00:24:27','2015-03-15 00:24:27',172,'CHEPTIRET/KIPCHAMO',138,1,1),
    ('2015-03-15 00:24:27','2015-03-15 00:24:27',173,'CHEPTORORIET/SERETUT',184,1,1),
    ('2015-03-15 00:24:27','2015-03-15 00:24:27',174,'CHEPYUK',206,1,1),
    ('2015-03-15 00:24:27','2015-03-15 00:24:27',175,'CHERAB',57,1,1),
    ('2015-03-15 00:24:27','2015-03-15 00:24:27',176,'CHERANG\'ANY/CHEBORORWA',130,1,1),
    ('2015-03-15 00:24:27','2015-03-15 00:24:27',177,'CHERANGANY/SUWERWA',270,1,1),
    ('2015-03-15 00:24:27','2015-03-15 00:24:27',178,'CHESIKAKI',206,1,1),
    ('2015-03-15 00:24:27','2015-03-15 00:24:27',179,'CHESOEN',254,1,1),
    ('2015-03-15 00:24:27','2015-03-15 00:24:27',180,'CHEVAYWA',266,1,1),
    ('2015-03-15 00:24:27','2015-03-15 00:24:27',181,'CHEWANI',28,1,1),
    ('2015-03-15 00:24:27','2015-03-15 00:24:27',182,'CHEWELE',29,1,1),
    ('2015-03-15 00:24:27','2015-03-15 00:24:27',183,'CHIAKARIGA',69,1,1),
    ('2015-03-15 00:24:27','2015-03-15 00:24:27',184,'CHILCHILA',185,1,1),
    ('2015-03-15 00:24:27','2015-03-15 00:24:27',185,'CHINGA',93,1,1),
    ('2015-03-15 00:24:27','2015-03-15 00:24:27',186,'CHOGORIA',68,1,1),
    ('2015-03-15 00:24:27','2015-03-15 00:24:27',187,'CHULUNI',75,1,1),
    ('2015-03-15 00:24:27','2015-03-15 00:24:27',188,'CHURO/AMAYA',154,1,1),
    ('2015-03-15 00:24:27','2015-03-15 00:24:27',189,'CIANDA',109,1,1),
    ('2015-03-15 00:24:27','2015-03-15 00:24:27',190,'CLAY CITY',8,1,1),
    ('2015-03-15 00:24:27','2015-03-15 00:24:27',191,'DABASO',23,1,1),
    ('2015-03-15 00:24:27','2015-03-15 00:24:27',192,'DADAAB',39,1,1),
    ('2015-03-15 00:24:27','2015-03-15 00:24:27',193,'DADAJA BULLA',45,1,1),
    ('2015-03-15 00:24:27','2015-03-15 00:24:27',194,'DALALEKUTUK',173,1,1),
    ('2015-03-15 00:24:27','2015-03-15 00:24:27',195,'DAMAJALE',39,1,1),
    ('2015-03-15 00:24:27','2015-03-15 00:24:27',196,'DANABA',44,1,1),
    ('2015-03-15 00:24:27','2015-03-15 00:24:27',197,'DANDORA AREA I',277,1,1),
    ('2015-03-15 00:24:27','2015-03-15 00:24:27',198,'DANDORA AREA II',277,1,1),
    ('2015-03-15 00:24:27','2015-03-15 00:24:27',199,'DANDORA AREA III',277,1,1),
    ('2015-03-15 00:24:27','2015-03-15 00:24:27',200,'DANDORA AREA IV',277,1,1),
    ('2015-03-15 00:24:27','2015-03-15 00:24:27',201,'DANDU',51,1,1),
    ('2015-03-15 00:24:27','2015-03-15 00:24:27',202,'DANYERE',37,1,1),
    ('2015-03-15 00:24:27','2015-03-15 00:24:27',203,'DEDAN KIMANTHI',94,1,1),
    ('2015-03-15 00:24:27','2015-03-15 00:24:27',204,'DEKAHARIA',41,1,1),
    ('2015-03-15 00:24:27','2015-03-15 00:24:27',205,'DELLA',47,1,1),
    ('2015-03-15 00:24:27','2015-03-15 00:24:27',206,'DERKHALE',52,1,1),
    ('2015-03-15 00:24:27','2015-03-15 00:24:27',207,'DERTU',39,1,1),
    ('2015-03-15 00:24:27','2015-03-15 00:24:27',208,'DIIF',45,1,1),
    ('2015-03-15 00:24:27','2015-03-15 00:24:27',209,'DUKANA',53,1,1),
    ('2015-03-15 00:24:27','2015-03-15 00:24:27',210,'DUNDORI',166,1,1),
    ('2015-03-15 00:24:27','2015-03-15 00:24:27',211,'DZOMBO',19,1,1),
    ('2015-03-15 00:24:27','2015-03-15 00:24:27',212,'EAST ASEMBO',222,1,1),
    ('2015-03-15 00:24:27','2015-03-15 00:24:27',213,'EAST GEM',227,1,1),
    ('2015-03-15 00:24:27','2015-03-15 00:24:27',214,'EAST KABRAS',194,1,1),
    ('2015-03-15 00:24:27','2015-03-15 00:24:27',215,'EAST KAMAGAK',228,1,1),
    ('2015-03-15 00:24:27','2015-03-15 00:24:27',216,'EAST KAMAGAMBO',240,1,1),
    ('2015-03-15 00:24:27','2015-03-15 00:24:27',217,'EAST KANO/WAWIDHI',261,1,1),
    ('2015-03-15 00:24:27','2015-03-15 00:24:27',218,'EAST KANYAMKAGO',239,1,1),
    ('2015-03-15 00:24:27','2015-03-15 00:24:27',219,'EAST SANG\'ALO',205,1,1),
    ('2015-03-15 00:24:27','2015-03-15 00:24:27',220,'EAST SEME',260,1,1),
    ('2015-03-15 00:24:27','2015-03-15 00:24:27',221,'EAST UGENYA',221,1,1),
    ('2015-03-15 00:24:27','2015-03-15 00:24:27',222,'EAST WANGA',199,1,1),
    ('2015-03-15 00:24:27','2015-03-15 00:24:27',223,'EASTLEIGH NORTH',1,1,1),
    ('2015-03-15 00:24:27','2015-03-15 00:24:27',224,'EASTLEIGH SOUTH',1,1,1),
    ('2015-03-15 00:24:27','2015-03-15 00:24:27',225,'EKALAKALA',84,1,1),
    ('2015-03-15 00:24:27','2015-03-15 00:24:27',226,'EKERENYO',255,1,1),
    ('2015-03-15 00:24:27','2015-03-15 00:24:27',227,'EL-BARTA',131,1,1),
    ('2015-03-15 00:24:27','2015-03-15 00:24:27',228,'ELBEN',46,1,1),
    ('2015-03-15 00:24:27','2015-03-15 00:24:27',229,'ELBURGON',165,1,1),
    ('2015-03-15 00:24:27','2015-03-15 00:24:27',230,'ELDAS',47,1,1),
    ('2015-03-15 00:24:27','2015-03-15 00:24:27',231,'ELEMENTAITA',162,1,1),
    ('2015-03-15 00:24:27','2015-03-15 00:24:27',232,'ELGON',206,1,1),
    ('2015-03-15 00:24:27','2015-03-15 00:24:27',233,'ELNUR/TULA TULA',47,1,1),
    ('2015-03-15 00:24:27','2015-03-15 00:24:27',234,'ELUGULU',215,1,1),
    ('2015-03-15 00:24:27','2015-03-15 00:24:27',235,'ELWAK NORTH',49,1,1),
    ('2015-03-15 00:24:27','2015-03-15 00:24:27',236,'ELWAK SOUTH',49,1,1),
    ('2015-03-15 00:24:27','2015-03-15 00:24:27',237,'EMABUNGO',202,1,1),
    ('2015-03-15 00:24:27','2015-03-15 00:24:27',238,'EMALI/MULALA',178,1,1),
    ('2015-03-15 00:24:27','2015-03-15 00:24:27',239,'EMBAKASI',276,1,1),
    ('2015-03-15 00:24:27','2015-03-15 00:24:27',240,'EMBOBUT / EMBULOT',140,1,1),
    ('2015-03-15 00:24:27','2015-03-15 00:24:27',241,'EMBOMOS',189,1,1),
    ('2015-03-15 00:24:27','2015-03-15 00:24:27',242,'EMINING',151,1,1),
    ('2015-03-15 00:24:27','2015-03-15 00:24:27',243,'EMSOO',141,1,1),
    ('2015-03-15 00:24:27','2015-03-15 00:24:27',244,'ENDAU/MALALANI',75,1,1),
    ('2015-03-15 00:24:27','2015-03-15 00:24:27',245,'ENDEBESS',267,1,1),
    ('2015-03-15 00:24:27','2015-03-15 00:24:27',246,'ENDO',140,1,1),
    ('2015-03-15 00:24:27','2015-03-15 00:24:27',247,'ENDUGH',126,1,1),
    ('2015-03-15 00:24:27','2015-03-15 00:24:27',248,'ENGINEER',89,1,1),
    ('2015-03-15 00:24:27','2015-03-15 00:24:27',249,'ENTONET/LENKISIM',176,1,1),
    ('2015-03-15 00:24:27','2015-03-15 00:24:27',250,'ESISE',258,1,1),
    ('2015-03-15 00:24:27','2015-03-15 00:24:27',251,'ETENJE',197,1,1),
    ('2015-03-15 00:24:27','2015-03-15 00:24:27',252,'EVURORE',72,1,1),
    ('2015-03-15 00:24:27','2015-03-15 00:24:27',253,'EWALEL/CHAPCHAP',149,1,1),
    ('2015-03-15 00:24:27','2015-03-15 00:24:27',254,'EWUASO OoNKIDONG\'I',174,1,1),
    ('2015-03-15 00:24:27','2015-03-15 00:24:27',255,'FAFI',41,1,1),
    ('2015-03-15 00:24:27','2015-03-15 00:24:27',256,'FAZA',32,1,1),
    ('2015-03-15 00:24:27','2015-03-15 00:24:27',257,'FINO',273,1,1),
    ('2015-03-15 00:24:27','2015-03-15 00:24:27',258,'FLAMINGO',159,1,1),
    ('2015-03-15 00:24:27','2015-03-15 00:24:27',259,'FRERE TOWN',15,1,1),
    ('2015-03-15 00:24:27','2015-03-15 00:24:27',260,'GACHUBA',257,1,1),
    ('2015-03-15 00:24:27','2015-03-15 00:24:27',261,'GAICHANJIRU',102,1,1),
    ('2015-03-15 00:24:27','2015-03-15 00:24:27',262,'GAKAWA',91,1,1),
    ('2015-03-15 00:24:27','2015-03-15 00:24:27',263,'GALBET',40,1,1),
    ('2015-03-15 00:24:27','2015-03-15 00:24:27',264,'GANDA',27,1,1),
    ('2015-03-15 00:24:27','2015-03-15 00:24:27',265,'GANGA',68,1,1),
    ('2015-03-15 00:24:27','2015-03-15 00:24:27',266,'GANYURE/WAGALLA',43,1,1),
    ('2015-03-15 00:24:27','2015-03-15 00:24:27',267,'GANZE',22,1,1),
    ('2015-03-15 00:24:27','2015-03-15 00:24:27',268,'GARASHI',25,1,1),
    ('2015-03-15 00:24:27','2015-03-15 00:24:27',269,'GARBATULLA',58,1,1),
    ('2015-03-15 00:24:27','2015-03-15 00:24:27',270,'GARSEN CENTRAL',30,1,1),
    ('2015-03-15 00:24:27','2015-03-15 00:24:27',271,'GARSEN NORTH',30,1,1),
    ('2015-03-15 00:24:27','2015-03-15 00:24:27',272,'GARSEN SOUTH',30,1,1),
    ('2015-03-15 00:24:27','2015-03-15 00:24:27',273,'GARSEN WEST',30,1,1),
    ('2015-03-15 00:24:27','2015-03-15 00:24:27',274,'GATANGA',112,1,1),
    ('2015-03-15 00:24:27','2015-03-15 00:24:27',275,'GATARAKWA',91,1,1),
    ('2015-03-15 00:24:27','2015-03-15 00:24:27',276,'GATHANJI',284,1,1),
    ('2015-03-15 00:24:27','2015-03-15 00:24:27',277,'GATHARA',89,1,1),
    ('2015-03-15 00:24:27','2015-03-15 00:24:27',278,'GATHIGIRIRI',100,1,1),
    ('2015-03-15 00:24:27','2015-03-15 00:24:27',279,'GATIMU',284,1,1),
    ('2015-03-15 00:24:27','2015-03-15 00:24:27',280,'GATINA',3,1,1),
    ('2015-03-15 00:24:27','2015-03-15 00:24:27',281,'GATITU/MURUGURU',96,1,1),
    ('2015-03-15 00:24:27','2015-03-15 00:24:27',282,'GATONGORA',118,1,1),
    ('2015-03-15 00:24:27','2015-03-15 00:24:27',283,'GATUANYAGA',111,1,1),
    ('2015-03-15 00:24:27','2015-03-15 00:24:27',284,'GATUNGA',69,1,1),
    ('2015-03-15 00:24:27','2015-03-15 00:24:27',285,'GATURI',106,1,1),
    ('2015-03-15 00:24:27','2015-03-15 00:24:27',286,'GATURI NORTH',71,1,1),
    ('2015-03-15 00:24:27','2015-03-15 00:24:27',287,'GATURI SOUTH',73,1,1),
    ('2015-03-15 00:24:27','2015-03-15 00:24:27',288,'GEMBE',232,1,1),
    ('2015-03-15 00:24:27','2015-03-15 00:24:27',289,'GESIMA',257,1,1),
    ('2015-03-15 00:24:27','2015-03-15 00:24:27',290,'GESUSU',243,1,1),
    ('2015-03-15 00:24:27','2015-03-15 00:24:27',291,'GETA',88,1,1),
    ('2015-03-15 00:24:27','2015-03-15 00:24:27',292,'GETENGA',249,1,1),
    ('2015-03-15 00:24:27','2015-03-15 00:24:27',293,'GIKONDI',95,1,1),
    ('2015-03-15 00:24:27','2015-03-15 00:24:27',294,'GILGIL',162,1,1),
    ('2015-03-15 00:24:27','2015-03-15 00:24:27',295,'GISAMBAI',200,1,1),
    ('2015-03-15 00:24:27','2015-03-15 00:24:27',296,'GITARU',108,1,1),
    ('2015-03-15 00:24:27','2015-03-15 00:24:27',297,'GITHABAI',89,1,1),
    ('2015-03-15 00:24:27','2015-03-15 00:24:27',298,'GITHER',51,1,1),
    ('2015-03-15 00:24:27','2015-03-15 00:24:27',299,'GITHIGA',110,1,1),
    ('2015-03-15 00:24:27','2015-03-15 00:24:27',300,'GITHIORO',88,1,1),
    ('2015-03-15 00:24:27','2015-03-15 00:24:27',301,'GITHOBOKONI',107,1,1),
    ('2015-03-15 00:24:27','2015-03-15 00:24:27',302,'GITHUNGURI',110,1,1),
    ('2015-03-15 00:24:27','2015-03-15 00:24:27',303,'GITHURAI',4,1,1),
    ('2015-03-15 00:24:27','2015-03-15 00:24:27',304,'GITOTHUA',118,1,1),
    ('2015-03-15 00:24:27','2015-03-15 00:24:27',305,'GITUAMBA',107,1,1),
    ('2015-03-15 00:24:27','2015-03-15 00:24:27',306,'GITUGI',101,1,1),
    ('2015-03-15 00:24:27','2015-03-15 00:24:27',307,'GOD JOPE',286,1,1),
    ('2015-03-15 00:24:27','2015-03-15 00:24:27',308,'GODOMA',44,1,1),
    ('2015-03-15 00:24:27','2015-03-15 00:24:27',309,'GOKEHARAKA/GETAMBWEGA',235,1,1),
    ('2015-03-15 00:24:27','2015-03-15 00:24:27',310,'GOLBO',54,1,1),
    ('2015-03-15 00:24:27','2015-03-15 00:24:27',311,'GOMBATO BONGWE',20,1,1),
    ('2015-03-15 00:24:27','2015-03-15 00:24:27',312,'GONGONI',25,1,1),
    ('2015-03-15 00:24:27','2015-03-15 00:24:27',313,'GOREALE',42,1,1),
    ('2015-03-15 00:24:27','2015-03-15 00:24:27',314,'GOT KACHOLA',236,1,1),
    ('2015-03-15 00:24:27','2015-03-15 00:24:27',315,'GUBA',52,1,1),
    ('2015-03-15 00:24:27','2015-03-15 00:24:27',316,'GURAR',44,1,1),
    ('2015-03-15 00:24:27','2015-03-15 00:24:27',317,'GUTICHA',50,1,1),
    ('2015-03-15 00:24:27','2015-03-15 00:24:27',318,'GWASSI NORTH',229,1,1),
    ('2015-03-15 00:24:27','2015-03-15 00:24:27',319,'GWASSI SOUTH',229,1,1),
    ('2015-03-15 00:24:27','2015-03-15 00:24:27',320,'HABASSWEIN',45,1,1),
    ('2015-03-15 00:24:27','2015-03-15 00:24:27',321,'HADADO/ATHIBOHOL',43,1,1),
    ('2015-03-15 00:24:27','2015-03-15 00:24:27',322,'HARAMBEE',280,1,1),
    ('2015-03-15 00:24:27','2015-03-15 00:24:27',323,'HEILLU/MANYATTA',54,1,1),
    ('2015-03-15 00:24:27','2015-03-15 00:24:27',324,'HELLS GATE',161,1,1),
    ('2015-03-15 00:24:27','2015-03-15 00:24:27',325,'HINDI',31,1,1),
    ('2015-03-15 00:24:27','2015-03-15 00:24:27',326,'HIRIMANI',29,1,1),
    ('2015-03-15 00:24:27','2015-03-15 00:24:27',327,'HOMA BAY ARUJO',234,1,1),
    ('2015-03-15 00:24:27','2015-03-15 00:24:27',328,'HOMA BAY CENTRAL',234,1,1),
    ('2015-03-15 00:24:27','2015-03-15 00:24:27',329,'HOMA BAY EAST',234,1,1),
    ('2015-03-15 00:24:27','2015-03-15 00:24:27',330,'HOMA BAY WEST',234,1,1),
    ('2015-03-15 00:24:27','2015-03-15 00:24:27',331,'HONGWE',31,1,1),
    ('2015-03-15 00:24:27','2015-03-15 00:24:27',332,'HOSPITAL',111,1,1),
    ('2015-03-15 00:24:27','2015-03-15 00:24:27',333,'HULUGHO',38,1,1),
    ('2015-03-15 00:24:27','2015-03-15 00:24:27',334,'HURUMA',11,1,1),
    ('2015-03-15 00:24:27','2015-03-15 00:24:27',335,'IBENO',241,1,1),
    ('2015-03-15 00:24:27','2015-03-15 00:24:27',336,'IBRAHIM URE',45,1,1),
    ('2015-03-15 00:24:27','2015-03-15 00:24:27',337,'ICHAGAKI',103,1,1),
    ('2015-03-15 00:24:27','2015-03-15 00:24:27',338,'ICHUNI',243,1,1),
    ('2015-03-15 00:24:27','2015-03-15 00:24:27',339,'IDAKHO CENTRAL',195,1,1),
    ('2015-03-15 00:24:27','2015-03-15 00:24:27',340,'IDAKHO EAST',195,1,1),
    ('2015-03-15 00:24:27','2015-03-15 00:24:27',341,'IDAKHO NORTH',195,1,1),
    ('2015-03-15 00:24:27','2015-03-15 00:24:27',342,'IDAKHO SOUTH',195,1,1),
    ('2015-03-15 00:24:27','2015-03-15 00:24:27',343,'IFTIN',40,1,1),
    ('2015-03-15 00:24:27','2015-03-15 00:24:27',344,'IGAMBANG\'OMBE',70,1,1),
    ('2015-03-15 00:24:27','2015-03-15 00:24:27',345,'IGEMBE EAST',64,1,1),
    ('2015-03-15 00:24:27','2015-03-15 00:24:27',346,'IGOJI EAST',61,1,1),
    ('2015-03-15 00:24:27','2015-03-15 00:24:27',347,'IGOJI WEST',61,1,1),
    ('2015-03-15 00:24:27','2015-03-15 00:24:27',348,'IGWAMITI',288,1,1),
    ('2015-03-15 00:24:27','2015-03-15 00:24:27',349,'IJARA',38,1,1),
    ('2015-03-15 00:24:27','2015-03-15 00:24:27',350,'IKANGA/KYATUNE',78,1,1),
    ('2015-03-15 00:24:27','2015-03-15 00:24:27',351,'IKINU',110,1,1),
    ('2015-03-15 00:24:27','2015-03-15 00:24:27',352,'IKOMBE',80,1,1),
    ('2015-03-15 00:24:27','2015-03-15 00:24:27',353,'IKUTHA',78,1,1),
    ('2015-03-15 00:24:27','2015-03-15 00:24:27',354,'ILCHAMUS',153,1,1),
    ('2015-03-15 00:24:27','2015-03-15 00:24:27',355,'ILDAMAT',173,1,1),
    ('2015-03-15 00:24:27','2015-03-15 00:24:27',356,'ILIMA',181,1,1),
    ('2015-03-15 00:24:27','2015-03-15 00:24:27',357,'ILKERIN',171,1,1),
    ('2015-03-15 00:24:27','2015-03-15 00:24:27',358,'ILLERET',53,1,1),
    ('2015-03-15 00:24:27','2015-03-15 00:24:27',359,'ILMOTIOK',170,1,1),
    ('2015-03-15 00:24:27','2015-03-15 00:24:27',360,'ILOODOKILANI',174,1,1),
    ('2015-03-15 00:24:27','2015-03-15 00:24:27',361,'IMARA DAIMA',279,1,1),
    ('2015-03-15 00:24:27','2015-03-15 00:24:27',362,'IMARORO',175,1,1),
    ('2015-03-15 00:24:27','2015-03-15 00:24:27',363,'INGOSTSE-MATHIA',198,1,1),
    ('2015-03-15 00:24:27','2015-03-15 00:24:27',364,'INOI',98,1,1),
    ('2015-03-15 00:24:27','2015-03-15 00:24:27',365,'IRIA-INI',93,1,1),
    ('2015-03-15 00:24:27','2015-03-15 00:24:27',366,'IRIAINI',92,1,1),
    ('2015-03-15 00:24:27','2015-03-15 00:24:27',367,'ISIBANIA',238,1,1),
    ('2015-03-15 00:24:27','2015-03-15 00:24:27',368,'ISUKHA CENTRAL',190,1,1),
    ('2015-03-15 00:24:27','2015-03-15 00:24:27',369,'ISUKHA EAST',190,1,1),
    ('2015-03-15 00:24:27','2015-03-15 00:24:27',370,'ISUKHA NORTH',190,1,1),
    ('2015-03-15 00:24:27','2015-03-15 00:24:27',371,'ISUKHA SOUTH',190,1,1),
    ('2015-03-15 00:24:27','2015-03-15 00:24:27',372,'ISUKHA WEST',190,1,1),
    ('2015-03-15 00:24:27','2015-03-15 00:24:27',373,'ITHANGA',112,1,1),
    ('2015-03-15 00:24:27','2015-03-15 00:24:27',374,'ITHIRU',102,1,1),
    ('2015-03-15 00:24:27','2015-03-15 00:24:27',375,'ITIBO',255,1,1),
    ('2015-03-15 00:24:27','2015-03-15 00:24:27',376,'IVINGONI/NZAMBANI',183,1,1),
    ('2015-03-15 00:24:27','2015-03-15 00:24:27',377,'JARA JARA',37,1,1),
    ('2015-03-15 00:24:27','2015-03-15 00:24:27',378,'JARAJILA',41,1,1),
    ('2015-03-15 00:24:27','2015-03-15 00:24:27',379,'JARIBUNI',22,1,1),
    ('2015-03-15 00:24:27','2015-03-15 00:24:27',380,'JEPKOYAI',200,1,1),
    ('2015-03-15 00:24:27','2015-03-15 00:24:27',381,'JILORE',27,1,1),
    ('2015-03-15 00:24:27','2015-03-15 00:24:27',382,'JOMVU KUU',14,1,1),
    ('2015-03-15 00:24:27','2015-03-15 00:24:27',383,'JUJA',117,1,1),
    ('2015-03-15 00:24:27','2015-03-15 00:24:27',384,'JUNDA',12,1,1),
    ('2015-03-15 00:24:27','2015-03-15 00:24:27',385,'JUNJU',24,1,1),
    ('2015-03-15 00:24:27','2015-03-15 00:24:27',386,'KAALENG/KAIKOR',120,1,1),
    ('2015-03-15 00:24:27','2015-03-15 00:24:27',387,'KABARE',97,1,1),
    ('2015-03-15 00:24:27','2015-03-15 00:24:27',388,'KABARNET',149,1,1),
    ('2015-03-15 00:24:27','2015-03-15 00:24:27',389,'KABARTONJO',150,1,1),
    ('2015-03-15 00:24:27','2015-03-15 00:24:27',390,'KABARU',91,1,1),
    ('2015-03-15 00:24:27','2015-03-15 00:24:27',391,'KABATINI',166,1,1),
    ('2015-03-15 00:24:27','2015-03-15 00:24:27',392,'KABAZI',156,1,1),
    ('2015-03-15 00:24:27','2015-03-15 00:24:27',393,'KABETE',108,1,1),
    ('2015-03-15 00:24:27','2015-03-15 00:24:27',394,'KABIANGA',184,1,1),
    ('2015-03-15 00:24:27','2015-03-15 00:24:27',395,'KABIEMIT',142,1,1),
    ('2015-03-15 00:24:27','2015-03-15 00:24:27',396,'KABIRO',3,1,1),
    ('2015-03-15 00:24:27','2015-03-15 00:24:27',397,'KABISAGA',143,1,1),
    ('2015-03-15 00:24:27','2015-03-15 00:24:27',398,'KABIYET',143,1,1),
    ('2015-03-15 00:24:27','2015-03-15 00:24:27',399,'KABONDO EAST',231,1,1),
    ('2015-03-15 00:24:27','2015-03-15 00:24:27',400,'KABONDO WEST',231,1,1),
    ('2015-03-15 00:24:27','2015-03-15 00:24:27',401,'KABONYO/KANYAGWAL',261,1,1),
    ('2015-03-15 00:24:27','2015-03-15 00:24:27',402,'KABUCHAI/CHWELE',212,1,1),
    ('2015-03-15 00:24:27','2015-03-15 00:24:27',403,'KABULA',209,1,1),
    ('2015-03-15 00:24:27','2015-03-15 00:24:27',404,'KABUOCH NORTH',233,1,1),
    ('2015-03-15 00:24:27','2015-03-15 00:24:27',405,'KABUOCH SOUTH/PALA',233,1,1),
    ('2015-03-15 00:24:27','2015-03-15 00:24:27',406,'KABWARENG',147,1,1),
    ('2015-03-15 00:24:27','2015-03-15 00:24:27',407,'KACHIEN\'G',236,1,1),
    ('2015-03-15 00:24:27','2015-03-15 00:24:27',408,'KADZANDANI',15,1,1),
    ('2015-03-15 00:24:27','2015-03-15 00:24:27',409,'KAERIS',120,1,1),
    ('2015-03-15 00:24:27','2015-03-15 00:24:27',410,'KAGAARI NORTH',71,1,1),
    ('2015-03-15 00:24:27','2015-03-15 00:24:27',411,'KAGAARI SOUTH',71,1,1),
    ('2015-03-15 00:24:27','2015-03-15 00:24:27',412,'KAGAN',227,1,1),
    ('2015-03-15 00:24:27','2015-03-15 00:24:27',413,'KAGUNDU-INI',102,1,1),
    ('2015-03-15 00:24:27','2015-03-15 00:24:27',414,'KAHAWA',4,1,1),
    ('2015-03-15 00:24:27','2015-03-15 00:24:27',415,'KAHAWA SUKARI',118,1,1),
    ('2015-03-15 00:24:27','2015-03-15 00:24:27',416,'KAHAWA WENDANI',118,1,1),
    ('2015-03-15 00:24:27','2015-03-15 00:24:27',417,'KAHAWA WEST',4,1,1),
    ('2015-03-15 00:24:27','2015-03-15 00:24:27',418,'KAHUMBU',105,1,1),
    ('2015-03-15 00:24:27','2015-03-15 00:24:27',419,'KAIMBAGA',285,1,1),
    ('2015-03-15 00:24:27','2015-03-15 00:24:27',420,'KAJULU',263,1,1),
    ('2015-03-15 00:24:27','2015-03-15 00:24:27',421,'KAKRAO',286,1,1),
    ('2015-03-15 00:24:27','2015-03-15 00:24:27',422,'KAKSINGRI WEST',229,1,1),
    ('2015-03-15 00:24:27','2015-03-15 00:24:27',423,'KAKUMA',123,1,1),
    ('2015-03-15 00:24:27','2015-03-15 00:24:27',424,'KAKUYUNI',27,1,1),
    ('2015-03-15 00:24:27','2015-03-15 00:24:27',425,'KAKUZI/MITUBIRI',112,1,1),
    ('2015-03-15 00:24:27','2015-03-15 00:24:27',426,'KALAMA',81,1,1),
    ('2015-03-15 00:24:27','2015-03-15 00:24:27',427,'KALAPATA',125,1,1),
    ('2015-03-15 00:24:27','2015-03-15 00:24:27',428,'KALAWA',179,1,1),
    ('2015-03-15 00:24:27','2015-03-15 00:24:27',429,'KALER',236,1,1),
    ('2015-03-15 00:24:27','2015-03-15 00:24:27',430,'KALIMONI',117,1,1),
    ('2015-03-15 00:24:27','2015-03-15 00:24:27',431,'KALOBEYEI',123,1,1),
    ('2015-03-15 00:24:27','2015-03-15 00:24:27',432,'KALOKOL',122,1,1),
    ('2015-03-15 00:24:27','2015-03-15 00:24:27',433,'KALOLENI',21,1,1),
    ('2015-03-15 00:24:27','2015-03-15 00:24:27',434,'KAMACHARIA',101,1,1),
    ('2015-03-15 00:24:27','2015-03-15 00:24:27',435,'KAMAGUT',137,1,1),
    ('2015-03-15 00:24:27','2015-03-15 00:24:27',436,'KAMAHUHA',103,1,1),
    ('2015-03-15 00:24:27','2015-03-15 00:24:27',437,'KAMAKWA/MUKARO',96,1,1),
    ('2015-03-15 00:24:27','2015-03-15 00:24:27',438,'KAMARA',164,1,1),
    ('2015-03-15 00:24:27','2015-03-15 00:24:27',439,'KAMARINY',141,1,1),
    ('2015-03-15 00:24:27','2015-03-15 00:24:27',440,'KAMASIAN',185,1,1),
    ('2015-03-15 00:24:27','2015-03-15 00:24:27',441,'KAMBE/RIBE',26,1,1),
    ('2015-03-15 00:24:27','2015-03-15 00:24:27',442,'KAMBITI',103,1,1),
    ('2015-03-15 00:24:27','2015-03-15 00:24:27',443,'KAMBURU',116,1,1),
    ('2015-03-15 00:24:27','2015-03-15 00:24:27',444,'KAMENU',111,1,1),
    ('2015-03-15 00:24:27','2015-03-15 00:24:27',445,'KAMUKUYWA',207,1,1),
    ('2015-03-15 00:24:27','2015-03-15 00:24:27',446,'KANAMKEMER',122,1,1),
    ('2015-03-15 00:24:27','2015-03-15 00:24:27',447,'KANG\'ATOTHA',122,1,1),
    ('2015-03-15 00:24:27','2015-03-15 00:24:27',448,'KANGAI',100,1,1),
    ('2015-03-15 00:24:27','2015-03-15 00:24:27',449,'KANGARI',105,1,1),
    ('2015-03-15 00:24:27','2015-03-15 00:24:27',450,'KANGEMI',2,1,1),
    ('2015-03-15 00:24:27','2015-03-15 00:24:27',451,'KANGETA',64,1,1),
    ('2015-03-15 00:24:27','2015-03-15 00:24:27',452,'KANGUNDO CENTRAL',85,1,1),
    ('2015-03-15 00:24:27','2015-03-15 00:24:27',453,'KANGUNDO EAST',85,1,1),
    ('2015-03-15 00:24:27','2015-03-15 00:24:27',454,'KANGUNDO NORTH',85,1,1),
    ('2015-03-15 00:24:27','2015-03-15 00:24:27',455,'KANGUNDO WEST',85,1,1),
    ('2015-03-15 00:24:27','2015-03-15 00:24:27',456,'KANJUIRI RANGE',285,1,1),
    ('2015-03-15 00:24:27','2015-03-15 00:24:27',457,'KANUNI',63,1,1),
    ('2015-03-15 00:24:27','2015-03-15 00:24:27',458,'KANYADOTO',233,1,1),
    ('2015-03-15 00:24:27','2015-03-15 00:24:27',459,'KANYALUO',230,1,1),
    ('2015-03-15 00:24:27','2015-03-15 00:24:27',460,'KANYAMWA KOLOGI',233,1,1),
    ('2015-03-15 00:24:27','2015-03-15 00:24:27',461,'KANYAMWA KOSEWE',233,1,1),
    ('2015-03-15 00:24:27','2015-03-15 00:24:27',462,'KANYANGI',77,1,1),
    ('2015-03-15 00:24:27','2015-03-15 00:24:27',463,'KANYASA',236,1,1),
    ('2015-03-15 00:24:27','2015-03-15 00:24:27',464,'KANYEKINI',98,1,1),
    ('2015-03-15 00:24:27','2015-03-15 00:24:27',465,'KANYENYA-INI',104,1,1),
    ('2015-03-15 00:24:27','2015-03-15 00:24:27',466,'KANYIKELA',233,1,1),
    ('2015-03-15 00:24:27','2015-03-15 00:24:27',467,'KANZIKO',78,1,1),
    ('2015-03-15 00:24:27','2015-03-15 00:24:27',468,'KAPCHEMUTWA',141,1,1),
    ('2015-03-15 00:24:27','2015-03-15 00:24:27',469,'KAPCHOK',128,1,1),
    ('2015-03-15 00:24:27','2015-03-15 00:24:27',470,'KAPCHORUA',144,1,1),
    ('2015-03-15 00:24:27','2015-03-15 00:24:27',471,'KAPEDO/NAPEITOM',121,1,1),
    ('2015-03-15 00:24:27','2015-03-15 00:24:27',472,'KAPENGURIA',126,1,1),
    ('2015-03-15 00:24:27','2015-03-15 00:24:27',473,'KAPKANGANI',145,1,1),
    ('2015-03-15 00:24:27','2015-03-15 00:24:27',474,'KAPKATENY',206,1,1),
    ('2015-03-15 00:24:27','2015-03-15 00:24:27',475,'KAPKATET',250,1,1),
    ('2015-03-15 00:24:27','2015-03-15 00:24:27',476,'KAPKUGERWET',188,1,1),
    ('2015-03-15 00:24:27','2015-03-15 00:24:27',477,'KAPKURES',163,1,1),
    ('2015-03-15 00:24:27','2015-03-15 00:24:27',478,'KAPLAMAI',270,1,1),
    ('2015-03-15 00:24:27','2015-03-15 00:24:27',479,'KAPLELARTET',186,1,1),
    ('2015-03-15 00:24:27','2015-03-15 00:24:27',480,'KAPLETUNDO',253,1,1),
    ('2015-03-15 00:24:27','2015-03-15 00:24:27',481,'KAPOMBOI',268,1,1),
    ('2015-03-15 00:24:27','2015-03-15 00:24:27',482,'KAPROPITA',149,1,1),
    ('2015-03-15 00:24:27','2015-03-15 00:24:27',483,'KAPSABET',145,1,1),
    ('2015-03-15 00:24:27','2015-03-15 00:24:27',484,'KAPSAOS',188,1,1),
    ('2015-03-15 00:24:27','2015-03-15 00:24:27',485,'KAPSASIAN',171,1,1),
    ('2015-03-15 00:24:27','2015-03-15 00:24:27',486,'KAPSIMOTWO',146,1,1),
    ('2015-03-15 00:24:27','2015-03-15 00:24:27',487,'KAPSOIT',188,1,1),
    ('2015-03-15 00:24:27','2015-03-15 00:24:27',488,'KAPSOWAR',130,1,1),
    ('2015-03-15 00:24:27','2015-03-15 00:24:27',489,'KAPSOYA',134,1,1),
    ('2015-03-15 00:24:27','2015-03-15 00:24:27',490,'KAPSUSER',184,1,1),
    ('2015-03-15 00:24:27','2015-03-15 00:24:27',491,'KAPTAGAT',134,1,1),
    ('2015-03-15 00:24:27','2015-03-15 00:24:27',492,'KAPTAMA',206,1,1),
    ('2015-03-15 00:24:27','2015-03-15 00:24:27',493,'KAPTARAKWA',142,1,1),
    ('2015-03-15 00:24:27','2015-03-15 00:24:27',494,'KAPTEL/KAMOIYWO',148,1,1),
    ('2015-03-15 00:24:27','2015-03-15 00:24:27',495,'KAPTEMBWO',163,1,1),
    ('2015-03-15 00:24:27','2015-03-15 00:24:27',496,'KAPTUMO-KABOI',147,1,1),
    ('2015-03-15 00:24:27','2015-03-15 00:24:27',497,'KAPUTIEI NORTH',175,1,1),
    ('2015-03-15 00:24:27','2015-03-15 00:24:27',498,'KAPUTIR',125,1,1),
    ('2015-03-15 00:24:27','2015-03-15 00:24:27',499,'KAPYEGO',140,1,1),
    ('2015-03-15 00:24:27','2015-03-15 00:24:27',500,'KARAI',113,1,1),
    ('2015-03-15 00:24:27','2015-03-15 00:24:27',501,'KARAMA',65,1,1),
    ('2015-03-15 00:24:27','2015-03-15 00:24:27',502,'KARARE',56,1,1),
    ('2015-03-15 00:24:27','2015-03-15 00:24:27',503,'KARATINA TOWN',92,1,1),
    ('2015-03-15 00:24:27','2015-03-15 00:24:27',504,'KARAU',285,1,1),
    ('2015-03-15 00:24:27','2015-03-15 00:24:27',505,'KAREN',6,1,1),
    ('2015-03-15 00:24:27','2015-03-15 00:24:27',506,'KARGI/SOUTH HORR',55,1,1),
    ('2015-03-15 00:24:27','2015-03-15 00:24:27',507,'KARIARA',112,1,1),
    ('2015-03-15 00:24:27','2015-03-15 00:24:27',508,'KARIMA',93,1,1),
    ('2015-03-15 00:24:27','2015-03-15 00:24:27',509,'KARINGANI',70,1,1),
    ('2015-03-15 00:24:27','2015-03-15 00:24:27',510,'KARIOBANGI NORTH',277,1,1),
    ('2015-03-15 00:24:27','2015-03-15 00:24:27',511,'KARIOBANGI SOUTH',275,1,1),
    ('2015-03-15 00:24:27','2015-03-15 00:24:27',512,'KARITI',99,1,1),
    ('2015-03-15 00:24:27','2015-03-15 00:24:27',513,'KARUMANDI',97,1,1),
    ('2015-03-15 00:24:27','2015-03-15 00:24:27',514,'KARUNA/MEIBEKI',135,1,1),
    ('2015-03-15 00:24:27','2015-03-15 00:24:27',515,'KARURA',2,1,1),
    ('2015-03-15 00:24:27','2015-03-15 00:24:27',516,'KARURI',109,1,1),
    ('2015-03-15 00:24:27','2015-03-15 00:24:27',517,'KASARANI',8,1,1),
    ('2015-03-15 00:24:27','2015-03-15 00:24:27',518,'KASEI',128,1,1),
    ('2015-03-15 00:24:27','2015-03-15 00:24:27',519,'KASEMENI',17,1,1),
    ('2015-03-15 00:24:27','2015-03-15 00:24:27',520,'KASGUNGA',232,1,1),
    ('2015-03-15 00:24:27','2015-03-15 00:24:27',521,'KASIGAU',34,1,1),
    ('2015-03-15 00:24:27','2015-03-15 00:24:27',522,'KASIKEU',182,1,1),
    ('2015-03-15 00:24:27','2015-03-15 00:24:27',523,'KATANGI',80,1,1),
    ('2015-03-15 00:24:27','2015-03-15 00:24:27',524,'KATHIANI CENTRAL',87,1,1),
    ('2015-03-15 00:24:27','2015-03-15 00:24:27',525,'KATHONZWENI',180,1,1),
    ('2015-03-15 00:24:27','2015-03-15 00:24:27',526,'KATILIA',121,1,1),
    ('2015-03-15 00:24:27','2015-03-15 00:24:27',527,'KATILU',125,1,1),
    ('2015-03-15 00:24:27','2015-03-15 00:24:27',528,'KAUWI',76,1,1),
    ('2015-03-15 00:24:27','2015-03-15 00:24:27',529,'KAWANGWARE',3,1,1),
    ('2015-03-15 00:24:27','2015-03-15 00:24:27',530,'KAYAFUNGO',21,1,1),
    ('2015-03-15 00:24:27','2015-03-15 00:24:27',531,'KAYOLE CENTRAL',278,1,1),
    ('2015-03-15 00:24:27','2015-03-15 00:24:27',532,'KAYOLE NORTH',278,1,1),
    ('2015-03-15 00:24:27','2015-03-15 00:24:27',533,'KAYOLE SOUTH',278,1,1),
    ('2015-03-15 00:24:27','2015-03-15 00:24:27',534,'KEDOWA/KIMUGUL',187,1,1),
    ('2015-03-15 00:24:27','2015-03-15 00:24:27',535,'KEE',181,1,1),
    ('2015-03-15 00:24:27','2015-03-15 00:24:27',536,'KEEKONYOKIE',174,1,1),
    ('2015-03-15 00:24:27','2015-03-15 00:24:27',537,'KEGOGI',242,1,1),
    ('2015-03-15 00:24:27','2015-03-15 00:24:27',538,'KEIYO',268,1,1),
    ('2015-03-15 00:24:27','2015-03-15 00:24:27',539,'KEMBU',252,1,1),
    ('2015-03-15 00:24:27','2015-03-15 00:24:27',540,'KEMELOI-MARABA',147,1,1),
    ('2015-03-15 00:24:27','2015-03-15 00:24:27',541,'KEMERA',257,1,1),
    ('2015-03-15 00:24:27','2015-03-15 00:24:27',542,'KENDU BAY TOWN',230,1,1),
    ('2015-03-15 00:24:27','2015-03-15 00:24:27',543,'KENYAWA-POKA',175,1,1),
    ('2015-03-15 00:24:27','2015-03-15 00:24:27',544,'KERINGET',157,1,1),
    ('2015-03-15 00:24:27','2015-03-15 00:24:27',545,'KERIO DELTA',122,1,1),
    ('2015-03-15 00:24:27','2015-03-15 00:24:27',546,'KERUGOYA',98,1,1),
    ('2015-03-15 00:24:27','2015-03-15 00:24:27',547,'KEUMBU',241,1,1),
    ('2015-03-15 00:24:27','2015-03-15 00:24:27',548,'KEYIAN',169,1,1),
    ('2015-03-15 00:24:27','2015-03-15 00:24:27',549,'KHALABA',205,1,1),
    ('2015-03-15 00:24:27','2015-03-15 00:24:27',550,'KHALALIO',274,1,1),
    ('2015-03-15 00:24:27','2015-03-15 00:24:27',551,'KHASOKO',209,1,1),
    ('2015-03-15 00:24:27','2015-03-15 00:24:27',552,'KHOLERA',191,1,1),
    ('2015-03-15 00:24:27','2015-03-15 00:24:27',553,'KHOROF/HARAR',48,1,1),
    ('2015-03-15 00:24:27','2015-03-15 00:24:27',554,'KIABONYORU',258,1,1),
    ('2015-03-15 00:24:27','2015-03-15 00:24:27',555,'KIAGU',66,1,1),
    ('2015-03-15 00:24:27','2015-03-15 00:24:27',556,'KIAMAIKO',11,1,1),
    ('2015-03-15 00:24:27','2015-03-15 00:24:27',557,'KIAMAINA',166,1,1),
    ('2015-03-15 00:24:27','2015-03-15 00:24:27',558,'KIAMBERE',74,1,1),
    ('2015-03-15 00:24:27','2015-03-15 00:24:27',559,'KIAMOKAMA',243,1,1),
    ('2015-03-15 00:24:27','2015-03-15 00:24:27',560,'KIAMWANGI',115,1,1),
    ('2015-03-15 00:24:27','2015-03-15 00:24:27',561,'KIANJAI',60,1,1),
    ('2015-03-15 00:24:27','2015-03-15 00:24:27',562,'KIBARANI',23,1,1),
    ('2015-03-15 00:24:27','2015-03-15 00:24:27',563,'KIBAUNI',83,1,1),
    ('2015-03-15 00:24:27','2015-03-15 00:24:27',564,'KIBINGEI',207,1,1),
    ('2015-03-15 00:24:27','2015-03-15 00:24:27',565,'KIBIRI',230,1,1),
    ('2015-03-15 00:24:27','2015-03-15 00:24:27',566,'KIBIRICHIA',62,1,1),
    ('2015-03-15 00:24:27','2015-03-15 00:24:27',567,'KIBISH',120,1,1),
    ('2015-03-15 00:24:27','2015-03-15 00:24:27',568,'KIEGOI/ANTUBOCHIU',63,1,1),
    ('2015-03-15 00:24:27','2015-03-15 00:24:27',569,'KIGANJO',115,1,1),
    ('2015-03-15 00:24:27','2015-03-15 00:24:27',570,'KIGANJO/MATHARI',96,1,1),
    ('2015-03-15 00:24:27','2015-03-15 00:24:27',571,'KIGUCHWA',65,1,1),
    ('2015-03-15 00:24:27','2015-03-15 00:24:27',572,'KIGUMO',105,1,1),
    ('2015-03-15 00:24:27','2015-03-15 00:24:27',573,'KIHARA',109,1,1),
    ('2015-03-15 00:24:27','2015-03-15 00:24:27',574,'KIHINGO',158,1,1),
    ('2015-03-15 00:24:27','2015-03-15 00:24:27',575,'KIHUMBU-INI',112,1,1),
    ('2015-03-15 00:24:27','2015-03-15 00:24:27',576,'KIIMA KIU/KALANZONI',182,1,1),
    ('2015-03-15 00:24:27','2015-03-15 00:24:27',577,'KIINE',99,1,1),
    ('2015-03-15 00:24:27','2015-03-15 00:24:27',578,'KIIRUA/NAARI',62,1,1),
    ('2015-03-15 00:24:27','2015-03-15 00:24:27',579,'KIJABE',116,1,1),
    ('2015-03-15 00:24:27','2015-03-15 00:24:27',580,'KIKUMBULYU NORTH',178,1,1),
    ('2015-03-15 00:24:27','2015-03-15 00:24:27',581,'KIKUMBULYU SOUTH',178,1,1),
    ('2015-03-15 00:24:27','2015-03-15 00:24:27',582,'KIKUYU',113,1,1),
    ('2015-03-15 00:24:27','2015-03-15 00:24:27',583,'KILELESHWA',3,1,1),
    ('2015-03-15 00:24:27','2015-03-15 00:24:27',584,'KILGORIS CENTRAL',169,1,1),
    ('2015-03-15 00:24:27','2015-03-15 00:24:27',585,'KILIBWONI',145,1,1),
    ('2015-03-15 00:24:27','2015-03-15 00:24:27',586,'KILIMANI',3,1,1),
    ('2015-03-15 00:24:27','2015-03-15 00:24:27',587,'KILIWEHIRI',52,1,1),
    ('2015-03-15 00:24:27','2015-03-15 00:24:27',588,'KILUNGU',181,1,1),
    ('2015-03-15 00:24:27','2015-03-15 00:24:27',589,'KIMAETI',209,1,1),
    ('2015-03-15 00:24:27','2015-03-15 00:24:27',590,'KIMANA',176,1,1),
    ('2015-03-15 00:24:27','2015-03-15 00:24:27',591,'KIMILILI',207,1,1),
    ('2015-03-15 00:24:27','2015-03-15 00:24:27',592,'KIMININI',271,1,1),
    ('2015-03-15 00:24:27','2015-03-15 00:24:27',593,'KIMINTET',169,1,1),
    ('2015-03-15 00:24:27','2015-03-15 00:24:27',594,'KIMORORI/WEMPA',103,1,1),
    ('2015-03-15 00:24:27','2015-03-15 00:24:27',595,'KIMULOT',189,1,1),
    ('2015-03-15 00:24:27','2015-03-15 00:24:27',596,'KIMUMU',135,1,1),
    ('2015-03-15 00:24:27','2015-03-15 00:24:27',597,'KINAKOMBA',28,1,1),
    ('2015-03-15 00:24:27','2015-03-15 00:24:27',598,'KINALE',116,1,1),
    ('2015-03-15 00:24:27','2015-03-15 00:24:27',599,'KINANGO',17,1,1),
    ('2015-03-15 00:24:27','2015-03-15 00:24:27',600,'KINANIE',86,1,1),
    ('2015-03-15 00:24:27','2015-03-15 00:24:27',601,'KINGANDOLE',215,1,1),
    ('2015-03-15 00:24:27','2015-03-15 00:24:27',602,'KINNA',58,1,1),
    ('2015-03-15 00:24:27','2015-03-15 00:24:27',603,'KINONDO',20,1,1),
    ('2015-03-15 00:24:27','2015-03-15 00:24:27',604,'KINOO',113,1,1),
    ('2015-03-15 00:24:27','2015-03-15 00:24:27',605,'KINYONA',105,1,1),
    ('2015-03-15 00:24:27','2015-03-15 00:24:27',606,'KINYORO',269,1,1),
    ('2015-03-15 00:24:27','2015-03-15 00:24:27',607,'KIOGORO',241,1,1),
    ('2015-03-15 00:24:27','2015-03-15 00:24:27',608,'KIOMO/KYETHANI',281,1,1),
    ('2015-03-15 00:24:27','2015-03-15 00:24:27',609,'KIPCHEBOR',188,1,1),
    ('2015-03-15 00:24:27','2015-03-15 00:24:27',610,'KIPCHIMCHIM',188,1,1),
    ('2015-03-15 00:24:27','2015-03-15 00:24:27',611,'KIPEVU',290,1,1),
    ('2015-03-15 00:24:27','2015-03-15 00:24:27',612,'KIPINI EAST',30,1,1),
    ('2015-03-15 00:24:27','2015-03-15 00:24:27',613,'KIPINI WEST',30,1,1),
    ('2015-03-15 00:24:27','2015-03-15 00:24:27',614,'KIPIPIRI',88,1,1),
    ('2015-03-15 00:24:27','2015-03-15 00:24:27',615,'KIPKAREN',143,1,1),
    ('2015-03-15 00:24:27','2015-03-15 00:24:27',616,'KIPKELION',185,1,1),
    ('2015-03-15 00:24:27','2015-03-15 00:24:27',617,'KIPKENYO',139,1,1),
    ('2015-03-15 00:24:27','2015-03-15 00:24:27',618,'KIPLOMBE',137,1,1),
    ('2015-03-15 00:24:27','2015-03-15 00:24:27',619,'KIPRERES',252,1,1),
    ('2015-03-15 00:24:27','2015-03-15 00:24:27',620,'KIPSOMBA',136,1,1),
    ('2015-03-15 00:24:27','2015-03-15 00:24:27',621,'KIPSONOI',253,1,1),
    ('2015-03-15 00:24:27','2015-03-15 00:24:27',622,'KIPTAGICH',157,1,1),
    ('2015-03-15 00:24:27','2015-03-15 00:24:27',623,'KIPTORORO',164,1,1),
    ('2015-03-15 00:24:27','2015-03-15 00:24:27',624,'KIPTUYA',148,1,1),
    ('2015-03-15 00:24:27','2015-03-15 00:24:27',625,'KIRIITA',90,1,1),
    ('2015-03-15 00:24:27','2015-03-15 00:24:27',626,'KIRIMARI',73,1,1),
    ('2015-03-15 00:24:27','2015-03-15 00:24:27',627,'KIRIMUKUYU',92,1,1),
    ('2015-03-15 00:24:27','2015-03-15 00:24:27',628,'KIRU',101,1,1),
    ('2015-03-15 00:24:27','2015-03-15 00:24:27',629,'KISA CENTRAL',193,1,1),
    ('2015-03-15 00:24:27','2015-03-15 00:24:27',630,'KISA EAST',193,1,1),
    ('2015-03-15 00:24:27','2015-03-15 00:24:27',631,'KISA NORTH',193,1,1),
    ('2015-03-15 00:24:27','2015-03-15 00:24:27',632,'KISA WEST',193,1,1),
    ('2015-03-15 00:24:27','2015-03-15 00:24:27',633,'KISANANA',151,1,1),
    ('2015-03-15 00:24:27','2015-03-15 00:24:27',634,'KISASI',77,1,1),
    ('2015-03-15 00:24:27','2015-03-15 00:24:27',635,'KISIARA',250,1,1),
    ('2015-03-15 00:24:27','2015-03-15 00:24:27',636,'KISII CENTRAL',241,1,1),
    ('2015-03-15 00:24:27','2015-03-15 00:24:27',637,'KISIMA',62,1,1),
    ('2015-03-15 00:24:27','2015-03-15 00:24:27',638,'KISUMU NORTH',262,1,1),
    ('2015-03-15 00:24:27','2015-03-15 00:24:27',639,'KITENGELA',175,1,1),
    ('2015-03-15 00:24:27','2015-03-15 00:24:27',640,'KITETA/KISAU',179,1,1),
    ('2015-03-15 00:24:27','2015-03-15 00:24:27',641,'KITHIMANI',80,1,1),
    ('2015-03-15 00:24:27','2015-03-15 00:24:27',642,'KITHIMU',73,1,1),
    ('2015-03-15 00:24:27','2015-03-15 00:24:27',643,'KITHUNGO/KITUNDU',179,1,1),
    ('2015-03-15 00:24:27','2015-03-15 00:24:27',644,'KITISE/KITHUKI',180,1,1),
    ('2015-03-15 00:24:27','2015-03-15 00:24:27',645,'KITISURU',2,1,1),
    ('2015-03-15 00:24:27','2015-03-15 00:24:27',646,'KITUTU   CENTRAL',248,1,1),
    ('2015-03-15 00:24:27','2015-03-15 00:24:27',647,'KIUNGA',32,1,1),
    ('2015-03-15 00:24:27','2015-03-15 00:24:27',648,'KIUU',118,1,1),
    ('2015-03-15 00:24:27','2015-03-15 00:24:27',649,'KIVAA',84,1,1),
    ('2015-03-15 00:24:27','2015-03-15 00:24:27',650,'KIVOU',282,1,1),
    ('2015-03-15 00:24:27','2015-03-15 00:24:27',651,'KIVUMBINI',159,1,1),
    ('2015-03-15 00:24:27','2015-03-15 00:24:27',652,'KIWAWA',128,1,1),
    ('2015-03-15 00:24:27','2015-03-15 00:24:27',653,'KOBUJOI',147,1,1),
    ('2015-03-15 00:24:27','2015-03-15 00:24:27',654,'KOBURA',261,1,1),
    ('2015-03-15 00:24:27','2015-03-15 00:24:27',655,'KOCHIA',227,1,1),
    ('2015-03-15 00:24:27','2015-03-15 00:24:27',656,'KODICH',128,1,1),
    ('2015-03-15 00:24:27','2015-03-15 00:24:27',657,'KOIBATEK',152,1,1),
    ('2015-03-15 00:24:27','2015-03-15 00:24:27',658,'KOJWACH',231,1,1),
    ('2015-03-15 00:24:27','2015-03-15 00:24:27',659,'KOKWANYO/KAKELO',231,1,1),
    ('2015-03-15 00:24:27','2015-03-15 00:24:27',660,'KOLA',81,1,1),
    ('2015-03-15 00:24:27','2015-03-15 00:24:27',661,'KOLOWA',154,1,1),
    ('2015-03-15 00:24:27','2015-03-15 00:24:27',662,'KOLWA CENTRAL',263,1,1),
    ('2015-03-15 00:24:27','2015-03-15 00:24:27',663,'KOLWA EAST',263,1,1),
    ('2015-03-15 00:24:27','2015-03-15 00:24:27',664,'KOMAROCK',278,1,1),
    ('2015-03-15 00:24:27','2015-03-15 00:24:27',665,'KOMOTHAI',110,1,1),
    ('2015-03-15 00:24:27','2015-03-15 00:24:27',666,'KONDELE',265,1,1),
    ('2015-03-15 00:24:27','2015-03-15 00:24:27',667,'KONG\'ASIS',251,1,1),
    ('2015-03-15 00:24:27','2015-03-15 00:24:27',668,'KONGONI',272,1,1),
    ('2015-03-15 00:24:27','2015-03-15 00:24:27',669,'KONGOWEA',15,1,1),
    ('2015-03-15 00:24:27','2015-03-15 00:24:27',670,'KONYU',92,1,1),
    ('2015-03-15 00:24:27','2015-03-15 00:24:27',671,'KOROGOCHO',9,1,1),
    ('2015-03-15 00:24:27','2015-03-15 00:24:27',672,'KORONDILE',44,1,1),
    ('2015-03-15 00:24:27','2015-03-15 00:24:27',673,'KORR/NGURUNIT',55,1,1),
    ('2015-03-15 00:24:27','2015-03-15 00:24:27',674,'KOSIRAI',148,1,1),
    ('2015-03-15 00:24:27','2015-03-15 00:24:27',675,'KOTARUK/LOBEI',124,1,1),
    ('2015-03-15 00:24:27','2015-03-15 00:24:27',676,'KOYO-NDURIO',147,1,1),
    ('2015-03-15 00:24:27','2015-03-15 00:24:27',677,'KOYONZO',191,1,1),
    ('2015-03-15 00:24:27','2015-03-15 00:24:27',678,'KUBO SOUTH',18,1,1),
    ('2015-03-15 00:24:27','2015-03-15 00:24:27',679,'KUINET/KAPSUSWA',136,1,1),
    ('2015-03-15 00:24:27','2015-03-15 00:24:27',680,'KUKU',176,1,1),
    ('2015-03-15 00:24:27','2015-03-15 00:24:27',681,'KUNYAK',185,1,1),
    ('2015-03-15 00:24:27','2015-03-15 00:24:27',682,'KURGUNG/SURUNGAI',143,1,1),
    ('2015-03-15 00:24:27','2015-03-15 00:24:27',683,'KUTULO',49,1,1),
    ('2015-03-15 00:24:27','2015-03-15 00:24:27',684,'KWA',286,1,1),
    ('2015-03-15 00:24:27','2015-03-15 00:24:27',685,'KWA MUTONGA/KITHUMULA',76,1,1),
    ('2015-03-15 00:24:27','2015-03-15 00:24:27',686,'KWA NJENGA',279,1,1),
    ('2015-03-15 00:24:27','2015-03-15 00:24:27',687,'KWA REUBEN',279,1,1),
    ('2015-03-15 00:24:27','2015-03-15 00:24:27',688,'KWABWAI',233,1,1),
    ('2015-03-15 00:24:27','2015-03-15 00:24:27',689,'KWANZA',268,1,1),
    ('2015-03-15 00:24:27','2015-03-15 00:24:27',690,'KWARE',279,1,1),
    ('2015-03-15 00:24:27','2015-03-15 00:24:27',691,'KWAVONZA/YATTA',77,1,1),
    ('2015-03-15 00:24:27','2015-03-15 00:24:27',692,'KYANGWITHYA EAST',79,1,1),
    ('2015-03-15 00:24:27','2015-03-15 00:24:27',693,'KYANGWITHYA WEST',79,1,1),
    ('2015-03-15 00:24:27','2015-03-15 00:24:27',694,'KYELENI',82,1,1),
    ('2015-03-15 00:24:27','2015-03-15 00:24:27',695,'KYENI NORTH',71,1,1),
    ('2015-03-15 00:24:27','2015-03-15 00:24:27',696,'KYENI SOUTH',71,1,1),
    ('2015-03-15 00:24:27','2015-03-15 00:24:27',697,'KYOME/THAANA',281,1,1),
    ('2015-03-15 00:24:27','2015-03-15 00:24:27',698,'KYUSO',283,1,1),
    ('2015-03-15 00:24:27','2015-03-15 00:24:27',699,'LABASIGALE',39,1,1),
    ('2015-03-15 00:24:27','2015-03-15 00:24:27',700,'LAFEY',273,1,1),
    ('2015-03-15 00:24:27','2015-03-15 00:24:27',701,'LAGBOGHOL SOUTH',45,1,1),
    ('2015-03-15 00:24:27','2015-03-15 00:24:27',702,'LAGSURE',51,1,1),
    ('2015-03-15 00:24:27','2015-03-15 00:24:27',703,'LAINI SABA',10,1,1),
    ('2015-03-15 00:24:27','2015-03-15 00:24:27',704,'LAISAMIS',55,1,1),
    ('2015-03-15 00:24:27','2015-03-15 00:24:27',705,'LAKE VIEW',161,1,1),
    ('2015-03-15 00:24:27','2015-03-15 00:24:27',706,'LAKE ZONE',120,1,1),
    ('2015-03-15 00:24:27','2015-03-15 00:24:27',707,'LAKOLEY SOUTH/BASIR',47,1,1),
    ('2015-03-15 00:24:27','2015-03-15 00:24:27',708,'LAMBWE',232,1,1),
    ('2015-03-15 00:24:27','2015-03-15 00:24:27',709,'LANDIMAWE',5,1,1),
    ('2015-03-15 00:24:27','2015-03-15 00:24:27',710,'LANET/UMOJA',166,1,1),
    ('2015-03-15 00:24:27','2015-03-15 00:24:27',711,'LANGAS',139,1,1),
    ('2015-03-15 00:24:27','2015-03-15 00:24:27',712,'LAPUR',120,1,1),
    ('2015-03-15 00:24:27','2015-03-15 00:24:27',713,'LARE',158,1,1),
    ('2015-03-15 00:24:27','2015-03-15 00:24:27',714,'LARI/KIRENGA',116,1,1),
    ('2015-03-15 00:24:27','2015-03-15 00:24:27',715,'LELAN',130,1,1),
    ('2015-03-15 00:24:27','2015-03-15 00:24:27',716,'LELMOKWO/NGECHEK',148,1,1),
    ('2015-03-15 00:24:27','2015-03-15 00:24:27',717,'LEMBUS',152,1,1),
    ('2015-03-15 00:24:27','2015-03-15 00:24:27',718,'LEMBUS KWEN',152,1,1),
    ('2015-03-15 00:24:27','2015-03-15 00:24:27',719,'LEMBUS/PERKERRA',152,1,1),
    ('2015-03-15 00:24:27','2015-03-15 00:24:27',720,'LESHAU/PONDO',90,1,1),
    ('2015-03-15 00:24:27','2015-03-15 00:24:27',721,'LETEA',123,1,1),
    ('2015-03-15 00:24:27','2015-03-15 00:24:27',722,'LIBEHIA',273,1,1),
    ('2015-03-15 00:24:27','2015-03-15 00:24:27',723,'LIBOI',39,1,1),
    ('2015-03-15 00:24:27','2015-03-15 00:24:27',724,'LIKONI',16,1,1),
    ('2015-03-15 00:24:27','2015-03-15 00:24:27',725,'LIKUYANI',272,1,1),
    ('2015-03-15 00:24:27','2015-03-15 00:24:27',726,'LIMURU CENTRAL',114,1,1),
    ('2015-03-15 00:24:27','2015-03-15 00:24:27',727,'LIMURU EAST',114,1,1),
    ('2015-03-15 00:24:27','2015-03-15 00:24:27',728,'LINDI',10,1,1),
    ('2015-03-15 00:24:27','2015-03-15 00:24:27',729,'LITEIN',250,1,1),
    ('2015-03-15 00:24:27','2015-03-15 00:24:27',730,'LOBOKAT',125,1,1),
    ('2015-03-15 00:24:27','2015-03-15 00:24:27',731,'LODOKEJEK',132,1,1),
    ('2015-03-15 00:24:27','2015-03-15 00:24:27',732,'LODWAR TOWNSHIP',122,1,1),
    ('2015-03-15 00:24:27','2015-03-15 00:24:27',733,'LOGO LOGO',55,1,1),
    ('2015-03-15 00:24:27','2015-03-15 00:24:27',734,'LOIMA',124,1,1),
    ('2015-03-15 00:24:27','2015-03-15 00:24:27',735,'LOITA',167,1,1),
    ('2015-03-15 00:24:27','2015-03-15 00:24:27',736,'LOIYAMOROCK',154,1,1),
    ('2015-03-15 00:24:27','2015-03-15 00:24:27',737,'LOIYANGALANI',55,1,1),
    ('2015-03-15 00:24:27','2015-03-15 00:24:27',738,'LOKICHAR',125,1,1),
    ('2015-03-15 00:24:27','2015-03-15 00:24:27',739,'LOKICHOGGIO',123,1,1),
    ('2015-03-15 00:24:27','2015-03-15 00:24:27',740,'LOKIRIAMA/LORENGIPPI',124,1,1),
    ('2015-03-15 00:24:27','2015-03-15 00:24:27',741,'LOKORI/KOCHODIN',121,1,1),
    ('2015-03-15 00:24:27','2015-03-15 00:24:27',742,'LOLGORIAN',169,1,1),
    ('2015-03-15 00:24:27','2015-03-15 00:24:27',743,'LOMUT',127,1,1),
    ('2015-03-15 00:24:27','2015-03-15 00:24:27',744,'LONDIANI',187,1,1),
    ('2015-03-15 00:24:27','2015-03-15 00:24:27',745,'LONDON',163,1,1),
    ('2015-03-15 00:24:27','2015-03-15 00:24:27',746,'LONGISA',252,1,1),
    ('2015-03-15 00:24:27','2015-03-15 00:24:27',747,'LOOSUK',132,1,1),
    ('2015-03-15 00:24:27','2015-03-15 00:24:27',748,'LOPUR',123,1,1),
    ('2015-03-15 00:24:27','2015-03-15 00:24:27',749,'LOWER KAEWA/KAANI',87,1,1),
    ('2015-03-15 00:24:27','2015-03-15 00:24:27',750,'LOWER SAVANNAH',276,1,1),
    ('2015-03-15 00:24:27','2015-03-15 00:24:27',751,'LUANDA SOUTH',202,1,1),
    ('2015-03-15 00:24:27','2015-03-15 00:24:27',752,'LUANDA TOWNSHIP',202,1,1),
    ('2015-03-15 00:24:27','2015-03-15 00:24:27',753,'LUCKY SUMMER',9,1,1),
    ('2015-03-15 00:24:27','2015-03-15 00:24:27',754,'LUGAGA-WAMULUMA',203,1,1),
    ('2015-03-15 00:24:27','2015-03-15 00:24:27',755,'LUGARI',266,1,1),
    ('2015-03-15 00:24:27','2015-03-15 00:24:27',756,'LUMAKANDA',266,1,1),
    ('2015-03-15 00:24:27','2015-03-15 00:24:27',757,'LUSHEYA/LUBINU',199,1,1),
    ('2015-03-15 00:24:27','2015-03-15 00:24:27',758,'LWANDANYI',208,1,1),
    ('2015-03-15 00:24:27','2015-03-15 00:24:27',759,'LWANDETI',266,1,1),
    ('2015-03-15 00:24:27','2015-03-15 00:24:27',760,'LYADUYWA/IZAVA',201,1,1),
    ('2015-03-15 00:24:27','2015-03-15 00:24:27',761,'MAALIMIN',42,1,1),
    ('2015-03-15 00:24:27','2015-03-15 00:24:27',762,'MABATINI',11,1,1),
    ('2015-03-15 00:24:27','2015-03-15 00:24:27',763,'MACALDER/KANYARWANDA',236,1,1),
    ('2015-03-15 00:24:27','2015-03-15 00:24:27',764,'MACHAKOS CENTRAL',81,1,1),
    ('2015-03-15 00:24:27','2015-03-15 00:24:27',765,'MACHEWA',269,1,1),
    ('2015-03-15 00:24:27','2015-03-15 00:24:27',766,'MACKINNON ROAD',17,1,1),
    ('2015-03-15 00:24:27','2015-03-15 00:24:27',767,'MADOGO',29,1,1),
    ('2015-03-15 00:24:27','2015-03-15 00:24:27',768,'MAENI',207,1,1),
    ('2015-03-15 00:24:27','2015-03-15 00:24:27',769,'MAGADI',174,1,1),
    ('2015-03-15 00:24:27','2015-03-15 00:24:27',770,'MAGARINI',25,1,1),
    ('2015-03-15 00:24:27','2015-03-15 00:24:27',771,'MAGENCHE',246,1,1),
    ('2015-03-15 00:24:27','2015-03-15 00:24:27',772,'MAGOGONI',12,1,1),
    ('2015-03-15 00:24:27','2015-03-15 00:24:27',773,'MAGOMBO',257,1,1),
    ('2015-03-15 00:24:27','2015-03-15 00:24:27',774,'MAGUMONI',70,1,1),
    ('2015-03-15 00:24:27','2015-03-15 00:24:27',775,'MAGUMU',89,1,1),
    ('2015-03-15 00:24:27','2015-03-15 00:24:27',776,'MAGUTU',92,1,1),
    ('2015-03-15 00:24:27','2015-03-15 00:24:27',777,'MAGWAGWA',255,1,1),
    ('2015-03-15 00:24:27','2015-03-15 00:24:27',778,'MAHIAKALO',196,1,1),
    ('2015-03-15 00:24:27','2015-03-15 00:24:27',779,'MAHIGA',93,1,1),
    ('2015-03-15 00:24:27','2015-03-15 00:24:27',780,'MAHOO',36,1,1),
    ('2015-03-15 00:24:27','2015-03-15 00:24:27',781,'MAI MAHIU',161,1,1),
    ('2015-03-15 00:24:27','2015-03-15 00:24:27',782,'MAIELLA',161,1,1),
    ('2015-03-15 00:24:27','2015-03-15 00:24:27',783,'MAIKONA',53,1,1),
    ('2015-03-15 00:24:27','2015-03-15 00:24:27',784,'MAJENGO',13,1,1),
    ('2015-03-15 00:24:27','2015-03-15 00:24:27',785,'MAJIMOTO/NAROOSURA',167,1,1),
    ('2015-03-15 00:24:27','2015-03-15 00:24:27',786,'MAJOGE BASI',244,1,1),
    ('2015-03-15 00:24:27','2015-03-15 00:24:27',787,'MAKERERO',238,1,1),
    ('2015-03-15 00:24:27','2015-03-15 00:24:27',788,'MAKIMA',74,1,1),
    ('2015-03-15 00:24:27','2015-03-15 00:24:27',789,'MAKINA',10,1,1),
    ('2015-03-15 00:24:27','2015-03-15 00:24:27',790,'MAKINDU',178,1,1),
    ('2015-03-15 00:24:27','2015-03-15 00:24:27',791,'MAKONGENI',280,1,1),
    ('2015-03-15 00:24:27','2015-03-15 00:24:27',792,'MAKUTANO',270,1,1),
    ('2015-03-15 00:24:27','2015-03-15 00:24:27',793,'MAKUTANO/ MWALA',83,1,1),
    ('2015-03-15 00:24:27','2015-03-15 00:24:27',794,'MAKUYU',103,1,1),
    ('2015-03-15 00:24:27','2015-03-15 00:24:27',795,'MALABA CENTRAL',214,1,1),
    ('2015-03-15 00:24:27','2015-03-15 00:24:27',796,'MALABA NORTH',214,1,1),
    ('2015-03-15 00:24:27','2015-03-15 00:24:27',797,'MALABA SOUTH',214,1,1),
    ('2015-03-15 00:24:27','2015-03-15 00:24:27',798,'MALAHA/ISONGO/MAKUNGA',199,1,1),
    ('2015-03-15 00:24:27','2015-03-15 00:24:27',799,'MALAKISI/SOUTH KULISIRU',208,1,1),
    ('2015-03-15 00:24:27','2015-03-15 00:24:27',800,'MALEWA WEST',162,1,1),
    ('2015-03-15 00:24:27','2015-03-15 00:24:27',801,'MALINDI TOWN',27,1,1),
    ('2015-03-15 00:24:27','2015-03-15 00:24:27',802,'MALKAGUFU',44,1,1),
    ('2015-03-15 00:24:27','2015-03-15 00:24:27',803,'MALKAMARI',52,1,1),
    ('2015-03-15 00:24:27','2015-03-15 00:24:27',804,'MANDA-SHIVANGA',194,1,1),
    ('2015-03-15 00:24:27','2015-03-15 00:24:27',805,'MANG\'U',107,1,1),
    ('2015-03-15 00:24:27','2015-03-15 00:24:27',806,'MANGA',257,1,1),
    ('2015-03-15 00:24:27','2015-03-15 00:24:27',807,'MANYATTA \'B\'',263,1,1),
    ('2015-03-15 00:24:27','2015-03-15 00:24:27',808,'MARA',170,1,1),
    ('2015-03-15 00:24:27','2015-03-15 00:24:27',809,'MARACHI CENTRAL',215,1,1),
    ('2015-03-15 00:24:27','2015-03-15 00:24:27',810,'MARACHI EAST',215,1,1),
    ('2015-03-15 00:24:27','2015-03-15 00:24:27',811,'MARACHI NORTH',215,1,1),
    ('2015-03-15 00:24:27','2015-03-15 00:24:27',812,'MARACHI WEST',215,1,1),
    ('2015-03-15 00:24:27','2015-03-15 00:24:27',813,'MARAFA',25,1,1),
    ('2015-03-15 00:24:27','2015-03-15 00:24:27',814,'MARAKA',211,1,1),
    ('2015-03-15 00:24:27','2015-03-15 00:24:27',815,'MARAKARU/TUUTI',205,1,1),
    ('2015-03-15 00:24:27','2015-03-15 00:24:27',816,'MARALAL',132,1,1),
    ('2015-03-15 00:24:27','2015-03-15 00:24:27',817,'MARAMA CENTRAL',192,1,1),
    ('2015-03-15 00:24:27','2015-03-15 00:24:27',818,'MARAMA NORTH',192,1,1),
    ('2015-03-15 00:24:27','2015-03-15 00:24:27',819,'MARAMA SOUTH',192,1,1),
    ('2015-03-15 00:24:27','2015-03-15 00:24:27',820,'MARAMA WEST',192,1,1),
    ('2015-03-15 00:24:27','2015-03-15 00:24:27',821,'MARANI',242,1,1),
    ('2015-03-15 00:24:27','2015-03-15 00:24:27',822,'MARENYO - SHIANDA',192,1,1),
    ('2015-03-15 00:24:27','2015-03-15 00:24:27',823,'MARIAKANI',21,1,1),
    ('2015-03-15 00:24:27','2015-03-15 00:24:27',824,'MARIANI',70,1,1),
    ('2015-03-15 00:24:27','2015-03-15 00:24:27',825,'MARIASHONI',165,1,1),
    ('2015-03-15 00:24:27','2015-03-15 00:24:27',826,'MARIGAT',153,1,1),
    ('2015-03-15 00:24:27','2015-03-15 00:24:27',827,'MARIMANTI',69,1,1),
    ('2015-03-15 00:24:27','2015-03-15 00:24:27',828,'MARINGO/HAMZA',280,1,1),
    ('2015-03-15 00:24:27','2015-03-15 00:24:27',829,'MARKET MILIMANI',265,1,1),
    ('2015-03-15 00:24:27','2015-03-15 00:24:27',830,'MARMANET',288,1,1),
    ('2015-03-15 00:24:27','2015-03-15 00:24:27',831,'MARSABIT CENTRAL',56,1,1),
    ('2015-03-15 00:24:27','2015-03-15 00:24:27',832,'MARUNGU',34,1,1),
    ('2015-03-15 00:24:27','2015-03-15 00:24:27',833,'MASABA',238,1,1),
    ('2015-03-15 00:24:27','2015-03-15 00:24:27',834,'MASALANI',38,1,1),
    ('2015-03-15 00:24:27','2015-03-15 00:24:27',835,'MASIGE EAST',245,1,1),
    ('2015-03-15 00:24:27','2015-03-15 00:24:27',836,'MASIGE WEST',245,1,1),
    ('2015-03-15 00:24:27','2015-03-15 00:24:27',837,'MASII',83,1,1),
    ('2015-03-15 00:24:27','2015-03-15 00:24:27',838,'MASIMBA',243,1,1),
    ('2015-03-15 00:24:27','2015-03-15 00:24:27',839,'MASINGA CENTRAL',84,1,1),
    ('2015-03-15 00:24:27','2015-03-15 00:24:27',840,'MASOGO/NYANG\'OMA',264,1,1),
    ('2015-03-15 00:24:27','2015-03-15 00:24:27',841,'MASONGALENI',183,1,1),
    ('2015-03-15 00:24:27','2015-03-15 00:24:27',842,'MASOOL',127,1,1),
    ('2015-03-15 00:24:27','2015-03-15 00:24:27',843,'MATA',36,1,1),
    ('2015-03-15 00:24:27','2015-03-15 00:24:27',844,'MATAPATO NORTH',173,1,1),
    ('2015-03-15 00:24:27','2015-03-15 00:24:27',845,'MATAPATO SOUTH',173,1,1),
    ('2015-03-15 00:24:27','2015-03-15 00:24:27',846,'MATAYOS SOUTH',218,1,1),
    ('2015-03-15 00:24:27','2015-03-15 00:24:27',847,'MATHARE NORTH',9,1,1),
    ('2015-03-15 00:24:27','2015-03-15 00:24:27',848,'MATINYANI',76,1,1),
    ('2015-03-15 00:24:27','2015-03-15 00:24:27',849,'MATISI',269,1,1),
    ('2015-03-15 00:24:27','2015-03-15 00:24:27',850,'MATOPENI/SPRING VALLEY',278,1,1),
    ('2015-03-15 00:24:27','2015-03-15 00:24:27',851,'MATSANGONI',23,1,1),
    ('2015-03-15 00:24:27','2015-03-15 00:24:27',852,'MATULO',291,1,1),
    ('2015-03-15 00:24:27','2015-03-15 00:24:27',853,'MATUMBEI',267,1,1),
    ('2015-03-15 00:24:27','2015-03-15 00:24:27',854,'MATUNGULU EAST',82,1,1),
    ('2015-03-15 00:24:27','2015-03-15 00:24:27',855,'MATUNGULU NORTH',82,1,1),
    ('2015-03-15 00:24:27','2015-03-15 00:24:27',856,'MATUNGULU WEST',82,1,1),
    ('2015-03-15 00:24:27','2015-03-15 00:24:27',857,'MATUU',80,1,1),
    ('2015-03-15 00:24:27','2015-03-15 00:24:27',858,'MAU NAROK',158,1,1),
    ('2015-03-15 00:24:27','2015-03-15 00:24:27',859,'MAUA',63,1,1),
    ('2015-03-15 00:24:27','2015-03-15 00:24:27',860,'MAUCHE',158,1,1),
    ('2015-03-15 00:24:27','2015-03-15 00:24:27',861,'MAUTUMA',266,1,1),
    ('2015-03-15 00:24:27','2015-03-15 00:24:27',862,'MAVINDINI',180,1,1),
    ('2015-03-15 00:24:27','2015-03-15 00:24:27',863,'MAVURIA',74,1,1),
    ('2015-03-15 00:24:27','2015-03-15 00:24:27',864,'MAYENJE',218,1,1),
    ('2015-03-15 00:24:27','2015-03-15 00:24:27',865,'MAYONI',191,1,1),
    ('2015-03-15 00:24:27','2015-03-15 00:24:27',866,'MBAKALO',210,1,1),
    ('2015-03-15 00:24:27','2015-03-15 00:24:27',867,'MBARUK/EBURU',162,1,1),
    ('2015-03-15 00:24:27','2015-03-15 00:24:27',868,'MBETI NORTH',73,1,1),
    ('2015-03-15 00:24:27','2015-03-15 00:24:27',869,'MBETI SOUTH',74,1,1),
    ('2015-03-15 00:24:27','2015-03-15 00:24:27',870,'MBEU',60,1,1),
    ('2015-03-15 00:24:27','2015-03-15 00:24:27',871,'MBIRI',106,1,1),
    ('2015-03-15 00:24:27','2015-03-15 00:24:27',872,'MBIRIKANI/ESELENKEI',176,1,1),
    ('2015-03-15 00:24:27','2015-03-15 00:24:27',873,'MBITINI',77,1,1),
    ('2015-03-15 00:24:27','2015-03-15 00:24:27',874,'MBIUNI',83,1,1),
    ('2015-03-15 00:24:27','2015-03-15 00:24:27',875,'MBOGHONI',36,1,1),
    ('2015-03-15 00:24:27','2015-03-15 00:24:27',876,'MBOLOLO',34,1,1),
    ('2015-03-15 00:24:27','2015-03-15 00:24:27',877,'MBOONI',179,1,1),
    ('2015-03-15 00:24:27','2015-03-15 00:24:27',878,'MEGUN',139,1,1),
    ('2015-03-15 00:24:27','2015-03-15 00:24:27',879,'MEKENENE',258,1,1),
    ('2015-03-15 00:24:27','2015-03-15 00:24:27',880,'MELELO',167,1,1),
    ('2015-03-15 00:24:27','2015-03-15 00:24:27',881,'MELILI',168,1,1),
    ('2015-03-15 00:24:27','2015-03-15 00:24:27',882,'MENENGAI',159,1,1),
    ('2015-03-15 00:24:27','2015-03-15 00:24:27',883,'MENENGAI WEST',160,1,1),
    ('2015-03-15 00:24:27','2015-03-15 00:24:27',884,'MERIGI',252,1,1),
    ('2015-03-15 00:24:27','2015-03-15 00:24:27',885,'METKEI',142,1,1),
    ('2015-03-15 00:24:27','2015-03-15 00:24:27',886,'MFANGANO ISLAND',232,1,1),
    ('2015-03-15 00:24:27','2015-03-15 00:24:27',887,'MIAMBANI',79,1,1),
    ('2015-03-15 00:24:27','2015-03-15 00:24:27',888,'MIGOSI',265,1,1),
    ('2015-03-15 00:24:27','2015-03-15 00:24:27',889,'MIGWANI',281,1,1),
    ('2015-03-15 00:24:27','2015-03-15 00:24:27',890,'MIHANGO',276,1,1),
    ('2015-03-15 00:24:27','2015-03-15 00:24:27',891,'MIHUU',211,1,1),
    ('2015-03-15 00:24:27','2015-03-15 00:24:27',892,'MIKINDANI',14,1,1),
    ('2015-03-15 00:24:27','2015-03-15 00:24:27',893,'MIKINDUNI',28,1,1),
    ('2015-03-15 00:24:27','2015-03-15 00:24:27',894,'MIKINDURI',65,1,1),
    ('2015-03-15 00:24:27','2015-03-15 00:24:27',895,'MILIMA',210,1,1),
    ('2015-03-15 00:24:27','2015-03-15 00:24:27',896,'MIRANGINE',285,1,1),
    ('2015-03-15 00:24:27','2015-03-15 00:24:27',897,'MIRITINI',14,1,1),
    ('2015-03-15 00:24:27','2015-03-15 00:24:27',898,'MISIKHU',291,1,1),
    ('2015-03-15 00:24:27','2015-03-15 00:24:27',899,'MITABONI',87,1,1),
    ('2015-03-15 00:24:27','2015-03-15 00:24:27',900,'MITHERU',68,1,1),
    ('2015-03-15 00:24:27','2015-03-15 00:24:27',901,'MITUNGUU',61,1,1),
    ('2015-03-15 00:24:27','2015-03-15 00:24:27',902,'MIWANI',264,1,1),
    ('2015-03-15 00:24:27','2015-03-15 00:24:27',903,'MJAMBERE',12,1,1),
    ('2015-03-15 00:24:27','2015-03-15 00:24:27',904,'MJI WA KALE/MAKADARA',13,1,1),
    ('2015-03-15 00:24:27','2015-03-15 00:24:27',905,'MKOMANI',31,1,1),
    ('2015-03-15 00:24:27','2015-03-15 00:24:27',906,'MKONGANI',18,1,1),
    ('2015-03-15 00:24:27','2015-03-15 00:24:27',907,'MKUNUMBI',31,1,1),
    ('2015-03-15 00:24:27','2015-03-15 00:24:27',908,'MLANGO KUBWA',11,1,1),
    ('2015-03-15 00:24:27','2015-03-15 00:24:27',909,'MNAGEI',126,1,1),
    ('2015-03-15 00:24:27','2015-03-15 00:24:27',910,'MNARANI',23,1,1),
    ('2015-03-15 00:24:27','2015-03-15 00:24:27',911,'MOCHONGOI',153,1,1),
    ('2015-03-15 00:24:27','2015-03-15 00:24:27',912,'MODOGASHE',42,1,1),
    ('2015-03-15 00:24:27','2015-03-15 00:24:27',913,'MOGOGOSIEK',189,1,1),
    ('2015-03-15 00:24:27','2015-03-15 00:24:27',914,'MOGONDO',171,1,1),
    ('2015-03-15 00:24:27','2015-03-15 00:24:27',915,'MOGOTIO',151,1,1),
    ('2015-03-15 00:24:27','2015-03-15 00:24:27',916,'MOI\'S BRIDGE',136,1,1),
    ('2015-03-15 00:24:27','2015-03-15 00:24:27',917,'MOIBEN',135,1,1),
    ('2015-03-15 00:24:27','2015-03-15 00:24:27',918,'MOIBEN/KUSERWO',130,1,1),
    ('2015-03-15 00:24:27','2015-03-15 00:24:27',919,'MOLO',165,1,1),
    ('2015-03-15 00:24:27','2015-03-15 00:24:27',920,'MONYERERO',242,1,1),
    ('2015-03-15 00:24:27','2015-03-15 00:24:27',921,'MOROTHILE',50,1,1),
    ('2015-03-15 00:24:27','2015-03-15 00:24:27',922,'MOSIRO',174,1,1),
    ('2015-03-15 00:24:27','2015-03-15 00:24:27',923,'MOSOP',160,1,1),
    ('2015-03-15 00:24:27','2015-03-15 00:24:27',924,'MOTICHO',249,1,1),
    ('2015-03-15 00:24:27','2015-03-15 00:24:27',925,'MOTOSIET',270,1,1),
    ('2015-03-15 00:24:27','2015-03-15 00:24:27',926,'MOUNTAIN VIEW',2,1,1),
    ('2015-03-15 00:24:27','2015-03-15 00:24:27',927,'MOWLEM',275,1,1),
    ('2015-03-15 00:24:27','2015-03-15 00:24:27',928,'MOYALE TOWNSHIP',54,1,1),
    ('2015-03-15 00:24:27','2015-03-15 00:24:27',929,'MTEPENI',24,1,1),
    ('2015-03-15 00:24:27','2015-03-15 00:24:27',930,'MTITO ANDEI',183,1,1),
    ('2015-03-15 00:24:27','2015-03-15 00:24:27',931,'MTONGWE',16,1,1),
    ('2015-03-15 00:24:27','2015-03-15 00:24:27',932,'MTOPANGA',12,1,1),
    ('2015-03-15 00:24:27','2015-03-15 00:24:27',933,'MUA',81,1,1),
    ('2015-03-15 00:24:27','2015-03-15 00:24:27',934,'MUCHATHA',109,1,1),
    ('2015-03-15 00:24:27','2015-03-15 00:24:27',935,'MUGOGODO EAST',155,1,1),
    ('2015-03-15 00:24:27','2015-03-15 00:24:27',936,'MUGOGODO WEST',155,1,1),
    ('2015-03-15 00:24:27','2015-03-15 00:24:27',937,'MUGOIRI',106,1,1),
    ('2015-03-15 00:24:27','2015-03-15 00:24:27',938,'MUGUGA',108,1,1),
    ('2015-03-15 00:24:27','2015-03-15 00:24:27',939,'MUGUMO-INI',112,1,1),
    ('2015-03-15 00:24:27','2015-03-15 00:24:27',940,'MUGUMU-INI',6,1,1),
    ('2015-03-15 00:24:27','2015-03-15 00:24:27',941,'MUGUNDA',91,1,1),
    ('2015-03-15 00:24:27','2015-03-15 00:24:27',942,'MUGURU',104,1,1),
    ('2015-03-15 00:24:27','2015-03-15 00:24:27',943,'MUGWE',70,1,1),
    ('2015-03-15 00:24:27','2015-03-15 00:24:27',944,'MUHORONI/KORU',264,1,1),
    ('2015-03-15 00:24:27','2015-03-15 00:24:27',945,'MUHUDU',200,1,1),
    ('2015-03-15 00:24:27','2015-03-15 00:24:27',946,'MUHURU',236,1,1),
    ('2015-03-15 00:24:27','2015-03-15 00:24:27',947,'MUI',282,1,1),
    ('2015-03-15 00:24:27','2015-03-15 00:24:27',948,'MUKAA',182,1,1),
    ('2015-03-15 00:24:27','2015-03-15 00:24:27',949,'MUKOTHIMA',69,1,1),
    ('2015-03-15 00:24:27','2015-03-15 00:24:27',950,'MUKURE',99,1,1),
    ('2015-03-15 00:24:27','2015-03-15 00:24:27',951,'MUKURWE-INI CENTRAL',95,1,1),
    ('2015-03-15 00:24:27','2015-03-15 00:24:27',952,'MUKURWE-INI WEST',95,1,1),
    ('2015-03-15 00:24:27','2015-03-15 00:24:27',953,'MUKUTANI',153,1,1),
    ('2015-03-15 00:24:27','2015-03-15 00:24:27',954,'MUKUYUNI',212,1,1),
    ('2015-03-15 00:24:27','2015-03-15 00:24:27',955,'MULANGO',79,1,1),
    ('2015-03-15 00:24:27','2015-03-15 00:24:27',956,'MUMBERES/MAJI MAZURI',152,1,1),
    ('2015-03-15 00:24:27','2015-03-15 00:24:27',957,'MUMBUNI NORTH',81,1,1),
    ('2015-03-15 00:24:27','2015-03-15 00:24:27',958,'MUMIAS CENTRAL',197,1,1),
    ('2015-03-15 00:24:27','2015-03-15 00:24:27',959,'MUMIAS NORTH',197,1,1),
    ('2015-03-15 00:24:27','2015-03-15 00:24:27',960,'MUMINJI',72,1,1),
    ('2015-03-15 00:24:27','2015-03-15 00:24:27',961,'MUMONI',283,1,1),
    ('2015-03-15 00:24:27','2015-03-15 00:24:27',962,'MUNGOMA',203,1,1),
    ('2015-03-15 00:24:27','2015-03-15 00:24:27',963,'MUNICIPALITY',59,1,1),
    ('2015-03-15 00:24:27','2015-03-15 00:24:27',964,'MURARANDIA',106,1,1),
    ('2015-03-15 00:24:27','2015-03-15 00:24:27',965,'MURERA',117,1,1),
    ('2015-03-15 00:24:27','2015-03-15 00:24:27',966,'MURHANDA',190,1,1),
    ('2015-03-15 00:24:27','2015-03-15 00:24:27',967,'MURINDATI',162,1,1),
    ('2015-03-15 00:24:27','2015-03-15 00:24:27',968,'MURINDUKO',100,1,1),
    ('2015-03-15 00:24:27','2015-03-15 00:24:27',969,'MURUKA',102,1,1),
    ('2015-03-15 00:24:27','2015-03-15 00:24:27',970,'MURUNGARU',89,1,1),
    ('2015-03-15 00:24:27','2015-03-15 00:24:27',971,'MUSANDA',197,1,1),
    ('2015-03-15 00:24:27','2015-03-15 00:24:27',972,'MUSIKOMA',205,1,1),
    ('2015-03-15 00:24:27','2015-03-15 00:24:27',973,'MUTARAKWA',254,1,1),
    ('2015-03-15 00:24:27','2015-03-15 00:24:27',974,'MUTHA',78,1,1),
    ('2015-03-15 00:24:27','2015-03-15 00:24:27',975,'MUTHAMBI',68,1,1),
    ('2015-03-15 00:24:27','2015-03-15 00:24:27',976,'MUTHARA',65,1,1),
    ('2015-03-15 00:24:27','2015-03-15 00:24:27',977,'MUTHESYA',84,1,1),
    ('2015-03-15 00:24:27','2015-03-15 00:24:27',978,'MUTHETHENI',83,1,1),
    ('2015-03-15 00:24:27','2015-03-15 00:24:27',979,'MUTHITHI',105,1,1),
    ('2015-03-15 00:24:27','2015-03-15 00:24:27',980,'MUTHWANI',86,1,1),
    ('2015-03-15 00:24:27','2015-03-15 00:24:27',981,'MUTIRA',98,1,1),
    ('2015-03-15 00:24:27','2015-03-15 00:24:27',982,'MUTITHI',100,1,1),
    ('2015-03-15 00:24:27','2015-03-15 00:24:27',983,'MUTITO/KALIKU',75,1,1),
    ('2015-03-15 00:24:27','2015-03-15 00:24:27',984,'MUTITUNI',81,1,1),
    ('2015-03-15 00:24:27','2015-03-15 00:24:27',985,'MUTOMO',78,1,1),
    ('2015-03-15 00:24:27','2015-03-15 00:24:27',986,'MUTONGUNI',76,1,1),
    ('2015-03-15 00:24:27','2015-03-15 00:24:27',987,'MUTU-INI',7,1,1),
    ('2015-03-15 00:24:27','2015-03-15 00:24:27',988,'MUVAU/KIKUUMINI',180,1,1),
    ('2015-03-15 00:24:27','2015-03-15 00:24:27',989,'MUVUTI/KIIMA-KIMWE',81,1,1),
    ('2015-03-15 00:24:27','2015-03-15 00:24:27',990,'MWAKIRUNGE',12,1,1),
    ('2015-03-15 00:24:27','2015-03-15 00:24:27',991,'MWANAMWINGA',21,1,1),
    ('2015-03-15 00:24:27','2015-03-15 00:24:27',992,'MWANDA/MGANGE',33,1,1),
    ('2015-03-15 00:24:27','2015-03-15 00:24:27',993,'MWANGANTHIA',66,1,1),
    ('2015-03-15 00:24:27','2015-03-15 00:24:27',994,'MWARAKAYA',24,1,1),
    ('2015-03-15 00:24:27','2015-03-15 00:24:27',995,'MWATATE',35,1,1),
    ('2015-03-15 00:24:27','2015-03-15 00:24:27',996,'MWAVUMBO',17,1,1),
    ('2015-03-15 00:24:27','2015-03-15 00:24:27',997,'MWAWESA',26,1,1),
    ('2015-03-15 00:24:27','2015-03-15 00:24:27',998,'MWEA',74,1,1),
    ('2015-03-15 00:24:27','2015-03-15 00:24:27',999,'MWEIGA',91,1,1),
    ('2015-03-15 00:24:27','2015-03-15 00:24:27',1000,'MWERENI',19,1,1),
    ('2015-03-15 00:24:27','2015-03-15 00:24:27',1001,'MWIBONA',202,1,1),
    ('2015-03-15 00:24:27','2015-03-15 00:24:27',1002,'MWIHOKO',118,1,1),
    ('2015-03-15 00:24:27','2015-03-15 00:24:27',1003,'MWIKI',118,1,1),
    ('2015-03-15 00:24:27','2015-03-15 00:24:27',1004,'MWIMBI',68,1,1),
    ('2015-03-15 00:24:27','2015-03-15 00:24:27',1005,'MWIYOGO/ENDARASHA',91,1,1),
    ('2015-03-15 00:24:27','2015-03-15 00:24:27',1006,'NAATHU',67,1,1),
    ('2015-03-15 00:24:27','2015-03-15 00:24:27',1007,'NABISWA',271,1,1),
    ('2015-03-15 00:24:27','2015-03-15 00:24:27',1008,'NACHOLA',131,1,1),
    ('2015-03-15 00:24:27','2015-03-15 00:24:27',1009,'NACHU',113,1,1),
    ('2015-03-15 00:24:27','2015-03-15 00:24:27',1010,'NAIKARRA',170,1,1),
    ('2015-03-15 00:24:27','2015-03-15 00:24:27',1011,'NAIROBI CENTRAL',5,1,1),
    ('2015-03-15 00:24:27','2015-03-15 00:24:27',1012,'NAIROBI SOUTH',5,1,1),
    ('2015-03-15 00:24:27','2015-03-15 00:24:27',1013,'NAIROBI WEST',6,1,1),
    ('2015-03-15 00:24:27','2015-03-15 00:24:27',1014,'NAITIRI/KABUYEFWE',210,1,1),
    ('2015-03-15 00:24:27','2015-03-15 00:24:27',1015,'NAIVASHA EAST',161,1,1),
    ('2015-03-15 00:24:27','2015-03-15 00:24:27',1016,'NAKALALE',120,1,1),
    ('2015-03-15 00:24:27','2015-03-15 00:24:27',1017,'NAKURU EAST',159,1,1),
    ('2015-03-15 00:24:27','2015-03-15 00:24:27',1018,'NAMAMALI',191,1,1),
    ('2015-03-15 00:24:27','2015-03-15 00:24:27',1019,'NAMBALE TOWNSHIP',219,1,1),
    ('2015-03-15 00:24:27','2015-03-15 00:24:27',1020,'NAMBOBOTO NAMBUKU',216,1,1),
    ('2015-03-15 00:24:27','2015-03-15 00:24:27',1021,'NAMWELA',208,1,1),
    ('2015-03-15 00:24:27','2015-03-15 00:24:27',1022,'NANAAM',123,1,1),
    ('2015-03-15 00:24:27','2015-03-15 00:24:27',1023,'NANDI HILLS',144,1,1),
    ('2015-03-15 00:24:27','2015-03-15 00:24:27',1024,'NANGINA',216,1,1),
    ('2015-03-15 00:24:27','2015-03-15 00:24:27',1025,'NANIGHI',41,1,1),
    ('2015-03-15 00:24:27','2015-03-15 00:24:27',1026,'NANYUKI',289,1,1),
    ('2015-03-15 00:24:27','2015-03-15 00:24:27',1027,'NAROK TOWN',168,1,1),
    ('2015-03-15 00:24:27','2015-03-15 00:24:27',1028,'NAROMORU KIAMATHAGA',91,1,1),
    ('2015-03-15 00:24:27','2015-03-15 00:24:27',1029,'NDALANI',80,1,1),
    ('2015-03-15 00:24:27','2015-03-15 00:24:27',1030,'NDALAT',143,1,1),
    ('2015-03-15 00:24:27','2015-03-15 00:24:27',1031,'NDALU/ TABANI',210,1,1),
    ('2015-03-15 00:24:27','2015-03-15 00:24:27',1032,'NDANAI/ABOSI',253,1,1),
    ('2015-03-15 00:24:27','2015-03-15 00:24:27',1033,'NDARAWETA',254,1,1),
    ('2015-03-15 00:24:27','2015-03-15 00:24:27',1034,'NDARUGU',115,1,1),
    ('2015-03-15 00:24:27','2015-03-15 00:24:27',1035,'NDAVAYA',17,1,1),
    ('2015-03-15 00:24:27','2015-03-15 00:24:27',1036,'NDEIYA',114,1,1),
    ('2015-03-15 00:24:27','2015-03-15 00:24:27',1037,'NDENDERU',109,1,1),
    ('2015-03-15 00:24:27','2015-03-15 00:24:27',1038,'NDITHINI',84,1,1),
    ('2015-03-15 00:24:27','2015-03-15 00:24:27',1039,'NDIVISI',211,1,1),
    ('2015-03-15 00:24:27','2015-03-15 00:24:27',1040,'NDOTO',131,1,1),
    ('2015-03-15 00:24:27','2015-03-15 00:24:27',1041,'NDUMBERI',119,1,1),
    ('2015-03-15 00:24:27','2015-03-15 00:24:27',1042,'NEBOI',274,1,1),
    ('2015-03-15 00:24:27','2015-03-15 00:24:27',1043,'NESSUIT',158,1,1),
    ('2015-03-15 00:24:27','2015-03-15 00:24:27',1044,'NG\'ARARIA',102,1,1),
    ('2015-03-15 00:24:27','2015-03-15 00:24:27',1045,'NGANDO',7,1,1),
    ('2015-03-15 00:24:27','2015-03-15 00:24:27',1046,'NGARA',5,1,1),
    ('2015-03-15 00:24:27','2015-03-15 00:24:27',1047,'NGARE MARA',57,1,1),
    ('2015-03-15 00:24:27','2015-03-15 00:24:27',1048,'NGARIAMA',97,1,1),
    ('2015-03-15 00:24:27','2015-03-15 00:24:27',1049,'NGECHA TIGONI',114,1,1),
    ('2015-03-15 00:24:27','2015-03-15 00:24:27',1050,'NGEI',11,1,1),
    ('2015-03-15 00:24:27','2015-03-15 00:24:27',1051,'NGENDA',115,1,1),
    ('2015-03-15 00:24:27','2015-03-15 00:24:27',1052,'NGENYILEL',137,1,1),
    ('2015-03-15 00:24:27','2015-03-15 00:24:27',1053,'NGERIA',139,1,1),
    ('2015-03-15 00:24:27','2015-03-15 00:24:27',1054,'NGEWA',110,1,1),
    ('2015-03-15 00:24:27','2015-03-15 00:24:27',1055,'NGINDA',73,1,1),
    ('2015-03-15 00:24:27','2015-03-15 00:24:27',1056,'NGOBIT',289,1,1),
    ('2015-03-15 00:24:27','2015-03-15 00:24:27',1057,'NGOLIA',34,1,1),
    ('2015-03-15 00:24:27','2015-03-15 00:24:27',1058,'NGOLIBA',111,1,1),
    ('2015-03-15 00:24:27','2015-03-15 00:24:27',1059,'NGOMENI',283,1,1),
    ('2015-03-15 00:24:27','2015-03-15 00:24:27',1060,'NGONG',177,1,1),
    ('2015-03-15 00:24:27','2015-03-15 00:24:27',1061,'NGUNI',282,1,1),
    ('2015-03-15 00:24:27','2015-03-15 00:24:27',1062,'NGUU/MASUMBA',178,1,1),
    ('2015-03-15 00:24:27','2015-03-15 00:24:27',1063,'NGUUMO',178,1,1),
    ('2015-03-15 00:24:27','2015-03-15 00:24:27',1064,'NGUUTANI',281,1,1),
    ('2015-03-15 00:24:27','2015-03-15 00:24:27',1065,'NJABINIKIBURU',89,1,1),
    ('2015-03-15 00:24:27','2015-03-15 00:24:27',1066,'NJIA',64,1,1),
    ('2015-03-15 00:24:27','2015-03-15 00:24:27',1067,'NJIRU',8,1,1),
    ('2015-03-15 00:24:27','2015-03-15 00:24:27',1068,'NJORO',158,1,1),
    ('2015-03-15 00:24:27','2015-03-15 00:24:27',1069,'NJUKIINI',97,1,1),
    ('2015-03-15 00:24:27','2015-03-15 00:24:27',1070,'NKAIMURUNYA',177,1,1),
    ('2015-03-15 00:24:27','2015-03-15 00:24:27',1071,'NKARETA',168,1,1),
    ('2015-03-15 00:24:27','2015-03-15 00:24:27',1072,'NKOMO',60,1,1),
    ('2015-03-15 00:24:27','2015-03-15 00:24:27',1073,'NKONDI',69,1,1),
    ('2015-03-15 00:24:27','2015-03-15 00:24:27',1074,'NKUENE',61,1,1),
    ('2015-03-15 00:24:27','2015-03-15 00:24:27',1075,'NORTH ALEGO',226,1,1),
    ('2015-03-15 00:24:27','2015-03-15 00:24:27',1076,'NORTH EAST BUNYORE',204,1,1),
    ('2015-03-15 00:24:27','2015-03-15 00:24:27',1077,'NORTH GEM',225,1,1),
    ('2015-03-15 00:24:27','2015-03-15 00:24:27',1078,'NORTH HORR',53,1,1),
    ('2015-03-15 00:24:27','2015-03-15 00:24:27',1079,'NORTH KADEM',236,1,1),
    ('2015-03-15 00:24:27','2015-03-15 00:24:27',1080,'NORTH KAMAGAMBO',240,1,1),
    ('2015-03-15 00:24:27','2015-03-15 00:24:27',1081,'NORTH KANYAMKAGO',239,1,1),
    ('2015-03-15 00:24:27','2015-03-15 00:24:27',1082,'NORTH KARACHUONYO',230,1,1),
    ('2015-03-15 00:24:27','2015-03-15 00:24:27',1083,'NORTH KINANGOP',89,1,1),
    ('2015-03-15 00:24:27','2015-03-15 00:24:27',1084,'NORTH MARAGOLI',201,1,1),
    ('2015-03-15 00:24:27','2015-03-15 00:24:27',1085,'NORTH NYAKACH',259,1,1),
    ('2015-03-15 00:24:27','2015-03-15 00:24:27',1086,'NORTH SAKWA',237,1,1),
    ('2015-03-15 00:24:27','2015-03-15 00:24:27',1087,'NORTH SEME',260,1,1),
    ('2015-03-15 00:24:27','2015-03-15 00:24:27',1088,'NORTH UGENYA',221,1,1),
    ('2015-03-15 00:24:27','2015-03-15 00:24:27',1089,'NORTH UYOMA',222,1,1),
    ('2015-03-15 00:24:27','2015-03-15 00:24:27',1090,'NORTH WEST KISUMU',262,1,1),
    ('2015-03-15 00:24:27','2015-03-15 00:24:27',1091,'NTHAWA',72,1,1),
    ('2015-03-15 00:24:27','2015-03-15 00:24:27',1092,'NTIMA EAST',59,1,1),
    ('2015-03-15 00:24:27','2015-03-15 00:24:27',1093,'NTIMA WEST',59,1,1),
    ('2015-03-15 00:24:27','2015-03-15 00:24:27',1094,'NTIMARU EAST',235,1,1),
    ('2015-03-15 00:24:27','2015-03-15 00:24:27',1095,'NTIMARU WEST',235,1,1),
    ('2015-03-15 00:24:27','2015-03-15 00:24:27',1096,'NTUNENE',67,1,1),
    ('2015-03-15 00:24:27','2015-03-15 00:24:27',1097,'NUU',282,1,1),
    ('2015-03-15 00:24:27','2015-03-15 00:24:27',1098,'NYABASI EAST',235,1,1),
    ('2015-03-15 00:24:27','2015-03-15 00:24:27',1099,'NYABASI WEST',235,1,1),
    ('2015-03-15 00:24:27','2015-03-15 00:24:27',1100,'NYACHEKI',245,1,1),
    ('2015-03-15 00:24:27','2015-03-15 00:24:27',1101,'NYADHUNA',108,1,1),
    ('2015-03-15 00:24:27','2015-03-15 00:24:27',1102,'NYAKI EAST',59,1,1),
    ('2015-03-15 00:24:27','2015-03-15 00:24:27',1103,'NYAKI WEST',59,1,1),
    ('2015-03-15 00:24:27','2015-03-15 00:24:27',1104,'NYAKIO',89,1,1),
    ('2015-03-15 00:24:27','2015-03-15 00:24:27',1105,'NYAKOE',248,1,1),
    ('2015-03-15 00:24:27','2015-03-15 00:24:27',1106,'NYALENDA \'A\'',263,1,1),
    ('2015-03-15 00:24:27','2015-03-15 00:24:27',1107,'NYALENDA B',265,1,1),
    ('2015-03-15 00:24:27','2015-03-15 00:24:27',1108,'NYAMAIYA',256,1,1),
    ('2015-03-15 00:24:27','2015-03-15 00:24:27',1109,'NYAMASIBI',243,1,1),
    ('2015-03-15 00:24:27','2015-03-15 00:24:27',1110,'NYAMOSENSE/KOMOSOKO',238,1,1),
    ('2015-03-15 00:24:27','2015-03-15 00:24:27',1111,'NYANDUMA',116,1,1),
    ('2015-03-15 00:24:27','2015-03-15 00:24:27',1112,'NYANGATI',100,1,1),
    ('2015-03-15 00:24:27','2015-03-15 00:24:27',1113,'NYANGORES',251,1,1),
    ('2015-03-15 00:24:27','2015-03-15 00:24:27',1114,'NYANSIONGO',258,1,1),
    ('2015-03-15 00:24:27','2015-03-15 00:24:27',1115,'NYATIEKO',248,1,1),
    ('2015-03-15 00:24:27','2015-03-15 00:24:27',1116,'NYAYO HIGHRISE',6,1,1),
    ('2015-03-15 00:24:27','2015-03-15 00:24:27',1117,'NYIRO',131,1,1),
    ('2015-03-15 00:24:27','2015-03-15 00:24:27',1118,'NYOTA',164,1,1),
    ('2015-03-15 00:24:27','2015-03-15 00:24:27',1119,'NZAMBANI',75,1,1),
    ('2015-03-15 00:24:27','2015-03-15 00:24:27',1120,'NZAUI/KILILI/KALAMBA',180,1,1),
    ('2015-03-15 00:24:27','2015-03-15 00:24:27',1121,'NZOIA',272,1,1),
    ('2015-03-15 00:24:27','2015-03-15 00:24:27',1122,'OBBU',54,1,1),
    ('2015-03-15 00:24:27','2015-03-15 00:24:27',1123,'OL\'LESSOS',144,1,1),
    ('2015-03-15 00:24:27','2015-03-15 00:24:27',1124,'OL-MORAN',288,1,1),
    ('2015-03-15 00:24:27','2015-03-15 00:24:27',1125,'OLDO/NYIRO',57,1,1),
    ('2015-03-15 00:24:27','2015-03-15 00:24:27',1126,'OLKARIA',161,1,1),
    ('2015-03-15 00:24:27','2015-03-15 00:24:27',1127,'OLKERI',177,1,1),
    ('2015-03-15 00:24:27','2015-03-15 00:24:27',1128,'OLOKURTO',168,1,1),
    ('2015-03-15 00:24:27','2015-03-15 00:24:27',1129,'OLOlMASANI',171,1,1),
    ('2015-03-15 00:24:27','2015-03-15 00:24:27',1130,'OLOLULUNG\'A',167,1,1),
    ('2015-03-15 00:24:27','2015-03-15 00:24:27',1131,'OLOOLUA',177,1,1),
    ('2015-03-15 00:24:27','2015-03-15 00:24:27',1132,'OLOOSIRKON/SHOLINKE',175,1,1),
    ('2015-03-15 00:24:27','2015-03-15 00:24:27',1133,'OLORROPIL',168,1,1),
    ('2015-03-15 00:24:27','2015-03-15 00:24:27',1134,'OLPUSIMORU',168,1,1),
    ('2015-03-15 00:24:27','2015-03-15 00:24:27',1135,'OMBEYI',264,1,1),
    ('2015-03-15 00:24:27','2015-03-15 00:24:27',1136,'ONGATA RONGAI',177,1,1),
    ('2015-03-15 00:24:27','2015-03-15 00:24:27',1137,'PANGANI',5,1,1),
    ('2015-03-15 00:24:27','2015-03-15 00:24:27',1138,'PARKLANDS/HIGHRIDGE',2,1,1),
    ('2015-03-15 00:24:27','2015-03-15 00:24:27',1139,'PIPELINE',279,1,1),
    ('2015-03-15 00:24:27','2015-03-15 00:24:27',1140,'PONGWE/KIKONENI',19,1,1),
    ('2015-03-15 00:24:27','2015-03-15 00:24:27',1141,'PORO',132,1,1),
    ('2015-03-15 00:24:27','2015-03-15 00:24:27',1142,'PORT REITZ',290,1,1),
    ('2015-03-15 00:24:27','2015-03-15 00:24:27',1143,'PUMA',17,1,1),
    ('2015-03-15 00:24:27','2015-03-15 00:24:27',1144,'PUMWANI',1,1,1),
    ('2015-03-15 00:24:27','2015-03-15 00:24:27',1145,'PURKO',173,1,1),
    ('2015-03-15 00:24:27','2015-03-15 00:24:27',1146,'RABAI/KISURUTINI',26,1,1),
    ('2015-03-15 00:24:27','2015-03-15 00:24:27',1147,'RACECOURSE',138,1,1),
    ('2015-03-15 00:24:27','2015-03-15 00:24:27',1148,'RAGANA-ORUBA',287,1,1),
    ('2015-03-15 00:24:27','2015-03-15 00:24:27',1149,'RAILWAYS',265,1,1),
    ('2015-03-15 00:24:27','2015-03-15 00:24:27',1150,'RAMISI',20,1,1),
    ('2015-03-15 00:24:27','2015-03-15 00:24:27',1151,'RAVINE',152,1,1),
    ('2015-03-15 00:24:27','2015-03-15 00:24:27',1152,'RHAMU',50,1,1),
    ('2015-03-15 00:24:27','2015-03-15 00:24:27',1153,'RHAMU-DIMTU',50,1,1),
    ('2015-03-15 00:24:27','2015-03-15 00:24:27',1154,'RHODA',163,1,1),
    ('2015-03-15 00:24:27','2015-03-15 00:24:27',1155,'RIABAI',119,1,1),
    ('2015-03-15 00:24:27','2015-03-15 00:24:27',1156,'RIANA',247,1,1),
    ('2015-03-15 00:24:27','2015-03-15 00:24:27',1157,'RIBKWO',154,1,1),
    ('2015-03-15 00:24:27','2015-03-15 00:24:27',1158,'RIGOMA',257,1,1),
    ('2015-03-15 00:24:27','2015-03-15 00:24:27',1159,'RIRUTA',7,1,1),
    ('2015-03-15 00:24:27','2015-03-15 00:24:27',1160,'RIWO',126,1,1),
    ('2015-03-15 00:24:27','2015-03-15 00:24:27',1161,'ROMBO',176,1,1),
    ('2015-03-15 00:24:27','2015-03-15 00:24:27',1162,'RONG\'E',35,1,1),
    ('2015-03-15 00:24:27','2015-03-15 00:24:27',1163,'RONGENA/MANARET',253,1,1),
    ('2015-03-15 00:24:27','2015-03-15 00:24:27',1164,'ROYSAMBU',4,1,1),
    ('2015-03-15 00:24:27','2015-03-15 00:24:27',1165,'RUAI',8,1,1),
    ('2015-03-15 00:24:27','2015-03-15 00:24:27',1166,'RUCHU',102,1,1),
    ('2015-03-15 00:24:27','2015-03-15 00:24:27',1167,'RUGI',95,1,1),
    ('2015-03-15 00:24:27','2015-03-15 00:24:27',1168,'RUGURU',92,1,1),
    ('2015-03-15 00:24:27','2015-03-15 00:24:27',1169,'RUGURU/NGANDORI',73,1,1),
    ('2015-03-15 00:24:27','2015-03-15 00:24:27',1170,'RUIRI/RWARERA',62,1,1),
    ('2015-03-15 00:24:27','2015-03-15 00:24:27',1171,'RUMA-KAKSINGRI',229,1,1),
    ('2015-03-15 00:24:27','2015-03-15 00:24:27',1172,'RUMURUTI TOWNSHIP',288,1,1),
    ('2015-03-15 00:24:27','2015-03-15 00:24:27',1173,'RURII',285,1,1),
    ('2015-03-15 00:24:27','2015-03-15 00:24:27',1174,'RURING\'U',96,1,1),
    ('2015-03-15 00:24:27','2015-03-15 00:24:27',1175,'RURUMA',26,1,1),
    ('2015-03-15 00:24:27','2015-03-15 00:24:27',1176,'RUSINGA ISLAND',232,1,1),
    ('2015-03-15 00:24:27','2015-03-15 00:24:27',1177,'RWARE',96,1,1),
    ('2015-03-15 00:24:27','2015-03-15 00:24:27',1178,'RWATHIA',104,1,1),
    ('2015-03-15 00:24:27','2015-03-15 00:24:27',1179,'SABAKI',25,1,1),
    ('2015-03-15 00:24:27','2015-03-15 00:24:27',1180,'SABENA',42,1,1),
    ('2015-03-15 00:24:27','2015-03-15 00:24:27',1181,'SABOTI',269,1,1),
    ('2015-03-15 00:24:27','2015-03-15 00:24:27',1182,'SACHO',149,1,1),
    ('2015-03-15 00:24:27','2015-03-15 00:24:27',1183,'SAGALLA',34,1,1),
    ('2015-03-15 00:24:27','2015-03-15 00:24:27',1184,'SAGAMIAN',167,1,1),
    ('2015-03-15 00:24:27','2015-03-15 00:24:27',1185,'SAGANTE/JALDESA',56,1,1),
    ('2015-03-15 00:24:27','2015-03-15 00:24:27',1186,'SAIMO/KIPSARAMAN',150,1,1),
    ('2015-03-15 00:24:27','2015-03-15 00:24:27',1187,'SAIMO/SOI',150,1,1),
    ('2015-03-15 00:24:27','2015-03-15 00:24:27',1188,'SAKA',37,1,1),
    ('2015-03-15 00:24:27','2015-03-15 00:24:27',1189,'SALA',29,1,1),
    ('2015-03-15 00:24:27','2015-03-15 00:24:27',1190,'SALAMA',288,1,1),
    ('2015-03-15 00:24:27','2015-03-15 00:24:27',1191,'SAMBIRIR',140,1,1),
    ('2015-03-15 00:24:27','2015-03-15 00:24:27',1192,'SAMETA/MOKWERERO',245,1,1),
    ('2015-03-15 00:24:27','2015-03-15 00:24:27',1193,'SANGAILU',38,1,1),
    ('2015-03-15 00:24:27','2015-03-15 00:24:27',1194,'SANGALO/KEBULONIK',143,1,1),
    ('2015-03-15 00:24:27','2015-03-15 00:24:27',1195,'SANGO',272,1,1),
    ('2015-03-15 00:24:27','2015-03-15 00:24:27',1196,'SANKURI',37,1,1),
    ('2015-03-15 00:24:27','2015-03-15 00:24:27',1197,'SARANGOMBE',10,1,1),
    ('2015-03-15 00:24:27','2015-03-15 00:24:27',1198,'SARMAN',46,1,1),
    ('2015-03-15 00:24:27','2015-03-15 00:24:27',1199,'SEGERA',155,1,1),
    ('2015-03-15 00:24:27','2015-03-15 00:24:27',1200,'SEGERO/BARSOMBE',136,1,1),
    ('2015-03-15 00:24:27','2015-03-15 00:24:27',1201,'SEKERR',127,1,1),
    ('2015-03-15 00:24:27','2015-03-15 00:24:27',1202,'SENGWER',130,1,1),
    ('2015-03-15 00:24:27','2015-03-15 00:24:27',1203,'SENSI',242,1,1),
    ('2015-03-15 00:24:27','2015-03-15 00:24:27',1204,'SERGOIT',135,1,1),
    ('2015-03-15 00:24:27','2015-03-15 00:24:27',1205,'SERICHO',58,1,1),
    ('2015-03-15 00:24:27','2015-03-15 00:24:27',1206,'SHAABAB',163,1,1),
    ('2015-03-15 00:24:27','2015-03-15 00:24:27',1207,'SHAMAKHOKHO',200,1,1),
    ('2015-03-15 00:24:27','2015-03-15 00:24:27',1208,'SHAMATA',90,1,1),
    ('2015-03-15 00:24:27','2015-03-15 00:24:27',1209,'SHANKOE',169,1,1),
    ('2015-03-15 00:24:27','2015-03-15 00:24:27',1210,'SHANZU',12,1,1),
    ('2015-03-15 00:24:27','2015-03-15 00:24:27',1211,'SHAURIMOYO KALOLENI',265,1,1),
    ('2015-03-15 00:24:27','2015-03-15 00:24:27',1212,'SHELLA',27,1,1),
    ('2015-03-15 00:24:27','2015-03-15 00:24:27',1213,'SHEYWE',196,1,1),
    ('2015-03-15 00:24:27','2015-03-15 00:24:27',1214,'SHIKA ADABU',16,1,1),
    ('2015-03-15 00:24:27','2015-03-15 00:24:27',1215,'SHIMANZI/GANJONI',13,1,1),
    ('2015-03-15 00:24:27','2015-03-15 00:24:27',1216,'SHIMBIR FATUMA',49,1,1),
    ('2015-03-15 00:24:27','2015-03-15 00:24:27',1217,'SHIMO LA TEWA',24,1,1),
    ('2015-03-15 00:24:27','2015-03-15 00:24:27',1218,'SHINOYI-SHIKOMARI-ESUMEYIA',198,1,1),
    ('2015-03-15 00:24:27','2015-03-15 00:24:27',1219,'SHIRERE',196,1,1),
    ('2015-03-15 00:24:27','2015-03-15 00:24:27',1220,'SHIRU',200,1,1),
    ('2015-03-15 00:24:27','2015-03-15 00:24:27',1221,'SHIRUGU-MUGAI',194,1,1),
    ('2015-03-15 00:24:27','2015-03-15 00:24:27',1222,'SIANA',170,1,1),
    ('2015-03-15 00:24:27','2015-03-15 00:24:27',1223,'SIAYA TOWNSHIP',226,1,1),
    ('2015-03-15 00:24:27','2015-03-15 00:24:27',1224,'SIBOTI',209,1,1),
    ('2015-03-15 00:24:27','2015-03-15 00:24:27',1225,'SIDINDI',224,1,1),
    ('2015-03-15 00:24:27','2015-03-15 00:24:27',1226,'SIGOMERE',224,1,1),
    ('2015-03-15 00:24:27','2015-03-15 00:24:27',1227,'SIGONA',113,1,1),
    ('2015-03-15 00:24:27','2015-03-15 00:24:27',1228,'SIGOR',251,1,1),
    ('2015-03-15 00:24:27','2015-03-15 00:24:27',1229,'SIGOWET',186,1,1),
    ('2015-03-15 00:24:27','2015-03-15 00:24:27',1230,'SIKHENDU',271,1,1),
    ('2015-03-15 00:24:27','2015-03-15 00:24:27',1231,'SILALE',154,1,1),
    ('2015-03-15 00:24:27','2015-03-15 00:24:27',1232,'SILIBWET TOWNSHIP',254,1,1),
    ('2015-03-15 00:24:27','2015-03-15 00:24:27',1233,'SIMAT/KAPSERET',139,1,1),
    ('2015-03-15 00:24:27','2015-03-15 00:24:27',1234,'SINGORWET',254,1,1),
    ('2015-03-15 00:24:27','2015-03-15 00:24:27',1235,'SINOKO',272,1,1),
    ('2015-03-15 00:24:27','2015-03-15 00:24:27',1236,'SINYERERE',270,1,1),
    ('2015-03-15 00:24:27','2015-03-15 00:24:27',1237,'SIONGIROI',251,1,1),
    ('2015-03-15 00:24:27','2015-03-15 00:24:27',1238,'SIRENDE',271,1,1),
    ('2015-03-15 00:24:27','2015-03-15 00:24:27',1239,'SIRIKWA',164,1,1),
    ('2015-03-15 00:24:27','2015-03-15 00:24:27',1240,'SITATUNGA',270,1,1),
    ('2015-03-15 00:24:27','2015-03-15 00:24:27',1241,'SITIKHO',291,1,1),
    ('2015-03-15 00:24:27','2015-03-15 00:24:27',1242,'SIYOI',126,1,1),
    ('2015-03-15 00:24:27','2015-03-15 00:24:27',1243,'SOGOO',167,1,1),
    ('2015-03-15 00:24:27','2015-03-15 00:24:27',1244,'SOIN',186,1,1),
    ('2015-03-15 00:24:27','2015-03-15 00:24:27',1245,'SOKOKE',22,1,1),
    ('2015-03-15 00:24:27','2015-03-15 00:24:27',1246,'SOKONI',23,1,1),
    ('2015-03-15 00:24:27','2015-03-15 00:24:27',1247,'SOLAI',160,1,1),
    ('2015-03-15 00:24:27','2015-03-15 00:24:27',1248,'SOLIAT',186,1,1),
    ('2015-03-15 00:24:27','2015-03-15 00:24:27',1249,'SOLOLO',54,1,1),
    ('2015-03-15 00:24:27','2015-03-15 00:24:27',1250,'SONGHOR/SOBA',146,1,1),
    ('2015-03-15 00:24:27','2015-03-15 00:24:27',1251,'SONGOT',123,1,1),
    ('2015-03-15 00:24:27','2015-03-15 00:24:27',1252,'SOOK',126,1,1),
    ('2015-03-15 00:24:27','2015-03-15 00:24:27',1253,'SOSIAN',155,1,1),
    ('2015-03-15 00:24:27','2015-03-15 00:24:27',1254,'SOUTH BUKUSU',209,1,1),
    ('2015-03-15 00:24:27','2015-03-15 00:24:27',1255,'SOUTH C',6,1,1),
    ('2015-03-15 00:24:27','2015-03-15 00:24:27',1256,'SOUTH EAST ALEGO',226,1,1),
    ('2015-03-15 00:24:27','2015-03-15 00:24:27',1257,'SOUTH EAST NYAKACH',259,1,1),
    ('2015-03-15 00:24:27','2015-03-15 00:24:27',1258,'SOUTH GEM',225,1,1),
    ('2015-03-15 00:24:27','2015-03-15 00:24:27',1259,'SOUTH KABRAS',194,1,1),
    ('2015-03-15 00:24:27','2015-03-15 00:24:27',1260,'SOUTH KAMAGAMBO',240,1,1),
    ('2015-03-15 00:24:27','2015-03-15 00:24:27',1261,'SOUTH KANYAMKAGO',239,1,1),
    ('2015-03-15 00:24:27','2015-03-15 00:24:27',1262,'SOUTH KASIPUL',228,1,1),
    ('2015-03-15 00:24:27','2015-03-15 00:24:27',1263,'SOUTH MARAGOLI',203,1,1),
    ('2015-03-15 00:24:27','2015-03-15 00:24:27',1264,'SOUTH SAKWA',237,1,1),
    ('2015-03-15 00:24:27','2015-03-15 00:24:27',1265,'SOUTH UYOMA',222,1,1),
    ('2015-03-15 00:24:27','2015-03-15 00:24:27',1266,'SOUTH WEST KISUMU',262,1,1),
    ('2015-03-15 00:24:27','2015-03-15 00:24:27',1267,'SOUTH WEST NYAKACH',259,1,1),
    ('2015-03-15 00:24:27','2015-03-15 00:24:27',1268,'SOY',136,1,1),
    ('2015-03-15 00:24:27','2015-03-15 00:24:27',1269,'SOY NORTH',142,1,1),
    ('2015-03-15 00:24:27','2015-03-15 00:24:27',1270,'SOY SOUTH',142,1,1),
    ('2015-03-15 00:24:27','2015-03-15 00:24:27',1271,'SOYSAMBU/ MITUA',210,1,1),
    ('2015-03-15 00:24:27','2015-03-15 00:24:27',1272,'SUAM',128,1,1),
    ('2015-03-15 00:24:27','2015-03-15 00:24:27',1273,'SUBUKIA',156,1,1),
    ('2015-03-15 00:24:27','2015-03-15 00:24:27',1274,'SUGUTA MARMAR',132,1,1),
    ('2015-03-15 00:24:27','2015-03-15 00:24:27',1275,'SUNA CENTRAL',286,1,1),
    ('2015-03-15 00:24:27','2015-03-15 00:24:27',1276,'SUSWA',172,1,1),
    ('2015-03-15 00:24:27','2015-03-15 00:24:27',1277,'SYOKIMAU/MULOLONGO',86,1,1),
    ('2015-03-15 00:24:27','2015-03-15 00:24:27',1278,'TABAKA',249,1,1),
    ('2015-03-15 00:24:27','2015-03-15 00:24:27',1279,'TAGARE',238,1,1),
    ('2015-03-15 00:24:27','2015-03-15 00:24:27',1280,'TAKABA',51,1,1),
    ('2015-03-15 00:24:27','2015-03-15 00:24:27',1281,'TAKABA SOUTH',51,1,1),
    ('2015-03-15 00:24:27','2015-03-15 00:24:27',1282,'TALA',82,1,1),
    ('2015-03-15 00:24:27','2015-03-15 00:24:27',1283,'TAMBACH',141,1,1),
    ('2015-03-15 00:24:27','2015-03-15 00:24:27',1284,'TAMBUA',200,1,1),
    ('2015-03-15 00:24:27','2015-03-15 00:24:27',1285,'TANGULBEI/KOROSSI',154,1,1),
    ('2015-03-15 00:24:27','2015-03-15 00:24:27',1286,'TAPACH',129,1,1),
    ('2015-03-15 00:24:27','2015-03-15 00:24:27',1287,'TAPSAGOI',137,1,1),
    ('2015-03-15 00:24:27','2015-03-15 00:24:27',1288,'TARAKWA',138,1,1),
    ('2015-03-15 00:24:27','2015-03-15 00:24:27',1289,'TARBAJ',46,1,1),
    ('2015-03-15 00:24:27','2015-03-15 00:24:27',1290,'TEBERE',100,1,1),
    ('2015-03-15 00:24:27','2015-03-15 00:24:27',1291,'TEBESONIK',250,1,1),
    ('2015-03-15 00:24:27','2015-03-15 00:24:27',1292,'TEMBELIO',135,1,1),
    ('2015-03-15 00:24:27','2015-03-15 00:24:27',1293,'TENDENO/SORGET',187,1,1),
    ('2015-03-15 00:24:27','2015-03-15 00:24:27',1294,'TENGES',149,1,1),
    ('2015-03-15 00:24:27','2015-03-15 00:24:27',1295,'TERIK',147,1,1),
    ('2015-03-15 00:24:27','2015-03-15 00:24:27',1296,'TEZO',23,1,1),
    ('2015-03-15 00:24:27','2015-03-15 00:24:27',1297,'THANGATHA',65,1,1),
    ('2015-03-15 00:24:27','2015-03-15 00:24:27',1298,'THANGE',183,1,1),
    ('2015-03-15 00:24:27','2015-03-15 00:24:27',1299,'THARAKA',283,1,1),
    ('2015-03-15 00:24:27','2015-03-15 00:24:27',1300,'THEGU RIVER',91,1,1),
    ('2015-03-15 00:24:27','2015-03-15 00:24:27',1301,'THETA',117,1,1),
    ('2015-03-15 00:24:27','2015-03-15 00:24:27',1302,'THIBA',100,1,1),
    ('2015-03-15 00:24:27','2015-03-15 00:24:27',1303,'THINGITHU',289,1,1),
    ('2015-03-15 00:24:27','2015-03-15 00:24:27',1304,'TIGITHI',289,1,1),
    ('2015-03-15 00:24:27','2015-03-15 00:24:27',1305,'TIMAU',62,1,1),
    ('2015-03-15 00:24:27','2015-03-15 00:24:27',1306,'TIMBWANI',16,1,1),
    ('2015-03-15 00:24:27','2015-03-15 00:24:27',1307,'TINDIRET',146,1,1),
    ('2015-03-15 00:24:27','2015-03-15 00:24:27',1308,'TINET',157,1,1),
    ('2015-03-15 00:24:27','2015-03-15 00:24:27',1309,'TING\'ANG\'A',119,1,1),
    ('2015-03-15 00:24:27','2015-03-15 00:24:27',1310,'TIRIOKO',154,1,1),
    ('2015-03-15 00:24:27','2015-03-15 00:24:27',1311,'TIWI',18,1,1),
    ('2015-03-15 00:24:27','2015-03-15 00:24:27',1312,'TONGAREN',210,1,1),
    ('2015-03-15 00:24:27','2015-03-15 00:24:27',1313,'TONONOKA',13,1,1),
    ('2015-03-15 00:24:27','2015-03-15 00:24:27',1314,'TOWNSHIP',205,1,1),
    ('2015-03-15 00:24:27','2015-03-15 00:24:27',1315,'TSEIKURU',283,1,1),
    ('2015-03-15 00:24:27','2015-03-15 00:24:27',1316,'TSIMBA GOLINI',18,1,1),
    ('2015-03-15 00:24:27','2015-03-15 00:24:27',1317,'TUDOR',13,1,1),
    ('2015-03-15 00:24:27','2015-03-15 00:24:27',1318,'TULIMANI',179,1,1),
    ('2015-03-15 00:24:27','2015-03-15 00:24:27',1319,'TULWET/CHUIYAT',138,1,1),
    ('2015-03-15 00:24:27','2015-03-15 00:24:27',1320,'TURBI',53,1,1),
    ('2015-03-15 00:24:27','2015-03-15 00:24:27',1321,'TURI',165,1,1),
    ('2015-03-15 00:24:27','2015-03-15 00:24:27',1322,'TURKWEL',124,1,1),
    ('2015-03-15 00:24:27','2015-03-15 00:24:27',1323,'TUWANI',269,1,1),
    ('2015-03-15 00:24:27','2015-03-15 00:24:27',1324,'UGUNJA',224,1,1),
    ('2015-03-15 00:24:27','2015-03-15 00:24:27',1325,'UKIA',181,1,1),
    ('2015-03-15 00:24:27','2015-03-15 00:24:27',1326,'UKUNDA',20,1,1),
    ('2015-03-15 00:24:27','2015-03-15 00:24:27',1327,'UKWALA',221,1,1),
    ('2015-03-15 00:24:27','2015-03-15 00:24:27',1328,'UMANDE',289,1,1),
    ('2015-03-15 00:24:27','2015-03-15 00:24:27',1329,'UMOJA I',275,1,1),
    ('2015-03-15 00:24:27','2015-03-15 00:24:27',1330,'UMOJA II',275,1,1),
    ('2015-03-15 00:24:27','2015-03-15 00:24:27',1331,'UPPER KAEWA/IVETI',87,1,1),
    ('2015-03-15 00:24:27','2015-03-15 00:24:27',1332,'UPPER SAVANNAH',276,1,1),
    ('2015-03-15 00:24:27','2015-03-15 00:24:27',1333,'URAN',54,1,1),
    ('2015-03-15 00:24:27','2015-03-15 00:24:27',1334,'USONGA',226,1,1),
    ('2015-03-15 00:24:27','2015-03-15 00:24:27',1335,'UTALII',9,1,1),
    ('2015-03-15 00:24:27','2015-03-15 00:24:27',1336,'UTAWALA',276,1,1),
    ('2015-03-15 00:24:27','2015-03-15 00:24:27',1337,'UTHIRU',108,1,1),
    ('2015-03-15 00:24:27','2015-03-15 00:24:27',1338,'UTHIRU/RUTHIMITU',7,1,1),
    ('2015-03-15 00:24:27','2015-03-15 00:24:27',1339,'VANGA',19,1,1),
    ('2015-03-15 00:24:27','2015-03-15 00:24:27',1340,'VISOI',160,1,1),
    ('2015-03-15 00:24:27','2015-03-15 00:24:27',1341,'VIWANDANI',280,1,1),
    ('2015-03-15 00:24:27','2015-03-15 00:24:27',1342,'VOO/KYAMATU',75,1,1),
    ('2015-03-15 00:24:27','2015-03-15 00:24:27',1343,'WAA',18,1,1),
    ('2015-03-15 00:24:27','2015-03-15 00:24:27',1344,'WABERA',57,1,1),
    ('2015-03-15 00:24:27','2015-03-15 00:24:27',1345,'WABERI',40,1,1),
    ('2015-03-15 00:24:27','2015-03-15 00:24:27',1346,'WAGBERI',48,1,1),
    ('2015-03-15 00:24:27','2015-03-15 00:24:27',1347,'WAIA-KAKO',179,1,1),
    ('2015-03-15 00:24:27','2015-03-15 00:24:27',1348,'WAITA',282,1,1),
    ('2015-03-15 00:24:27','2015-03-15 00:24:27',1349,'WAITALUK',271,1,1),
    ('2015-03-15 00:24:27','2015-03-15 00:24:27',1350,'WAITHAKA',7,1,1),
    ('2015-03-15 00:24:27','2015-03-15 00:24:27',1351,'WALDAI',184,1,1),
    ('2015-03-15 00:24:27','2015-03-15 00:24:27',1352,'WAMAGANA',94,1,1),
    ('2015-03-15 00:24:27','2015-03-15 00:24:27',1353,'WAMBA EAST',133,1,1),
    ('2015-03-15 00:24:27','2015-03-15 00:24:27',1354,'WAMBA NORTH',133,1,1),
    ('2015-03-15 00:24:27','2015-03-15 00:24:27',1355,'WAMBA WEST',133,1,1),
    ('2015-03-15 00:24:27','2015-03-15 00:24:27',1356,'WAMUMU',100,1,1),
    ('2015-03-15 00:24:27','2015-03-15 00:24:27',1357,'WAMUNYU',83,1,1),
    ('2015-03-15 00:24:27','2015-03-15 00:24:27',1358,'WANGCHIENG',230,1,1),
    ('2015-03-15 00:24:27','2015-03-15 00:24:27',1359,'WANGU',106,1,1),
    ('2015-03-15 00:24:27','2015-03-15 00:24:27',1360,'WANJOHI',88,1,1),
    ('2015-03-15 00:24:27','2015-03-15 00:24:27',1361,'WARANQARA',273,1,1),
    ('2015-03-15 00:24:27','2015-03-15 00:24:27',1362,'WARGADUD',49,1,1),
    ('2015-03-15 00:24:27','2015-03-15 00:24:27',1363,'WASEGES',156,1,1),
    ('2015-03-15 00:24:27','2015-03-15 00:24:27',1364,'WASIMBETE',287,1,1),
    ('2015-03-15 00:24:27','2015-03-15 00:24:27',1365,'WASO',133,1,1),
    ('2015-03-15 00:24:27','2015-03-15 00:24:27',1366,'WASWETA II',287,1,1),
    ('2015-03-15 00:24:27','2015-03-15 00:24:27',1367,'WATAMU',23,1,1),
    ('2015-03-15 00:24:27','2015-03-15 00:24:27',1368,'WAYU',28,1,1),
    ('2015-03-15 00:24:27','2015-03-15 00:24:27',1369,'WEIWEI',127,1,1),
    ('2015-03-15 00:24:27','2015-03-15 00:24:27',1370,'WEMILABI',202,1,1),
    ('2015-03-15 00:24:27','2015-03-15 00:24:27',1371,'WERU',284,1,1),
    ('2015-03-15 00:24:27','2015-03-15 00:24:27',1372,'WERUGHA',33,1,1),
    ('2015-03-15 00:24:27','2015-03-15 00:24:27',1373,'WEST ALEGO',226,1,1),
    ('2015-03-15 00:24:27','2015-03-15 00:24:27',1374,'WEST ASEMBO',222,1,1),
    ('2015-03-15 00:24:27','2015-03-15 00:24:27',1375,'WEST BUKUSU',209,1,1),
    ('2015-03-15 00:24:27','2015-03-15 00:24:27',1376,'WEST BUNYORE',204,1,1),
    ('2015-03-15 00:24:27','2015-03-15 00:24:27',1377,'WEST GEM',227,1,1),
    ('2015-03-15 00:24:27','2015-03-15 00:24:27',1378,'WEST KABRAS',194,1,1),
    ('2015-03-15 00:24:27','2015-03-15 00:24:27',1379,'WEST KAMAGAK',228,1,1),
    ('2015-03-15 00:24:27','2015-03-15 00:24:27',1380,'WEST KANYAMKAGO',239,1,1),
    ('2015-03-15 00:24:27','2015-03-15 00:24:27',1381,'WEST KARACHUONYO',230,1,1),
    ('2015-03-15 00:24:27','2015-03-15 00:24:27',1382,'WEST KASIPUL',228,1,1),
    ('2015-03-15 00:24:27','2015-03-15 00:24:27',1383,'WEST KISUMU',262,1,1),
    ('2015-03-15 00:24:27','2015-03-15 00:24:27',1384,'WEST NALONDO',212,1,1),
    ('2015-03-15 00:24:27','2015-03-15 00:24:27',1385,'WEST NYAKACH',259,1,1),
    ('2015-03-15 00:24:27','2015-03-15 00:24:27',1386,'WEST SABATIA',201,1,1),
    ('2015-03-15 00:24:27','2015-03-15 00:24:27',1387,'WEST SAKWA',237,1,1),
    ('2015-03-15 00:24:27','2015-03-15 00:24:27',1388,'WEST SANG\'ALO',205,1,1),
    ('2015-03-15 00:24:27','2015-03-15 00:24:27',1389,'WEST SEME',260,1,1),
    ('2015-03-15 00:24:27','2015-03-15 00:24:27',1390,'WEST UGENYA',221,1,1),
    ('2015-03-15 00:24:27','2015-03-15 00:24:27',1391,'WEST UYOMA',222,1,1),
    ('2015-03-15 00:24:27','2015-03-15 00:24:27',1392,'WEST YIMBO',223,1,1),
    ('2015-03-15 00:24:27','2015-03-15 00:24:27',1393,'WIGA',287,1,1),
    ('2015-03-15 00:24:27','2015-03-15 00:24:27',1394,'WITEITHIE',117,1,1),
    ('2015-03-15 00:24:27','2015-03-15 00:24:27',1395,'WITU',31,1,1),
    ('2015-03-15 00:24:27','2015-03-15 00:24:27',1396,'WODANGA',201,1,1),
    ('2015-03-15 00:24:27','2015-03-15 00:24:27',1397,'WOODLEY/KENYATTA GOLF COURSE',10,1,1),
    ('2015-03-15 00:24:27','2015-03-15 00:24:27',1398,'WOTE',180,1,1),
    ('2015-03-15 00:24:27','2015-03-15 00:24:27',1399,'WUMINGU/KISHUSHE',33,1,1),
    ('2015-03-15 00:24:27','2015-03-15 00:24:27',1400,'WUNDANYI/MBALE',33,1,1),
    ('2015-03-15 00:24:27','2015-03-15 00:24:27',1401,'WUSI/KISHAMBA',35,1,1),
    ('2015-03-15 00:24:27','2015-03-15 00:24:27',1402,'YALA TOWNSHIP',225,1,1),
    ('2015-03-15 00:24:27','2015-03-15 00:24:27',1403,'YIMBO EAST',223,1,1),
    ('2015-03-15 00:24:27','2015-03-15 00:24:27',1404,'ZIMMERMAN',4,1,1),
    ('2015-03-15 00:24:27','2015-03-15 00:24:27',1405,'ZIWA',136,1,1),
    ('2015-03-15 00:24:27','2015-03-15 00:24:27',1406,'ZIWA LA NG\'OMBE',15,1,1),
    ('2015-03-15 00:24:27','2015-03-15 00:24:27',1407,'ZIWANI/KARIOKOR',5,1,1),
    ('2015-03-15 00:24:27','2015-03-15 00:24:27',1408,'ZOMBE/MWITIKA',75,1,1);
ALTER TABLE `wards` ENABLE KEYS;
UNLOCK TABLES;




SET FOREIGN_KEY_CHECKS = @PREVIOUS_FOREIGN_KEY_CHECKS;
